评论ID,评论内容,商品名称,商品品牌,商品颜色规格,商品价格
2295825572682537702,手机运行速度很快，手感也不错,iQOO 15 100W闪充第五代骁龙8至尊版新款5G手机,iQOO,赛道版（16+1TB）,5499
2292812337641427215,性价比非常高,iQOO 15 100W闪充第五代骁龙8至尊版新款5G手机,iQOO,凌云（16+512G）,4999
2292799830772156781,运行顺畅，操作简便，用一段期时间再来评价。,iQOO 15 100W闪充第五代骁龙8至尊版新款5G手机,iQOO,凌云（16+1TB）,5499
2282816853526978582,凌云版的外壳好好看，实物比宣传图片还好看，儿子们选来专门玩游戏的，特别流畅。,iQOO 15 100W闪充第五代骁龙8至尊版新款5G手机,iQOO,凌云（16+512G）,4999
2326511607334570399,好用爱用，下次还用,iQOO 15 100W闪充第五代骁龙8至尊版新款5G手机,iQOO,传奇版（12+256G）,4199
2305907242030867087,待机时间长，外形简单大气，操作流畅，整理很不错,iQOO 15 100W闪充第五代骁龙8至尊版新款5G手机,iQOO,凌云（16+1TB）,5499
2305896219580308566,一个多月了，才发现这也是一部音乐手机。设置里面各种可设置音质，均衡器哈曼音可自己调。车载音质也好了,iQOO 15 100W闪充第五代骁龙8至尊版新款5G手机,iQOO,赛道版（16+256G）,4499
2295825712466106626,操作非常丝滑,iQOO 15 100W闪充第五代骁龙8至尊版新款5G手机,iQOO,传奇版（16+512G）,4999
2284994946194735440,手感好，个人觉得,iQOO 15 100W闪充第五代骁龙8至尊版新款5G手机,iQOO,凌云（12+512G）,4699
2317714253156456809,帮同事买的~很满意,iQOO 15 100W闪充第五代骁龙8至尊版新款5G手机,iQOO,赛道版（12+512G）,4699
2295825572682537702,手机运行速度很快，手感也不错,iQOO 15 100W闪充第五代骁龙8至尊版新款5G手机,iQOO,赛道版（16+1TB）,5499
2292812337641427215,性价比非常高,iQOO 15 100W闪充第五代骁龙8至尊版新款5G手机,iQOO,凌云（16+512G）,4999
2292799830772156781,运行顺畅，操作简便，用一段期时间再来评价。,iQOO 15 100W闪充第五代骁龙8至尊版新款5G手机,iQOO,凌云（16+1TB）,5499
2282816853526978582,凌云版的外壳好好看，实物比宣传图片还好看，儿子们选来专门玩游戏的，特别流畅。,iQOO 15 100W闪充第五代骁龙8至尊版新款5G手机,iQOO,凌云（16+512G）,4999
2326511607334570399,好用爱用，下次还用,iQOO 15 100W闪充第五代骁龙8至尊版新款5G手机,iQOO,传奇版（12+256G）,4199
2305907242030867087,待机时间长，外形简单大气，操作流畅，整理很不错,iQOO 15 100W闪充第五代骁龙8至尊版新款5G手机,iQOO,凌云（16+1TB）,5499
2305896219580308566,一个多月了，才发现这也是一部音乐手机。设置里面各种可设置音质，均衡器哈曼音可自己调。车载音质也好了,iQOO 15 100W闪充第五代骁龙8至尊版新款5G手机,iQOO,赛道版（16+256G）,4499
2295825712466106626,操作非常丝滑,iQOO 15 100W闪充第五代骁龙8至尊版新款5G手机,iQOO,传奇版（16+512G）,4999
2284994946194735440,手感好，个人觉得,iQOO 15 100W闪充第五代骁龙8至尊版新款5G手机,iQOO,凌云（12+512G）,4699
2317714253156456809,帮同事买的~很满意,iQOO 15 100W闪充第五代骁龙8至尊版新款5G手机,iQOO,赛道版（12+512G）,4699
2295825572682537702,手机运行速度很快，手感也不错,iQOO 15 100W闪充第五代骁龙8至尊版新款5G手机,iQOO,赛道版（16+1TB）,5499
2292812337641427215,性价比非常高,iQOO 15 100W闪充第五代骁龙8至尊版新款5G手机,iQOO,凌云（16+512G）,4999
2292799830772156781,运行顺畅，操作简便，用一段期时间再来评价。,iQOO 15 100W闪充第五代骁龙8至尊版新款5G手机,iQOO,凌云（16+1TB）,5499
2282816853526978582,凌云版的外壳好好看，实物比宣传图片还好看，儿子们选来专门玩游戏的，特别流畅。,iQOO 15 100W闪充第五代骁龙8至尊版新款5G手机,iQOO,凌云（16+512G）,4999
2326511607334570399,好用爱用，下次还用,iQOO 15 100W闪充第五代骁龙8至尊版新款5G手机,iQOO,传奇版（12+256G）,4199
2305907242030867087,待机时间长，外形简单大气，操作流畅，整理很不错,iQOO 15 100W闪充第五代骁龙8至尊版新款5G手机,iQOO,凌云（16+1TB）,5499
2305896219580308566,一个多月了，才发现这也是一部音乐手机。设置里面各种可设置音质，均衡器哈曼音可自己调。车载音质也好了,iQOO 15 100W闪充第五代骁龙8至尊版新款5G手机,iQOO,赛道版（16+256G）,4499
2295825712466106626,操作非常丝滑,iQOO 15 100W闪充第五代骁龙8至尊版新款5G手机,iQOO,传奇版（16+512G）,4999
2284994946194735440,手感好，个人觉得,iQOO 15 100W闪充第五代骁龙8至尊版新款5G手机,iQOO,凌云（12+512G）,4699
2317714253156456809,帮同事买的~很满意,iQOO 15 100W闪充第五代骁龙8至尊版新款5G手机,iQOO,赛道版（12+512G）,4699
2295825572682537702,手机运行速度很快，手感也不错,iQOO 15 100W闪充第五代骁龙8至尊版新款5G手机,iQOO,赛道版（16+1TB）,5499
2292812337641427215,性价比非常高,iQOO 15 100W闪充第五代骁龙8至尊版新款5G手机,iQOO,凌云（16+512G）,4999
2292799830772156781,运行顺畅，操作简便，用一段期时间再来评价。,iQOO 15 100W闪充第五代骁龙8至尊版新款5G手机,iQOO,凌云（16+1TB）,5499
2282816853526978582,凌云版的外壳好好看，实物比宣传图片还好看，儿子们选来专门玩游戏的，特别流畅。,iQOO 15 100W闪充第五代骁龙8至尊版新款5G手机,iQOO,凌云（16+512G）,4999
2326511607334570399,好用爱用，下次还用,iQOO 15 100W闪充第五代骁龙8至尊版新款5G手机,iQOO,传奇版（12+256G）,4199
2305907242030867087,待机时间长，外形简单大气，操作流畅，整理很不错,iQOO 15 100W闪充第五代骁龙8至尊版新款5G手机,iQOO,凌云（16+1TB）,5499
2305896219580308566,一个多月了，才发现这也是一部音乐手机。设置里面各种可设置音质，均衡器哈曼音可自己调。车载音质也好了,iQOO 15 100W闪充第五代骁龙8至尊版新款5G手机,iQOO,赛道版（16+256G）,4499
2295825712466106626,操作非常丝滑,iQOO 15 100W闪充第五代骁龙8至尊版新款5G手机,iQOO,传奇版（16+512G）,4999
2284994946194735440,手感好，个人觉得,iQOO 15 100W闪充第五代骁龙8至尊版新款5G手机,iQOO,凌云（12+512G）,4699
2317714253156456809,帮同事买的~很满意,iQOO 15 100W闪充第五代骁龙8至尊版新款5G手机,iQOO,赛道版（12+512G）,4699
2295825572682537702,手机运行速度很快，手感也不错,iQOO 15 100W闪充第五代骁龙8至尊版新款5G手机,iQOO,赛道版（16+1TB）,5499
2292812337641427215,性价比非常高,iQOO 15 100W闪充第五代骁龙8至尊版新款5G手机,iQOO,凌云（16+512G）,4999
2292799830772156781,运行顺畅，操作简便，用一段期时间再来评价。,iQOO 15 100W闪充第五代骁龙8至尊版新款5G手机,iQOO,凌云（16+1TB）,5499
2282816853526978582,凌云版的外壳好好看，实物比宣传图片还好看，儿子们选来专门玩游戏的，特别流畅。,iQOO 15 100W闪充第五代骁龙8至尊版新款5G手机,iQOO,凌云（16+512G）,4999
2326511607334570399,好用爱用，下次还用,iQOO 15 100W闪充第五代骁龙8至尊版新款5G手机,iQOO,传奇版（12+256G）,4199
2305907242030867087,待机时间长，外形简单大气，操作流畅，整理很不错,iQOO 15 100W闪充第五代骁龙8至尊版新款5G手机,iQOO,凌云（16+1TB）,5499
2305896219580308566,一个多月了，才发现这也是一部音乐手机。设置里面各种可设置音质，均衡器哈曼音可自己调。车载音质也好了,iQOO 15 100W闪充第五代骁龙8至尊版新款5G手机,iQOO,赛道版（16+256G）,4499
2295825712466106626,操作非常丝滑,iQOO 15 100W闪充第五代骁龙8至尊版新款5G手机,iQOO,传奇版（16+512G）,4999
2284994946194735440,手感好，个人觉得,iQOO 15 100W闪充第五代骁龙8至尊版新款5G手机,iQOO,凌云（12+512G）,4699
2317714253156456809,帮同事买的~很满意,iQOO 15 100W闪充第五代骁龙8至尊版新款5G手机,iQOO,赛道版（12+512G）,4699
2295825572682537702,手机运行速度很快，手感也不错,iQOO 15 100W闪充第五代骁龙8至尊版新款5G手机,iQOO,赛道版（16+1TB）,5499
2292812337641427215,性价比非常高,iQOO 15 100W闪充第五代骁龙8至尊版新款5G手机,iQOO,凌云（16+512G）,4999
2292799830772156781,运行顺畅，操作简便，用一段期时间再来评价。,iQOO 15 100W闪充第五代骁龙8至尊版新款5G手机,iQOO,凌云（16+1TB）,5499
2282816853526978582,凌云版的外壳好好看，实物比宣传图片还好看，儿子们选来专门玩游戏的，特别流畅。,iQOO 15 100W闪充第五代骁龙8至尊版新款5G手机,iQOO,凌云（16+512G）,4999
2326511607334570399,好用爱用，下次还用,iQOO 15 100W闪充第五代骁龙8至尊版新款5G手机,iQOO,传奇版（12+256G）,4199
2305907242030867087,待机时间长，外形简单大气，操作流畅，整理很不错,iQOO 15 100W闪充第五代骁龙8至尊版新款5G手机,iQOO,凌云（16+1TB）,5499
2305896219580308566,一个多月了，才发现这也是一部音乐手机。设置里面各种可设置音质，均衡器哈曼音可自己调。车载音质也好了,iQOO 15 100W闪充第五代骁龙8至尊版新款5G手机,iQOO,赛道版（16+256G）,4499
2295825712466106626,操作非常丝滑,iQOO 15 100W闪充第五代骁龙8至尊版新款5G手机,iQOO,传奇版（16+512G）,4999
2284994946194735440,手感好，个人觉得,iQOO 15 100W闪充第五代骁龙8至尊版新款5G手机,iQOO,凌云（12+512G）,4699
2317714253156456809,帮同事买的~很满意,iQOO 15 100W闪充第五代骁龙8至尊版新款5G手机,iQOO,赛道版（12+512G）,4699
2295825572682537702,手机运行速度很快，手感也不错,iQOO 15 100W闪充第五代骁龙8至尊版新款5G手机,iQOO,赛道版（16+1TB）,5499
2292812337641427215,性价比非常高,iQOO 15 100W闪充第五代骁龙8至尊版新款5G手机,iQOO,凌云（16+512G）,4999
2292799830772156781,运行顺畅，操作简便，用一段期时间再来评价。,iQOO 15 100W闪充第五代骁龙8至尊版新款5G手机,iQOO,凌云（16+1TB）,5499
2282816853526978582,凌云版的外壳好好看，实物比宣传图片还好看，儿子们选来专门玩游戏的，特别流畅。,iQOO 15 100W闪充第五代骁龙8至尊版新款5G手机,iQOO,凌云（16+512G）,4999
2326511607334570399,好用爱用，下次还用,iQOO 15 100W闪充第五代骁龙8至尊版新款5G手机,iQOO,传奇版（12+256G）,4199
2305907242030867087,待机时间长，外形简单大气，操作流畅，整理很不错,iQOO 15 100W闪充第五代骁龙8至尊版新款5G手机,iQOO,凌云（16+1TB）,5499
2305896219580308566,一个多月了，才发现这也是一部音乐手机。设置里面各种可设置音质，均衡器哈曼音可自己调。车载音质也好了,iQOO 15 100W闪充第五代骁龙8至尊版新款5G手机,iQOO,赛道版（16+256G）,4499
2295825712466106626,操作非常丝滑,iQOO 15 100W闪充第五代骁龙8至尊版新款5G手机,iQOO,传奇版（16+512G）,4999
2284994946194735440,手感好，个人觉得,iQOO 15 100W闪充第五代骁龙8至尊版新款5G手机,iQOO,凌云（12+512G）,4699
2317714253156456809,帮同事买的~很满意,iQOO 15 100W闪充第五代骁龙8至尊版新款5G手机,iQOO,赛道版（12+512G）,4699
2295825572682537702,手机运行速度很快，手感也不错,iQOO 15 100W闪充第五代骁龙8至尊版新款5G手机,iQOO,赛道版（16+1TB）,5499
2292812337641427215,性价比非常高,iQOO 15 100W闪充第五代骁龙8至尊版新款5G手机,iQOO,凌云（16+512G）,4999
2292799830772156781,运行顺畅，操作简便，用一段期时间再来评价。,iQOO 15 100W闪充第五代骁龙8至尊版新款5G手机,iQOO,凌云（16+1TB）,5499
2282816853526978582,凌云版的外壳好好看，实物比宣传图片还好看，儿子们选来专门玩游戏的，特别流畅。,iQOO 15 100W闪充第五代骁龙8至尊版新款5G手机,iQOO,凌云（16+512G）,4999
2326511607334570399,好用爱用，下次还用,iQOO 15 100W闪充第五代骁龙8至尊版新款5G手机,iQOO,传奇版（12+256G）,4199
2305907242030867087,待机时间长，外形简单大气，操作流畅，整理很不错,iQOO 15 100W闪充第五代骁龙8至尊版新款5G手机,iQOO,凌云（16+1TB）,5499
2305896219580308566,一个多月了，才发现这也是一部音乐手机。设置里面各种可设置音质，均衡器哈曼音可自己调。车载音质也好了,iQOO 15 100W闪充第五代骁龙8至尊版新款5G手机,iQOO,赛道版（16+256G）,4499
2295825712466106626,操作非常丝滑,iQOO 15 100W闪充第五代骁龙8至尊版新款5G手机,iQOO,传奇版（16+512G）,4999
2284994946194735440,手感好，个人觉得,iQOO 15 100W闪充第五代骁龙8至尊版新款5G手机,iQOO,凌云（12+512G）,4699
2317714253156456809,帮同事买的~很满意,iQOO 15 100W闪充第五代骁龙8至尊版新款5G手机,iQOO,赛道版（12+512G）,4699
2295825572682537702,手机运行速度很快，手感也不错,iQOO 15 100W闪充第五代骁龙8至尊版新款5G手机,iQOO,赛道版（16+1TB）,5499
2292812337641427215,性价比非常高,iQOO 15 100W闪充第五代骁龙8至尊版新款5G手机,iQOO,凌云（16+512G）,4999
2292799830772156781,运行顺畅，操作简便，用一段期时间再来评价。,iQOO 15 100W闪充第五代骁龙8至尊版新款5G手机,iQOO,凌云（16+1TB）,5499
2282816853526978582,凌云版的外壳好好看，实物比宣传图片还好看，儿子们选来专门玩游戏的，特别流畅。,iQOO 15 100W闪充第五代骁龙8至尊版新款5G手机,iQOO,凌云（16+512G）,4999
2326511607334570399,好用爱用，下次还用,iQOO 15 100W闪充第五代骁龙8至尊版新款5G手机,iQOO,传奇版（12+256G）,4199
2305907242030867087,待机时间长，外形简单大气，操作流畅，整理很不错,iQOO 15 100W闪充第五代骁龙8至尊版新款5G手机,iQOO,凌云（16+1TB）,5499
2305896219580308566,一个多月了，才发现这也是一部音乐手机。设置里面各种可设置音质，均衡器哈曼音可自己调。车载音质也好了,iQOO 15 100W闪充第五代骁龙8至尊版新款5G手机,iQOO,赛道版（16+256G）,4499
2295825712466106626,操作非常丝滑,iQOO 15 100W闪充第五代骁龙8至尊版新款5G手机,iQOO,传奇版（16+512G）,4999
2284994946194735440,手感好，个人觉得,iQOO 15 100W闪充第五代骁龙8至尊版新款5G手机,iQOO,凌云（12+512G）,4699
2317714253156456809,帮同事买的~很满意,iQOO 15 100W闪充第五代骁龙8至尊版新款5G手机,iQOO,赛道版（12+512G）,4699
2295825572682537702,手机运行速度很快，手感也不错,iQOO 15 100W闪充第五代骁龙8至尊版新款5G手机,iQOO,赛道版（16+1TB）,5499
2292812337641427215,性价比非常高,iQOO 15 100W闪充第五代骁龙8至尊版新款5G手机,iQOO,凌云（16+512G）,4999
2292799830772156781,运行顺畅，操作简便，用一段期时间再来评价。,iQOO 15 100W闪充第五代骁龙8至尊版新款5G手机,iQOO,凌云（16+1TB）,5499
2282816853526978582,凌云版的外壳好好看，实物比宣传图片还好看，儿子们选来专门玩游戏的，特别流畅。,iQOO 15 100W闪充第五代骁龙8至尊版新款5G手机,iQOO,凌云（16+512G）,4999
2326511607334570399,好用爱用，下次还用,iQOO 15 100W闪充第五代骁龙8至尊版新款5G手机,iQOO,传奇版（12+256G）,4199
2305907242030867087,待机时间长，外形简单大气，操作流畅，整理很不错,iQOO 15 100W闪充第五代骁龙8至尊版新款5G手机,iQOO,凌云（16+1TB）,5499
2305896219580308566,一个多月了，才发现这也是一部音乐手机。设置里面各种可设置音质，均衡器哈曼音可自己调。车载音质也好了,iQOO 15 100W闪充第五代骁龙8至尊版新款5G手机,iQOO,赛道版（16+256G）,4499
2295825712466106626,操作非常丝滑,iQOO 15 100W闪充第五代骁龙8至尊版新款5G手机,iQOO,传奇版（16+512G）,4999
2284994946194735440,手感好，个人觉得,iQOO 15 100W闪充第五代骁龙8至尊版新款5G手机,iQOO,凌云（12+512G）,4699
2317714253156456809,帮同事买的~很满意,iQOO 15 100W闪充第五代骁龙8至尊版新款5G手机,iQOO,赛道版（12+512G）,4699
