评分,评论内容,评论时间,商品规格,清洗后评论,分词后评论,来源文件,情感分值,情感倾向
1,通信音质：音质很不错，还带凸显人声的功能，相当于智能降噪，太赞了！ 显示效果：屏幕配置很不错，分辨率很高，打游戏太爽了！ 其他特色：颜值超高，这个浅绿色很喜欢；100w的超级快充太牛了，分分钟就充满电了哈哈！,2026年2月9日,"{'机身颜色': '掠影绿', '存储容量': '12GB+512GB'}",通信音质音质很不错还带凸显人声的功能相当于智能降噪太赞了 显示效果屏幕配置很不错分辨率很高打游戏太爽了 其他特色颜值超高这个浅绿色很喜欢的超级快充太牛了分分钟就充满电了哈哈,通信 音质 音质 不错 凸显 人声 功能 相当于 智能 降噪 太赞 显示 效果 屏幕 配置 不错 分辨率 打游戏 太爽了 其他 特色 颜值 超高 这个 浅绿色 喜欢 超级 充太牛 分钟 充满 哈哈,商品9.csv,1.0,正向
1,手机质量特别不错，大品牌值得信赖，发的快递贼快，非常喜欢。,2026年2月28日,"{'机身颜色': '闪速黑', '存储容量': '12GB+256GB'}",手机质量特别不错大品牌值得信赖发的快递贼快非常喜欢,手机 质量 特别 不错 品牌 值得 信赖 快递 非常 喜欢,商品9.csv,0.9984,正向
1,手机没毛病啊！还是不错的！续航能力还可以吧！只刷短视频不玩游戏的话10小时40分钟剩下百分之51的电量！8300毫安的电池亮屏时间没有想象中那么惊艳的感觉！,2026年3月1日,"{'机身颜色': '闪速黑', '存储容量': '12GB+256GB'}",手机没毛病啊还是不错的续航能力还可以吧只刷短视频不玩游戏的话小时分钟剩下百分之的电量毫安的电池亮屏时间没有想象中那么惊艳的感觉,手机 毛病 还是 不错 续航 能力 可以 视频 玩游戏 的话 小时 分钟 剩下 百分之 电量 毫安 电池 亮屏 时间 没有 想象 那么 惊艳 感觉,商品9.csv,0.9997,正向
1,该用户未填写评价内容,2026年2月23日,"{'机身颜色': '电光紫', '存储容量': '12GB+256GB'}",该用户未填写评价内容,用户 未填写 评价 内容,商品9.csv,0.0993,负向
1,物流快 产品反应快,2026年2月19日,"{'机身颜色': '闪速黑', '存储容量': '12GB+256GB'}",物流快 产品反应快,物流 产品 反应,商品9.csv,0.8587,正向
1,手机非常好，我用手机就打一下王者，别的也不玩，拍照也还可以，续航可以玩一天完全没有问题，物流的话很快，第二天就到了,2026年2月11日,"{'机身颜色': '掠影绿', '存储容量': '12GB+256GB'}",手机非常好我用手机就打一下王者别的也不玩拍照也还可以续航可以玩一天完全没有问题物流的话很快第二天就到了,手机 非常 手机 一下 王者 别的 拍照 可以 续航 可以 一天 完全 没有 问题 物流 的话 很快 第二天,商品9.csv,0.9823,正向
1,手机收到了，旗舰店的客服服务态度非常好，不仅专业且非常有耐心！商家发货速度也很快，用的顺丰发货的，手机非常漂亮！,2026年1月18日,"{'机身颜色': '掠影绿', '存储容量': '16GB+1TB'}",手机收到了旗舰店的客服服务态度非常好不仅专业且非常有耐心商家发货速度也很快用的顺丰发货的手机非常漂亮,手机 收到 旗舰店 客服 服务态度 非常 不仅 专业 非常 耐心 商家 发货 速度 很快 顺丰 发货 手机 非常 漂亮,商品9.csv,0.1164,负向
1,手机到手了，一加ace6t发发布会上就一眼相中了 屏幕素质非常好，业界165hz独一份，打手游非常爽 电池续航给到8000多毫安，甚至可以两天不充电满足了我这个强迫症的使用，价格也是比较实惠，性能完全够用，一加的系统非常流畅,2025年12月31日,"{'机身颜色': '闪速黑', '存储容量': '12GB+256GB'}",手机到手了一加发发布会上就一眼相中了 屏幕素质非常好业界独一份打手游非常爽 电池续航给到多毫安甚至可以两天不充电满足了我这个强迫症的使用价格也是比较实惠性能完全够用一加的系统非常流畅,手机 到手 一加发 发布会 一眼 相中 屏幕 素质 非常 业界 一份 打手 非常 电池 续航 毫安 甚至 可以 两天 充电 满足 这个 强迫症 使用 价格 比较 实惠 性能 完全 够用 一加 系统 非常 流畅,商品9.csv,0.9995,正向
1,已经蹲了好久了，一加ACE6T手机到货了立马用起来，感觉手感很舒服，看着很大气，磨砂感的背面也很有特色，特别是8300毫安的大电量用一天根本不成问题，还有系统165赫兹的高刷很流畅，拍照也挺清晰日常够。,2025年12月31日,"{'机身颜色': '电光紫', '存储容量': '12GB+256GB'}",已经蹲了好久了一加手机到货了立马用起来感觉手感很舒服看着很大气磨砂感的背面也很有特色特别是毫安的大电量用一天根本不成问题还有系统赫兹的高刷很流畅拍照也挺清晰日常够,已经 好久 一加 手机 到货 立马 起来 感觉 手感 舒服 看着 很大 磨砂 背面 特色 特别 毫安 电量 一天 根本 不成问题 还有 系统 赫兹 高刷 流畅 拍照 清晰 日常,商品9.csv,0.9999,正向
1,不要问我为什么没有拍手机的照片，因为手机已经给我家里人用了，所以现在拍不到了只能上传一些无关紧要的照片了，总之手机系统很流畅，很好用 ，电池容量超级大，充电速度很快,2026年1月26日,"{'机身颜色': '电光紫', '存储容量': '12GB+256GB'}",不要问我为什么没有拍手机的照片因为手机已经给我家里人用了所以现在拍不到了只能上传一些无关紧要的照片了总之手机系统很流畅很好用 电池容量超级大充电速度很快,不要 为什么 没有 手机 照片 因为 手机 已经 家里人 所以 现在 不到 只能 上传 一些 无关紧要 照片 总之 手机 系统 流畅 电池容量 超级 充电 速度 很快,商品9.csv,0.988,正向
1,快递非常快，非常靠谱，服务态度好，品牌过硬，给家人买非常合适值得推荐,2026年3月1日,"{'机身颜色': '电光紫', '存储容量': '12GB+256GB'}",快递非常快非常靠谱服务态度好品牌过硬给家人买非常合适值得推荐,快递 非常 非常 服务态度 品牌 过硬 家人 非常 合适 值得 推荐,商品9.csv,0.8161,正向
1,手机超级好，到手爱不释手，性能特别好，功能也很好，很丝滑流畅，电池耐用。本人需求是一个大内存，大电池容量，能很好打游戏的手机，这个手机性价比拉满，16gb加1T的硬存空间，8300ma电池，非重度游戏发烧友，这个手机简直就是满分超级好。而且AI功能烨超级好。用着很丝滑方便，特别好，喜欢打游戏，要求续航，和空间的就买这个。,2026年1月25日,"{'机身颜色': '闪速黑', '存储容量': '16GB+1TB'}",手机超级好到手爱不释手性能特别好功能也很好很丝滑流畅电池耐用本人需求是一个大内存大电池容量能很好打游戏的手机这个手机性价比拉满加的硬存空间电池非重度游戏发烧友这个手机简直就是满分超级好而且功能烨超级好用着很丝滑方便特别好喜欢打游戏要求续航和空间的就买这个,手机 超级 到手 爱不释手 性能 特别 功能 流畅 电池 耐用 本人 需求 一个 内存 电池容量 打游戏 手机 这个 手机 性价比 拉满加 硬存 空间 电池 重度 游戏 发烧友 这个 手机 简直 就是 满分 超级 而且 功能 超级 好用 方便 特别 喜欢 打游戏 要求 续航 空间 这个,商品9.csv,1.0,正向
1,刚用，觉得还行，打吃鸡耗电会快一点，王者没那么快，我不经常打游戏，拍照近的很清楚，远一点就不行了，只能二十倍，目前没什么问题,2025年12月30日,"{'机身颜色': '掠影绿', '存储容量': '12GB+256GB'}",刚用觉得还行打吃鸡耗电会快一点王者没那么快我不经常打游戏拍照近的很清楚远一点就不行了只能二十倍目前没什么问题,刚用 觉得 还行 耗电 会快 一点 王者 那么 经常 打游戏 拍照 清楚 一点 不行 只能 二十倍 目前 没什么 问题,商品9.csv,0.3642,负向
1,手机做工不错，屏幕清晰度高，主摄拍照也不错，物流也很快，早上九点收到手机时电量51%，用到晚上七点电量1%，总亮屏时间6个小时多。硬件也是顶级的，安兔兔在一般模式下跑分300万。,2026年1月16日,"{'机身颜色': '掠影绿', '存储容量': '12GB+512GB'}",手机做工不错屏幕清晰度高主摄拍照也不错物流也很快早上九点收到手机时电量用到晚上七点电量总亮屏时间个小时多硬件也是顶级的安兔兔在一般模式下跑分万,手机 做工 不错 屏幕 清晰度 高主摄 拍照 不错 物流 很快 早上 九点 收到 手机 电量 用到 晚上 七点 电量 总亮 时间 小时 硬件 顶级 安兔 一般 模式 分万,商品9.csv,1.0,正向
1,我去非常好啊，很nice，昨天下午买的今天早上就到了还是大过年的，这大年初一，太棒了吧，服务10分我给一百分，跟客服说了一下快点发货直接就是极速啊，OK呀兄弟也是非常流畅,2026年2月17日,"{'机身颜色': '掠影绿', '存储容量': '12GB+256GB'}",我去非常好啊很昨天下午买的今天早上就到了还是大过年的这大年初一太棒了吧服务分我给一百分跟客服说了一下快点发货直接就是极速啊呀兄弟也是非常流畅,非常 昨天下午 今天 早上 还是 大过年 大年初一 太棒了 服务 一百分 客服 一下 快点 发货 直接 就是 极速 啊呀 兄弟 非常 流畅,商品9.csv,0.9982,正向
1,手机给爸爸买的，做了几天的攻略，特地选这个超大电池，手机的手感还不错，开了护眼模式这样看起来也不会眼乏  这个价位很不错的,2026年1月6日,"{'机身颜色': '闪速黑', '存储容量': '12GB+256GB'}",手机给爸爸买的做了几天的攻略特地选这个超大电池手机的手感还不错开了护眼模式这样看起来也不会眼乏  这个价位很不错的,手机 爸爸 几天 攻略 特地 这个 超大 电池 手机 手感 不错 护眼 模式 这样 看起来 不会 眼乏 这个 价位 不错,商品9.csv,1.0,正向
1,1. 这款手机太赞了！颜值高续航强，拍照清晰不卡顿，性价比直接拉满，闭眼入不亏！ 2. 新机手感超舒服，运行流畅无压力，电池耐用充电快，日常使用完全够用，五星推荐。  3. 真心满意！屏幕显示效果好，性能稳定不发烫，价格还亲民，真的物超所值！ 4. 到货超快，包装完好。手机颜值在线，操作丝滑，拍照效果超出预期，太值了！ 5. 这款手机太给力了！续航持久，系统流畅，拍照清晰，百元机里的***，必须五星！ ,2025年12月31日,"{'机身颜色': '掠影绿', '存储容量': '16GB+1TB'}",这款手机太赞了颜值高续航强拍照清晰不卡顿性价比直接拉满闭眼入不亏  新机手感超舒服运行流畅无压力电池耐用充电快日常使用完全够用五星推荐   真心满意屏幕显示效果好性能稳定不发烫价格还亲民真的物超所值  到货超快包装完好手机颜值在线操作丝滑拍照效果超出预期太值了  这款手机太给力了续航持久系统流畅拍照清晰百元机里的必须五星,手机 太赞 颜值 续航 拍照 清晰 不卡顿 性价比 直接 拉满 闭眼 入不亏 新机 手感 舒服 运行 流畅 压力 电池 耐用 充电 日常 使用 完全 够用 五星 推荐 真心 满意 屏幕显示 效果 性能 稳定 不发 价格 亲民 真的 物超所值 到货 超快 包装 完好 手机 颜值 在线 操作 丝滑 拍照 效果 超出 预期 太值 手机 太给力 续航 持久 系统 流畅 拍照 清晰 百元 机里 必须 五星,商品9.csv,1.0,正向
1,很棒的设备，质量一流，谢谢OPPO！我怀念以前的OnePlus和Carl Pei。,2026年1月11日,"{'机身颜色': '闪速黑', '存储容量': '12GB+512GB'}",很棒的设备质量一流谢谢我怀念以前的和,很棒 设备 质量 一流 谢谢 怀念 以前,商品9.csv,0.9981,正向
1,续航能力好，充满电基本能玩一天，搭配第五代高通骁龙8芯片实在是高性价比。屏幕不错，玩久了也不会刺眼。,2026年1月11日,"{'机身颜色': '闪速黑', '存储容量': '12GB+256GB'}",续航能力好充满电基本能玩一天搭配第五代高通骁龙芯片实在是高性价比屏幕不错玩久了也不会刺眼,续航 能力 充满 基本 一天 搭配 第五代 高通 骁龙 芯片 实在是高 性价比 屏幕 不错 玩久 不会 刺眼,商品9.csv,0.9985,正向
1,收到货使用了几天以后，整体感觉非常不错，非常流 畅，续航真的不错，我拍照也很好，黑色非常大气，整体还是非常不错的，很喜欢，颜值还是很高，还好抢 到了国补太划算了，上手轻薄舒适，系统流畅不卡顿，拍照效果也超出预期，这个颜色越看越耐看~推荐入手！,2026年1月11日,"{'机身颜色': '闪速黑', '存储容量': '12GB+512GB'}",收到货使用了几天以后整体感觉非常不错非常流 畅续航真的不错我拍照也很好黑色非常大气整体还是非常不错的很喜欢颜值还是很高还好抢 到了国补太划算了上手轻薄舒适系统流畅不卡顿拍照效果也超出预期这个颜色越看越耐看推荐入手,收到 使用 几天 以后 整体 感觉 非常 不错 非常 续航 真的 不错 拍照 黑色 非常 大气 整体 还是 非常 不错 喜欢 颜值 还是 还好 国补 划算 轻薄 舒适 系统 流畅 不卡顿 拍照 效果 超出 预期 这个 颜色 耐看 推荐 入手,商品9.csv,1.0,正向
1,使用了几天，感觉还挺流畅，拍照也很清晰。通话也很清晰。还支持WiFi7。是我想要的那种。,2026年1月25日,"{'机身颜色': '掠影绿', '存储容量': '12GB+512GB'}",使用了几天感觉还挺流畅拍照也很清晰通话也很清晰还支持是我想要的那种,使用 几天 感觉 流畅 拍照 清晰 通话 清晰 支持 想要 那种,商品9.csv,0.9998,正向
1,我觉得还行当备用机用用很好 大屏充电快20分钟就能充满 发热没有想象中严重轻度游戏可以接受 没有拍照需求,2026年3月7日,"{'机身颜色': '电光紫', '存储容量': '12GB+256GB'}",我觉得还行当备用机用用很好 大屏充电快分钟就能充满 发热没有想象中严重轻度游戏可以接受 没有拍照需求,觉得 行当 备用机 用用 大屏 充电 分钟 充满 发热 没有 想象 严重 轻度 游戏 可以 接受 没有 拍照 需求,商品9.csv,0.9999,正向
1,好用，玩和平精英开165，开抗锯齿不卡不发热，我是选的画面流畅，其他超清满帧的没试,2026年1月16日,"{'机身颜色': '闪速黑', '存储容量': '16GB+256GB'}",好用玩和平精英开开抗锯齿不卡不发热我是选的画面流畅其他超清满帧的没试,好用 和平 精英 开开 抗锯齿 不卡 发热 画面 流畅 其他 超清满 没试,商品9.csv,0.992,正向
1,本来看图片不喜欢绿色的，但是去线下看了实物发现是很轻透的绿色，实物比官方图片好看，我就下手买啦！正好绿色跟圣诞节很配呢！,2025年12月24日,"{'机身颜色': '掠影绿', '存储容量': '16GB+1TB'}",本来看图片不喜欢绿色的但是去线下看了实物发现是很轻透的绿色实物比官方图片好看我就下手买啦正好绿色跟圣诞节很配呢,本来 图片 喜欢 绿色 但是 线下 实物 发现 轻透 绿色 实物 官方 图片 好看 下手 正好 绿色 圣诞节 很配,商品9.csv,0.988,正向
1,✨这款手机真的超出预期啦！🌟颜色是我喜欢的闪速黑，质感高级又耐脏～📱存储容量也很够用，下载 apps、存照片都毫无压力。💯整体和商家描述的完全一致，性价比超高，很满意这次购物！😊,2026年3月3日,"{'机身颜色': '闪速黑', '存储容量': '12GB+256GB'}",这款手机真的超出预期啦颜色是我喜欢的闪速黑质感高级又耐脏存储容量也很够用下载 存照片都毫无压力整体和商家描述的完全一致性价比超高很满意这次购物,手机 真的 超出 预期 颜色 喜欢 闪速 质感 高级 耐脏 存储容量 够用 下载 照片 毫无 压力 整体 商家 描述 完全一致 性价比 超高 满意 这次 购物,商品9.csv,0.9997,正向
1,🎉物流太惊喜啦~一天就收到货，拆开包裹的瞬间超开心✨ 手机颜值也在线，拿在手里质感满满，和描述的一样好看💖 这次购物体验很满意，会推荐给朋友的呢😊,2026年3月2日,"{'机身颜色': '掠影绿', '存储容量': '16GB+1TB'}",物流太惊喜啦一天就收到货拆开包裹的瞬间超开心 手机颜值也在线拿在手里质感满满和描述的一样好看 这次购物体验很满意会推荐给朋友的呢,物流 惊喜 一天 收到 拆开 包裹 瞬间 开心 手机 颜值 在线 手里 质感 满满 描述 一样 好看 这次 购物 体验 满意 推荐 朋友,商品9.csv,0.9997,正向
1,包装很好发货及时手机也很棒，电池大充电也特别快就是充的时候会发热不能边玩边充，手机也很灵敏滑动顺畅，玩了两天目前没有发现任何问题希望能用的久一些过几个月再来追评。,2026年3月1日,"{'机身颜色': '掠影绿', '存储容量': '12GB+256GB'}",包装很好发货及时手机也很棒电池大充电也特别快就是充的时候会发热不能边玩边充手机也很灵敏滑动顺畅玩了两天目前没有发现任何问题希望能用的久一些过几个月再来追评,包装 发货 及时 手机 很棒 电池 充电 特别 就是 时候 发热 不能 边玩 边充 手机 灵敏 滑动 顺畅 两天 目前 没有 发现 任何 问题 希望 能用 一些 几个 追评,商品9.csv,0.9891,正向
1,我收到手机就直接用上了，外观漂亮，用起来顺畅丝滑！我非常喜欢！,2026年2月5日,"{'机身颜色': '掠影绿', '存储容量': '12GB+256GB'}",我收到手机就直接用上了外观漂亮用起来顺畅丝滑我非常喜欢,收到 手机 直接 外观 漂亮 起来 顺畅 丝滑 非常 喜欢,商品9.csv,0.9991,正向
1,已经用了好多天了，的确非常满意，反应快，网络还稳定，屏幕也很好，主要是冲一下电可以用一天，很是适合我。,2026年1月8日,"{'机身颜色': '掠影绿', '存储容量': '12GB+512GB'}",已经用了好多天了的确非常满意反应快网络还稳定屏幕也很好主要是冲一下电可以用一天很是适合我,已经 好多天 的确 非常 满意 反应 网络 稳定 屏幕 主要 一下 可以 一天 适合,商品9.csv,0.9515,正向
1,国补拿下还不到2k  到手质感真的很好 反应很快 而且续航能能力真的很强，再也不用出门还要带充电宝了。爱了爱了。,2026年1月8日,"{'机身颜色': '闪速黑', '存储容量': '12GB+256GB'}",国补拿下还不到  到手质感真的很好 反应很快 而且续航能能力真的很强再也不用出门还要带充电宝了爱了爱了,国补 拿下 不到 到手 质感 真的 反应 很快 而且 续航 能力 真的 很强 再也 不用 出门 还要 充电,商品9.csv,0.9999,正向
1,用了两天来收货评价，感觉还行，游戏原神燕云画质都不错高画质没问题不卡顿，充一次电就平常用不一直打游戏或者一直刷视频能撑一天，充电很快,2026年2月24日,"{'机身颜色': '闪速黑', '存储容量': '16GB+1TB'}",用了两天来收货评价感觉还行游戏原神燕云画质都不错高画质没问题不卡顿充一次电就平常用不一直打游戏或者一直刷视频能撑一天充电很快,两天 收货 评价 感觉 游戏 原神燕云 画质 不错 高画质 问题 不卡顿 一次 平常 一直 打游戏 或者 一直 视频 能撑 一天 充电 很快,商品9.csv,0.9927,正向
1,很好用，性能好，运行流畅，非常完美 ,2026年2月23日,"{'机身颜色': '掠影绿', '存储容量': '16GB+1TB'}",很好用性能好运行流畅非常完美,性能 运行 流畅 非常 完美,商品9.csv,0.9998,正向
1,商家服务态度堪称完美，亲切热情。配货速度超快，瞬间发货。包装精美别致，令人喜欢。商品功能多样实用，质量一流，无可挑剔！,2026年1月7日,"{'机身颜色': '掠影绿', '存储容量': '12GB+256GB'}",商家服务态度堪称完美亲切热情配货速度超快瞬间发货包装精美别致令人喜欢商品功能多样实用质量一流无可挑剔,商家 服务态度 堪称 完美 亲切 热情 配货 速度 超快 瞬间 发货 包装 精美 别致 令人 喜欢 商品 功能 多样 实用 质量 一流 无可挑剔,商品9.csv,1.0,正向
1,牛油果色的手机背面，摄像头照相很清晰，下载了个王者dada，很顺畅，具体效果等我资料全部转到这个手机上再追评吧,2026年1月1日,"{'机身颜色': '掠影绿', '存储容量': '12GB+512GB'}",牛油果色的手机背面摄像头照相很清晰下载了个王者很顺畅具体效果等我资料全部转到这个手机上再追评吧,牛油果 手机 背面 摄像头 照相 清晰 下载 王者 顺畅 具体 效果 资料 全部 这个 手机 追评,商品9.csv,0.7092,中性
1,通信音质：很清晰 其他特色：很流畅  打游戏一点都不卡 电池还大 显示效果：很清晰,2026年1月13日,"{'机身颜色': '电光紫', '存储容量': '12GB+256GB'}",通信音质很清晰 其他特色很流畅  打游戏一点都不卡 电池还大 显示效果很清晰,通信 音质 清晰 其他 特色 流畅 打游戏 一点 不卡 电池 显示 效果 清晰,商品9.csv,1.0,正向
1,这款手机外欢大方简约，使用流畅，通话音质清晰，显示效果唯美*真，运行稳定，是正品机。,2026年1月6日,"{'机身颜色': '闪速黑', '存储容量': '12GB+256GB'}",这款手机外欢大方简约使用流畅通话音质清晰显示效果唯美真运行稳定是正品机,手机 外欢 大方 简约 使用 流畅 通话音质 清晰 显示 效果 唯美 运行 稳定 正品,商品9.csv,1.0,正向
1,产品非常好 电量两天了还有八十多电，打游戏不发热处理器牛 真的买到换手机了 全息音质那更爽了,2026年1月6日,"{'机身颜色': '掠影绿', '存储容量': '12GB+256GB'}",产品非常好 电量两天了还有八十多电打游戏不发热处理器牛 真的买到换手机了 全息音质那更爽了,产品 非常 电量 两天 还有 八十多 打游戏 发热 处理器 真的 买到 手机 全息 音质 更爽,商品9.csv,0.2376,负向
1,到手用了几天，主要是拿来打游戏，玩明日方舟和崩铁都还运行流畅，画质和声音都还可以，除了手机有点重之外都还好，没什么其他缺点，绿色清新漂亮，设计得也好看,2026年1月6日,"{'机身颜色': '掠影绿', '存储容量': '12GB+512GB'}",到手用了几天主要是拿来打游戏玩明日方舟和崩铁都还运行流畅画质和声音都还可以除了手机有点重之外都还好没什么其他缺点绿色清新漂亮设计得也好看,到手 几天 主要 拿来 打游戏 明日 方舟 崩铁 运行 流畅 画质 声音 可以 除了 手机 有点 之外 还好 没什么 其他 缺点 绿色 清新 漂亮 设计 好看,商品9.csv,1.0,正向
1,值得购买，上次用的就是一加ace2，所以这次还是选择了一加，一加还是性价比首选，我们全家都在用一加的手机。 通信音质：特别好 其他特色：续航牛* 显示效果：特别好,2025年12月31日,"{'机身颜色': '掠影绿', '存储容量': '12GB+256GB'}",值得购买上次用的就是一加所以这次还是选择了一加一加还是性价比首选我们全家都在用一加的手机 通信音质特别好 其他特色续航牛 显示效果特别好,值得 购买 上次 就是 一加 所以 这次 还是 选择 一加 一加 还是 性价比 首选 我们 全家 一加 手机 通信 音质 特别 其他 特色 续航 显示 效果 特别,商品9.csv,1.0,正向
1,非常满意！反应速度快，玩游戏很爽！国补优惠，店铺优惠，非常合适！我从一加3用到现在，一加越来越好！直播间直接拍了还能参加抽奖哈哈！,2026年1月12日,"{'机身颜色': '闪速黑', '存储容量': '16GB+1TB'}",非常满意反应速度快玩游戏很爽国补优惠店铺优惠非常合适我从一加用到现在一加越来越好直播间直接拍了还能参加抽奖哈哈,非常 满意 反应速度快 玩游戏 很爽 国补 优惠 店铺 优惠 非常 合适 一加 用到 现在 一加 越来越 直播间 直接 参加 抽奖 哈哈,商品9.csv,0.9998,正向
1,非常好 正品拿了国补 续航超级棒👍🏻  非常满意 东西质量很不错，超出我的想象力了，真的是便宜又实惠质量又到位，超级喜欢必须好评。,2026年1月12日,"{'机身颜色': '闪速黑', '存储容量': '12GB+256GB'}",非常好 正品拿了国补 续航超级棒  非常满意 东西质量很不错超出我的想象力了真的是便宜又实惠质量又到位超级喜欢必须好评,非常 正品 国补 续航 超级 非常 满意 东西 质量 不错 超出 想象力 真的 便宜 实惠 质量 到位 超级 喜欢 必须 好评,商品9.csv,1.0,正向
1,手机收到试用几天，手感非常好。美观又大方，电池容量很大嘎嘎嘎好用。继续使用后面再评价。,2026年1月5日,"{'机身颜色': '闪速黑', '存储容量': '12GB+256GB'}",手机收到试用几天手感非常好美观又大方电池容量很大嘎嘎嘎好用继续使用后面再评价,手机 收到 试用 几天 手感 非常 美观 大方 电池容量 很大 嘎嘎 继续 使用 后面 评价,商品9.csv,0.9981,正向
1,手机相对于这个价位算是比较完美的。虽然是阉割版的8gen5但完全够用了，玩游戏很流畅。16系统还是一如既往的好用，用惯了oppo，一加，其他系统总感觉不是很适应。当然它的手感也不错，续航更是顶，尤其看中它的8000多毫安的电池，一天一充无压力,2025年12月30日,"{'机身颜色': '闪速黑', '存储容量': '12GB+512GB'}",手机相对于这个价位算是比较完美的虽然是阉割版的但完全够用了玩游戏很流畅系统还是一如既往的好用用惯了一加其他系统总感觉不是很适应当然它的手感也不错续航更是顶尤其看中它的多毫安的电池一天一充无压力,手机 相对 这个 价位 算是 比较 完美 虽然 阉割 完全 够用 玩游戏 流畅 系统 还是 一如既往 用惯 一加 其他 系统 感觉 不是 适应 当然 手感 不错 续航 更是 尤其 看中 毫安 电池 一天 一充 压力,商品9.csv,1.0,正向
1,手机续航能力强，信号稳定使用很流畅，声音明亮显示效果不错，系统稳定不卡顿，手感不错送有手机壳，推荐的一款手机。,2025年12月25日,"{'机身颜色': '电光紫', '存储容量': '12GB+256GB'}",手机续航能力强信号稳定使用很流畅声音明亮显示效果不错系统稳定不卡顿手感不错送有手机壳推荐的一款手机,手机 续航 能力 信号 稳定 使用 流畅 声音 明亮 显示 效果 不错 系统 稳定 不卡顿 手感 不错 手机 推荐 一款 手机,商品9.csv,1.0,正向
1,给老爸换个新手机过年了 8300毫安大电池 屏幕也够大 老爸很喜欢 很流畅 就是安装软件时候还是有有点发热啊 ,2025年12月25日,"{'机身颜色': '掠影绿', '存储容量': '12GB+256GB'}",给老爸换个新手机过年了 毫安大电池 屏幕也够大 老爸很喜欢 很流畅 就是安装软件时候还是有有点发热啊,老爸 换个 新手机 过年 毫安 电池 屏幕 老爸 喜欢 流畅 就是 安装 软件 时候 还是 有点 发热,商品9.csv,0.9965,正向
1,物超所值，手机电池容量大，国补后很划算，手机165hz高刷新率，黑色耐脏，玩游戏无压力，不发热，非常满意。,2026年1月19日,"{'机身颜色': '闪速黑', '存储容量': '12GB+512GB'}",物超所值手机电池容量大国补后很划算手机高刷新率黑色耐脏玩游戏无压力不发热非常满意,物超所值 手机 电池容量 大国 补后 划算 手机 刷新率 黑色 耐脏 玩游戏 压力 发热 非常 满意,商品9.csv,0.9988,正向
1,一加Ace6T太香了！骁龙8 Gen5性能拉满，165Hz直屏丝滑护眼，8300mAh大电池告别续航焦虑，100W快充回血超快，日常使用、玩游戏都稳，性价比拉满！,2026年1月4日,"{'机身颜色': '掠影绿', '存储容量': '12GB+256GB'}",一加太香了骁龙 性能拉满直屏丝滑护眼大电池告别续航焦虑快充回血超快日常使用玩游戏都稳性价比拉满,一加 太香 骁龙 性能 拉满直 屏丝滑 护眼 电池 告别 续航 焦虑 快充 回血 超快 日常 使用 玩游戏 性价比 拉满,商品9.csv,1.0,正向
1,手机丝滑流畅，打游戏很舒服，续航久，处理器强劲，而且颜值还好看耐看，意外的是影像质量居然很不错👍,2025年12月29日,"{'机身颜色': '掠影绿', '存储容量': '12GB+256GB'}",手机丝滑流畅打游戏很舒服续航久处理器强劲而且颜值还好看耐看意外的是影像质量居然很不错,手机 丝滑 流畅 打游戏 舒服 续航 处理器 强劲 而且 颜值 好看 耐看 意外 影像 质量 居然 不错,商品9.csv,1.0,正向
1,手机非常好，电量非常的耐用，拍照的算法解析还可以。显示效果挺清晰的。。。这回算是买对了。,2025年12月29日,"{'机身颜色': '闪速黑', '存储容量': '12GB+256GB'}",手机非常好电量非常的耐用拍照的算法解析还可以显示效果挺清晰的这回算是买对了,手机 非常 电量 非常 耐用 拍照 算法 解析 可以 显示 效果 清晰 这回 算是,商品9.csv,0.9995,正向
1,外观简约耐看，采用丝绸玻璃工艺，手感磨砂细腻且不易沾染指纹，有「掠影绿」「电光紫」等配色，男女用户都适用。「掠影绿」配色调较淡，像透绿的翡翠；「电光紫」哑光配色高级有气场。微弧金属中框、大R角直屏设计，握持舒适，游戏时不影响操作。部分用户觉得背部设计简洁，适合手游玩家。 性能表现：性能强劲，搭载骁龙8 Gen5，安兔兔跑分轻松突破320万，运行流畅丝滑，后台应用留存率高，无恶意杀后台现象，应用启动快。游戏体验出色，「风驰游戏内核」让帧率调度积极，玩《和平精英》《原神》等游戏不降画质也流畅，配合「冰河散热系统」，机身微热。165Hz超高刷屏在游戏中优势明显，6.83英寸1.5K分辨率屏幕画面清晰，触控响应快，3200Hz瞬时触控采样率搭配触显同步架构，操作精准。,2025年12月27日,"{'机身颜色': '闪速黑', '存储容量': '12GB+256GB'}",外观简约耐看采用丝绸玻璃工艺手感磨砂细腻且不易沾染指纹有掠影绿电光紫等配色男女用户都适用掠影绿配色调较淡像透绿的翡翠电光紫哑光配色高级有气场微弧金属中框大角直屏设计握持舒适游戏时不影响操作部分用户觉得背部设计简洁适合手游玩家 性能表现性能强劲搭载骁龙 安兔兔跑分轻松突破万运行流畅丝滑后台应用留存率高无恶意杀后台现象应用启动快游戏体验出色风驰游戏内核让帧率调度积极玩和平精英原神等游戏不降画质也流畅配合冰河散热系统机身微热超高刷屏在游戏中优势明显英寸分辨率屏幕画面清晰触控响应快瞬时触控采样率搭配触显同步架构操作精准,外观 简约 耐看 采用 丝绸 玻璃工艺 手感 磨砂 细腻 不易 沾染 指纹 掠影 电光 配色 男女 用户 适用 掠影 配色 调较 淡像 透绿 翡翠 电光 紫哑光 配色 高级 气场 微弧 金属 中框 大角 直屏 设计 握持 舒适 游戏 影响 操作 部分 用户 觉得 背部 设计 简洁 适合 游玩 性能 表现 性能 强劲 搭载 骁龙 安兔 轻松 突破 运行 流畅 丝滑 后台 应用 留存 率高 恶意 后台 现象 应用 启动 游戏 体验 出色 风驰 游戏 内核 调度 积极 和平 精英 原神 游戏 不降 画质 流畅 配合 冰河 散热 系统 机身 微热 超高 刷屏 游戏 优势 明显 英寸 分辨率 屏幕 画面 清晰 触控 响应 瞬时 触控 采样率 搭配 触显 同步 架构 操作 精准,商品9.csv,1.0,正向
1,手机系统非常丝滑，用起来也非常好用，网速也蛮快的，打游戏蛮精准 ，性价比超高,2025年12月27日,"{'机身颜色': '闪速黑', '存储容量': '12GB+256GB'}",手机系统非常丝滑用起来也非常好用网速也蛮快的打游戏蛮精准 性价比超高,手机 系统 非常 丝滑用 起来 非常 好用 网速 打游戏 精准 性价比 超高,商品9.csv,0.9996,正向
1,没什么问题，用了一周了，比我之前那个手机好太多。显示效果用的鲜艳，有些人说屏幕不行，我觉得挺好的，适合自己的就是最好的。先买了还没彻底换过来当主力机，怕之后内存涨价了手机涨价涨价才提前买的，旧手机还能用段时间，这个新机就拿来打游戏用了。,2025年12月14日,"{'机身颜色': '闪速黑', '存储容量': '12GB+256GB'}",没什么问题用了一周了比我之前那个手机好太多显示效果用的鲜艳有些人说屏幕不行我觉得挺好的适合自己的就是最好的先买了还没彻底换过来当主力机怕之后内存涨价了手机涨价涨价才提前买的旧手机还能用段时间这个新机就拿来打游戏用了,没什么 问题 一周 之前 那个 手机 好太多 显示 效果 鲜艳 有些 屏幕 不行 觉得 适合 自己 就是 最好 先买 彻底 换过来 主力 机怕 之后 内存 涨价 手机 涨价 涨价 提前 手机 段时间 这个 新机 拿来 打游戏,商品9.csv,0.1249,负向
1,手机已经收到了，马上打开使用，充电速度非常快，玩游戏也卡顿，看视频非常清晰流畅，非常实用的一款手机！,2026年1月1日,"{'机身颜色': '闪速黑', '存储容量': '16GB+1TB'}",手机已经收到了马上打开使用充电速度非常快玩游戏也卡顿看视频非常清晰流畅非常实用的一款手机,手机 已经 收到 马上 打开 使用 充电 速度 非常 玩游戏 卡顿 视频 非常 清晰 流畅 非常 实用 一款 手机,商品9.csv,0.9998,正向
1,不管是对学生党还是游戏党，或者是商务人士，这款手机都是性价比拉满，高流畅度+大续航，值得入手,2026年1月1日,"{'机身颜色': '闪速黑', '存储容量': '12GB+256GB'}",不管是对学生党还是游戏党或者是商务人士这款手机都是性价比拉满高流畅度大续航值得入手,不管 学生 还是 游戏 或者 商务人士 手机 性价比 拉满 流畅 度大 续航 值得 入手,商品9.csv,1.0,正向
1,手机的外观和手感都很棒，屏幕确实够大，看视频和玩游戏体验很流畅，系统反应一点都不卡顿！价格也很亲民！总体体验很满意！支持国产，代表了国产机最高水准，值得信赖。等了几个月等到了活动价，很划算，性价比爆表。外观大气时尚，用起来流畅顺手~手机十分漂亮，质量很好，运行十分快，五星好评！很好很喜欢！,2026年1月1日,"{'机身颜色': '闪速黑', '存储容量': '16GB+1TB'}",手机的外观和手感都很棒屏幕确实够大看视频和玩游戏体验很流畅系统反应一点都不卡顿价格也很亲民总体体验很满意支持国产代表了国产机最高水准值得信赖等了几个月等到了活动价很划算性价比爆表外观大气时尚用起来流畅顺手手机十分漂亮质量很好运行十分快五星好评很好很喜欢,手机 外观 手感 很棒 屏幕 确实 视频 玩游戏 体验 流畅 系统 反应 一点 不卡顿 价格 亲民 总体 体验 满意 支持 国产 代表 国产机 最高 水准 值得 信赖 几个 等到 活动 划算 性价比 爆表 外观 大气 时尚 起来 流畅 顺手 手机 十分 漂亮 质量 运行 十分 五星 好评 喜欢,商品9.csv,1.0,正向
1,手机收到了，手感很好，快递小哥说是最近收到收到最好手感的一款，使用下来感觉很流畅，喜欢的，送父母挺好的,2026年1月1日,"{'机身颜色': '闪速黑', '存储容量': '12GB+256GB'}",手机收到了手感很好快递小哥说是最近收到收到最好手感的一款使用下来感觉很流畅喜欢的送父母挺好的,手机 收到 手感 快递 小哥 最近 收到 收到 最好 手感 一款 使用 下来 感觉 流畅 喜欢 父母,商品9.csv,0.9995,正向
1,东西还不错，挺好的，质感我觉得不错，金属的材质，物流也很快，下单当天收到，简直神速！非常棒！,2026年1月7日,"{'机身颜色': '电光紫', '存储容量': '12GB+256GB'}",东西还不错挺好的质感我觉得不错金属的材质物流也很快下单当天收到简直神速非常棒,东西 不错 质感 觉得 不错 金属 材质 物流 很快 下单 当天 收到 简直 神速 非常,商品9.csv,0.9997,正向
1,续航还行，我一般玩小游戏，也是需要一天一充…,2026年1月7日,"{'机身颜色': '掠影绿', '存储容量': '16GB+1TB'}",续航还行我一般玩小游戏也是需要一天一充,续航 还行 一般 小游戏 需要 一天 一充,商品9.csv,0.9736,正向
1,一加ACE6T手机质量很好流畅顺滑如丝。外观设计精致。做工好。系统好。物美价廉质优物美店家服务态度很好热情周到发货速度快，一加ACE6T值得购买！值得推荐！ 通信音质：音质清晰细腻 其他特色：好 显示效果：色彩非常鲜艳美,2025年12月17日,"{'机身颜色': '掠影绿', '存储容量': '12GB+512GB'}",一加手机质量很好流畅顺滑如丝外观设计精致做工好系统好物美价廉质优物美店家服务态度很好热情周到发货速度快一加值得购买值得推荐 通信音质音质清晰细腻 其他特色好 显示效果色彩非常鲜艳美,一加 手机 质量 流畅 顺滑 如丝 外观设计 精致 做工 系统 物美价廉 质优 物美 店家 服务态度 热情周到 发货 速度 一加 值得 购买 值得 推荐 通信 音质 音质 清晰 细腻 其他 特色 显示 效果 色彩 非常 鲜艳,商品9.csv,1.0,正向
1,一加 ACE6T 超大电池，千元价位体验直接拉满～ 机身轻薄手感佳，续航持久，性能体验超惊艳！ ,2025年12月31日,"{'机身颜色': '闪速黑', '存储容量': '16GB+1TB'}",一加  超大电池千元价位体验直接拉满 机身轻薄手感佳续航持久性能体验超惊艳,一加 超大 电池 千元 价位 体验 直接 拉满 机身 轻薄 手感 续航 持久性 体验 惊艳,商品9.csv,0.9999,正向
1, 屏幕清晰细腻，性能稳定流畅，外观精致，发货快服务好，一次满意的选择 运行快不卡顿，屏幕清晰护眼，外观简约高级，卖家服务周到，推荐！,2025年12月31日,"{'机身颜色': '电光紫', '存储容量': '12GB+256GB'}",屏幕清晰细腻性能稳定流畅外观精致发货快服务好一次满意的选择 运行快不卡顿屏幕清晰护眼外观简约高级卖家服务周到推荐,屏幕 清晰 细腻 性能 稳定 流畅 外观 精致 发货 服务 一次 满意 选择 运行 不卡顿 屏幕 清晰 护眼 外观 简约 高级 卖家 服务周到 推荐,商品9.csv,1.0,正向
1,这个配色看起来很舒适，发货也很快，一天就到了，必须好评,2026年3月1日,"{'机身颜色': '掠影绿', '存储容量': '12GB+256GB'}",这个配色看起来很舒适发货也很快一天就到了必须好评,这个 配色 看起来 舒适 发货 很快 一天 必须 好评,商品9.csv,0.935,正向
1,物流很快前天买后天就到,2026年2月27日,"{'机身颜色': '掠影绿', '存储容量': '16GB+1TB'}",物流很快前天买后天就到,物流 很快 前天 后天,商品9.csv,0.6896,中性
1,帮父母买的的，发货很快，就是最近国补不像之前一直有，价格起伏不定，才下单的,2026年1月13日,"{'机身颜色': '电光紫', '存储容量': '12GB+256GB'}",帮父母买的的发货很快就是最近国补不像之前一直有价格起伏不定才下单的,父母 发货 很快 就是 最近 国补 之前 一直 价格 起伏不定 下单,商品9.csv,0.9131,正向
1,给父母买的，电池容量大续航不错，系统也比较流畅,2026年1月13日,"{'机身颜色': '掠影绿', '存储容量': '12GB+256GB'}",给父母买的电池容量大续航不错系统也比较流畅,父母 电池容量 续航 不错 系统 比较 流畅,商品9.csv,0.9964,正向
1,代办点通知，提见纸盒被透明胶布封住大T字型破洞。心惊惊。机子上手游戏流畅，1小时耗约9%，拍照可放大20倍，余电20%充约40分钟左右满。外观稳重，通话清晰，触感灵敏。爱了，一加,2026年2月3日,"{'机身颜色': '闪速黑', '存储容量': '12GB+512GB'}",代办点通知提见纸盒被透明胶布封住大字型破洞心惊惊机子上手游戏流畅小时耗约拍照可放大倍余电充约分钟左右满外观稳重通话清晰触感灵敏爱了一加,代办点 通知 提见 纸盒 透明 胶布 封住 字型 破洞 心惊 机子 游戏 流畅 小时 耗约 拍照 放大 余电 充约 分钟 左右 外观 稳重 通话 清晰 触感 灵敏 一加,商品9.csv,0.9645,正向
1,刚拿到一加Ace6T一天，真心超出预期！选的掠影绿，丝绸玻璃背板摸起来细腻不沾指纹，光线下的流光纹理还挺有质感，直角中框边缘磨得圆润，握着手感比想象中舒服。   165Hz高刷屏真的绝，刷视频、划界面丝滑到上头，跟之前的老手机比落差超明显。屏下超声波指纹解锁太快了，手指碰上去秒进桌面，湿手也能精准识别，不用等不用搓。   最惊喜的是续航，满电出门折腾一天，刷社交软件、看剧、偶尔玩两把小游戏，晚上回家还剩50%多，大电池安全感拉满。100W闪充也给力，中午插了20分钟就充了大半，完全不用慌没电。   红外、NFC这些实用功能都配齐了，IP68防尘防水日常用着也安心，三千多价位能有这配置和质感，第一天用下来真的越用越喜欢！,2025年12月25日,"{'机身颜色': '掠影绿', '存储容量': '16GB+1TB'}",刚拿到一加一天真心超出预期选的掠影绿丝绸玻璃背板摸起来细腻不沾指纹光线下的流光纹理还挺有质感直角中框边缘磨得圆润握着手感比想象中舒服   高刷屏真的绝刷视频划界面丝滑到上头跟之前的老手机比落差超明显屏下超声波指纹解锁太快了手指碰上去秒进桌面湿手也能精准识别不用等不用搓   最惊喜的是续航满电出门折腾一天刷社交软件看剧偶尔玩两把小游戏晚上回家还剩多大电池安全感拉满闪充也给力中午插了分钟就充了大半完全不用慌没电   红外这些实用功能都配齐了防尘防水日常用着也安心三千多价位能有这配置和质感第一天用下来真的越用越喜欢,拿到 一加 一天 真心 超出 预期 掠影 丝绸 玻璃 背板 起来 细腻 指纹 光线 流光 纹理 质感 直角 中框 边缘 磨得 圆润 手感 想象 舒服 刷屏 真的 绝刷 视频 界面 丝滑 上头 之前 手机 落差 明显 屏下 超声波 指纹 解锁 太快 手指 碰上 桌面 湿手 精准 识别 不用 不用 惊喜 续航 满电 出门 折腾 一天 社交 软件 看剧 偶尔 两把 小游戏 晚上 回家 剩多大 电池 安全感 拉满 闪充 中午 分钟 大半 完全 不用 没电 红外 这些 实用功能 配齐 防尘 防水 日常 安心 三千多 价位 配置 质感 第一天 下来 真的 越用 喜欢,商品9.csv,1.0,正向
1,8300mAh的电池容量有点惊艳，外观设计好看，OPPO的品控好！新出的手机性价比高！,2025年12月25日,"{'机身颜色': '电光紫', '存储容量': '12GB+256GB'}",的电池容量有点惊艳外观设计好看的品控好新出的手机性价比高,电池容量 有点 惊艳 外观设计 好看 品控 新出 手机 性价比,商品9.csv,0.9974,正向
1,oppo的老用户了，看中了6t的颜值和续航，这个芯片给家人用完全没问题。性价比非常高，客服也很好，耐心解答问题。点赞,2025年12月30日,"{'机身颜色': '电光紫', '存储容量': '12GB+256GB'}",的老用户了看中了的颜值和续航这个芯片给家人用完全没问题性价比非常高客服也很好耐心解答问题点赞,用户 看中 颜值 续航 这个 芯片 家人 完全 问题 性价比 非常 客服 耐心 解答 问题 点赞,商品9.csv,0.9995,正向
1,手机收到了，使用很流畅，相机拍照清晰,2025年12月30日,"{'机身颜色': '掠影绿', '存储容量': '16GB+1TB'}",手机收到了使用很流畅相机拍照清晰,手机 收到 使用 流畅 相机 拍照 清晰,商品9.csv,0.9898,正向
1,刚拿到一加Ace 6T，开箱第一眼就被颜值惊艳到了，机身质感超棒！开机后操作特别流畅，屏幕触控反应也快，新机上手的手感和流畅度都超出预期，太喜欢啦！,2025年12月30日,"{'机身颜色': '闪速黑', '存储容量': '12GB+256GB'}",刚拿到一加 开箱第一眼就被颜值惊艳到了机身质感超棒开机后操作特别流畅屏幕触控反应也快新机上手的手感和流畅度都超出预期太喜欢啦,拿到 一加 开箱 第一眼 颜值 惊艳 机身 质感 超棒 开机 操作 特别 流畅 屏幕 触控 反应 机上 手感 流畅 超出 预期 喜欢,商品9.csv,0.9999,正向
1,✨手机收到啦，包装完好没有破损呢～📱黑色机身很耐看，手感也不错，内存容量够用，日常使用很流畅～💯和描述的一样，没有差别，整体挺满意的！👍,2025年12月30日,"{'机身颜色': '闪速黑', '存储容量': '12GB+512GB'}",手机收到啦包装完好没有破损呢黑色机身很耐看手感也不错内存容量够用日常使用很流畅和描述的一样没有差别整体挺满意的,手机 收到 包装 完好 没有 破损 黑色 机身 耐看 手感 不错 内存容量 够用 日常 使用 流畅 描述 一样 没有 差别 整体 满意,商品9.csv,0.9999,正向
1, 性价比直接拉满的一款手机！颜值戳中审美，轻薄机身搭配好看的配色，拿在手里辨识度超高。屏幕护眼效果很棒，长时间刷手机眼睛,2025年12月30日,"{'机身颜色': '掠影绿', '存储容量': '12GB+512GB'}",性价比直接拉满的一款手机颜值戳中审美轻薄机身搭配好看的配色拿在手里辨识度超高屏幕护眼效果很棒长时间刷手机眼睛,性价比 直接 拉满 一款 手机 颜值 审美 轻薄 机身 搭配 好看 配色 手里 辨识 超高 屏幕 护眼 效果 很棒 长时间 手机 眼睛,商品9.csv,0.9999,正向
1,手机收到了，很开心，包装很好看，这是第二次买一加的手机了，很好用，经济实惠物超所值,2026年1月4日,"{'机身颜色': '闪速黑', '存储容量': '12GB+256GB'}",手机收到了很开心包装很好看这是第二次买一加的手机了很好用经济实惠物超所值,手机 收到 开心 包装 好看 这是 第二次 一加 手机 经济 实惠 物超所值,商品9.csv,0.9998,正向
1,手机使用起来很好，打游戏很流畅，画质很高，开165帧有次非常清晰，充电也很快，电池容量够大。很满意,2026年1月4日,"{'机身颜色': '掠影绿', '存储容量': '12GB+256GB'}",手机使用起来很好打游戏很流畅画质很高开帧有次非常清晰充电也很快电池容量够大很满意,手机 使用 起来 打游戏 流畅 画质 高开 有次 非常 清晰 充电 很快 电池容量 满意,商品9.csv,1.0,正向
1,入手了一加Ace6T基础版，在绿色和黑色之间犹豫，最后还是选了绿色，这个淡淡的绿质感确实不错，很内敛很纯粹。对比了Ace6，两款机器在外观上非常相似，背面最直接的区别就是Ace6T的Deco上没有Ace的标识，其他基本上没啥区别了，Ace6T的这个Deco是金属材质，边框也是金属材质，在2000出头的价位上，能做到这一点已经很好了。 一加Ace6T的配置也很顶，165Hz的高刷屏，第五代骁龙8处理器，8300mAh电池+100W超级闪充，超声波指纹解锁，满级防尘防水，2399元起的售价，如果能领到国补，到手的价格可以做到2100元出头，在内存芯片涨价这么厉害的情况下，这样的售价应该是很有诚意了。 手机到手还没有太深入的体验，现在给我最直观的感受就是电池真的耐用，从包装盒里拆出来，然后充满电，开始捣腾各种游戏和应用APP，20多个小时，电量还剩40%多，如果是一般强度的使用，这手机坚持两天应该是完全没有任何问题，出门可以不用带充电宝和充电器了。,2025年12月15日,"{'机身颜色': '掠影绿', '存储容量': '12GB+256GB'}",入手了一加基础版在绿色和黑色之间犹豫最后还是选了绿色这个淡淡的绿质感确实不错很内敛很纯粹对比了两款机器在外观上非常相似背面最直接的区别就是的上没有的标识其他基本上没啥区别了的这个是金属材质边框也是金属材质在出头的价位上能做到这一点已经很好了 一加的配置也很顶的高刷屏第五代骁龙处理器电池超级闪充超声波指纹解锁满级防尘防水元起的售价如果能领到国补到手的价格可以做到元出头在内存芯片涨价这么厉害的情况下这样的售价应该是很有诚意了 手机到手还没有太深入的体验现在给我最直观的感受就是电池真的耐用从包装盒里拆出来然后充满电开始捣腾各种游戏和应用多个小时电量还剩多如果是一般强度的使用这手机坚持两天应该是完全没有任何问题出门可以不用带充电宝和充电器了,入手 一加 基础 绿色 黑色 之间 犹豫 最后 还是 绿色 这个 淡淡的 质感 确实 不错 内敛 纯粹 对比 两款 机器 外观 非常 相似 背面 直接 区别 就是 没有 标识 其他 基本上 区别 这个 金属 材质 边框 金属 材质 出头 价位 上能 做到 一点 已经 一加 配置 刷屏 第五代 骁龙 处理器 电池 超级 闪充 超声波 指纹 解锁 满级 防尘 防水 元起 售价 如果 领到 国补 到手 价格 可以 做到 出头 内存 芯片 涨价 这么 厉害 情况 这样 售价 应该 诚意 手机 到手 没有 深入 体验 现在 直观 感受 就是 电池 真的 耐用 包装盒 拆出来 然后 充满 开始 捣腾 各种 游戏 应用 多个 小时 电量 剩多 如果 一般 强度 使用 手机 坚持 两天 应该 完全 没有 任何 问题 出门 可以 不用 充电 充电器,商品9.csv,1.0,正向
1,收到了快递速度快顺丰  通信音质：音质好，通话好，像素高，灵敏度高  显示效果：很好用的手机,2026年1月3日,"{'机身颜色': '掠影绿', '存储容量': '16GB+1TB'}",收到了快递速度快顺丰  通信音质音质好通话好像素高灵敏度高  显示效果很好用的手机,收到 快递 速度 快顺丰 通信 音质 音质 通话 好像 高灵敏度 显示 效果 手机,商品9.csv,0.7587,中性
1,微弧金属中框、弧度正合适，横握竖握都挺均衡、我手大，可以一手持握，低饱和度哑光设计、有点高级精致而且不易沾指纹，绿色很好看,2026年1月3日,"{'机身颜色': '掠影绿', '存储容量': '12GB+256GB'}",微弧金属中框弧度正合适横握竖握都挺均衡我手大可以一手持握低饱和度哑光设计有点高级精致而且不易沾指纹绿色很好看,微弧 金属 中框 弧度 正合适 横握 竖握 均衡 我手 可以 手持 握低 饱和度 哑光 设计 有点 高级 精致 而且 不易 指纹 绿色 好看,商品9.csv,0.9365,正向
1,系统丝滑，coloros名副其实的机圈德芙。电池大，非常耐电，两天一冲，打游戏也特别爽，帧率稳得很。,2026年1月3日,"{'机身颜色': '掠影绿', '存储容量': '12GB+512GB'}",系统丝滑名副其实的机圈德芙电池大非常耐电两天一冲打游戏也特别爽帧率稳得很,系统 丝滑 名副其实 机圈 德芙 电池 非常 耐电 两天 一冲 打游戏 特别 爽帧 稳得,商品9.csv,0.9945,正向
1, 一加ACE6T太香了！165Hz高刷屏丝滑大型游戏不在话下，8300mAh续航顶配上100w快充无敌，游戏办公都流畅，性价比拉满～,2026年1月3日,"{'机身颜色': '闪速黑', '存储容量': '12GB+256GB'}",一加太香了高刷屏丝滑大型游戏不在话下续航顶配上快充无敌游戏办公都流畅性价比拉满,一加 太香 刷屏 丝滑 大型 游戏 不在话下 续航 顶配 快充 无敌 游戏 办公 流畅 性价比 拉满,商品9.csv,1.0,正向
1,性价比之王，用来做备用机和游戏机确实不错！系统丝滑，电池还是能抗一天的！,2025年12月28日,"{'机身颜色': '闪速黑', '存储容量': '12GB+256GB'}",性价比之王用来做备用机和游戏机确实不错系统丝滑电池还是能抗一天的,性价比 之王 用来 备用机 游戏机 确实 不错 系统 丝滑 电池 还是 能抗 一天,商品9.csv,0.9914,正向
1,顺丰配送快捷上门真好，手机流畅丝滑，开机快网络也不卡非常好，和0PP0手机应用搬家好快，电池待机时间长不用担心出门手机电量不足，非常棒！,2025年12月28日,"{'机身颜色': '闪速黑', '存储容量': '16GB+1TB'}",顺丰配送快捷上门真好手机流畅丝滑开机快网络也不卡非常好和手机应用搬家好快电池待机时间长不用担心出门手机电量不足非常棒,顺丰 配送 快捷 上门 手机 流畅 丝滑 开机 网络 不卡 非常 手机 应用 搬家 好快 电池 待机时间 不用 担心 出门 手机 电量 不足 非常,商品9.csv,0.9969,正向
1,一加ACE6t值得选择，大电池可以续航两天，系统流程好用，颜值也是超级高，性价比之王值得拥有。,2025年12月28日,"{'机身颜色': '掠影绿', '存储容量': '12GB+512GB'}",一加值得选择大电池可以续航两天系统流程好用颜值也是超级高性价比之王值得拥有,一加 值得 选择 电池 可以 续航 两天 系统 流程 好用 颜值 超级 高性价比 之王 值得 拥有,商品9.csv,0.9988,正向
1,特意用了几天才来评价的，第一次用一加手机，特别棒，系统。电池  刷新率，非常好  王者全程144  好比开挂，太爽了,2026年1月18日,"{'机身颜色': '闪速黑', '存储容量': '12GB+256GB'}",特意用了几天才来评价的第一次用一加手机特别棒系统电池  刷新率非常好  王者全程  好比开挂太爽了,特意 几天 评价 第一次 一加 手机 特别 系统 电池 刷新率 非常 王者 全程 好比 开挂 太爽了,商品9.csv,0.0715,负向
1,被它的大容量电池吸引了。确实很给力 目前，正常使用，也没发现烫。 整体都很顺畅哦，,2025年12月18日,"{'机身颜色': '掠影绿', '存储容量': '12GB+512GB'}",被它的大容量电池吸引了确实很给力 目前正常使用也没发现烫 整体都很顺畅哦,大容量 电池 吸引 确实 目前 正常 使用 发现 整体 顺畅,商品9.csv,0.9514,正向
1,绿色的很好看，之所以选择这个主要是大电池和新系统，方便和果子互联，颜值也可以，12+256备用机妥妥的，唯一美中不足就是壳子不是透明的，耳机的话必须规定时间才有，抢到补贴绿色有货的时候都没有赠品,2025年12月18日,"{'机身颜色': '掠影绿', '存储容量': '12GB+256GB'}",绿色的很好看之所以选择这个主要是大电池和新系统方便和果子互联颜值也可以备用机妥妥的唯一美中不足就是壳子不是透明的耳机的话必须规定时间才有抢到补贴绿色有货的时候都没有赠品,绿色 好看 之所以 选择 这个 主要 电池 系统 方便 果子 互联 颜值 可以 备用机 妥妥 唯一 美中不足 就是 壳子 不是 透明 耳机 的话 必须 规定 时间 补贴 绿色 有货 时候 没有 赠品,商品9.csv,0.0067,负向
1,一加手机Ace6T，颜值手感双在线，性能强悍游戏流畅，快充续航超给力，拍照清晰，用着太舒心！,2026年1月2日,"{'机身颜色': '掠影绿', '存储容量': '16GB+1TB'}",一加手机颜值手感双在线性能强悍游戏流畅快充续航超给力拍照清晰用着太舒心,一加 手机 颜值 手感 在线 性能 强悍 游戏 流畅 快充 续航 超给力 拍照 清晰 舒心,商品9.csv,1.0,正向
1,质感有金属中框，丝绸玻璃工艺，都是旗舰机标配下放，3D超声波指纹，还有X轴线性马达，潮汐引擎+游戏电竞三芯，100w超级闪充，配合ColoOS16系统，甚至连旗舰级的IP69K防水也有了，总之这部手机一到手就给人一种货真价实的感觉。,2026年1月2日,"{'机身颜色': '电光紫', '存储容量': '12GB+256GB'}",质感有金属中框丝绸玻璃工艺都是旗舰机标配下放超声波指纹还有轴线性马达潮汐引擎游戏电竞三芯超级闪充配合系统甚至连旗舰级的防水也有了总之这部手机一到手就给人一种货真价实的感觉,质感 金属 中框 丝绸 玻璃工艺 旗舰机 标配 下放 超声波 指纹 还有 轴线 马达 潮汐 引擎 游戏 竞三芯 超级 闪充 配合 系统 甚至 旗舰级 防水 总之 部手机 到手 一种 货真价实 感觉,商品9.csv,0.996,正向
1,手机颜值质感双在线，握感温润不硌手!运行流畅无卡顿，多APP切换丝滑，大电池续航超给力，重度使用一天无忧。拍照色彩真实清晰，快充速度快，性价比拉满，是闭眼入不踩雷的好机型~,2026年1月2日,"{'机身颜色': '掠影绿', '存储容量': '12GB+512GB'}",手机颜值质感双在线握感温润不硌手运行流畅无卡顿多切换丝滑大电池续航超给力重度使用一天无忧拍照色彩真实清晰快充速度快性价比拉满是闭眼入不踩雷的好机型,手机 颜值 质感 在线 握感 温润 运行 流畅 无卡顿 切换 丝滑大 电池 续航 超给力 重度 使用 一天 无忧 拍照 色彩 真实 清晰 快充 速度 性价比 拉满 闭眼 机型,商品9.csv,1.0,正向
1,老妈原来的手机太卡了，正好新出了个大电量的 手机买来试试，现在总的反馈是很不错的，也确实很省 电，主要就是希望能够多用几年，满意！ 显示效果：好,2026年1月2日,"{'机身颜色': '闪速黑', '存储容量': '12GB+256GB'}",老妈原来的手机太卡了正好新出了个大电量的 手机买来试试现在总的反馈是很不错的也确实很省 电主要就是希望能够多用几年满意 显示效果好,老妈 原来 手机 太卡 正好 新出 电量 手机 买来 试试 现在 反馈 不错 确实 很省 主要 就是 希望 能够 多用 几年 满意 显示 效果,商品9.csv,0.9847,正向
1,通信音质：通话质量很好，手机信号很不错 其他特色：游戏速度很快，刷新率很高，不会有卡顿 显示效果：手机屏幕像素好，显示效果好 ,2025年12月17日,"{'机身颜色': '闪速黑', '存储容量': '12GB+256GB'}",通信音质通话质量很好手机信号很不错 其他特色游戏速度很快刷新率很高不会有卡顿 显示效果手机屏幕像素好显示效果好,通信 音质 通话质量 手机信号 不错 其他 特色 游戏 速度 很快 刷新率 不会 有卡顿 显示 效果 手机 屏幕 像素 显示 效果,商品9.csv,0.9971,正向
1,屏幕大小合适，机身和送的保护壳都质感非常好。到手移机速度也很快🥰试了下暖5运行流畅画质比我想象得好很多，其他游戏应该也不在话下，之后如果再换机也会优先考虑一加。,2026年1月1日,"{'机身颜色': '掠影绿', '存储容量': '16GB+1TB'}",屏幕大小合适机身和送的保护壳都质感非常好到手移机速度也很快试了下暖运行流畅画质比我想象得好很多其他游戏应该也不在话下之后如果再换机也会优先考虑一加,屏幕 大小 合适 机身 保护 质感 非常 到手 移机 速度 很快 运行 流畅 画质 想象 很多 其他 游戏 应该 不在话下 之后 如果 换机 优先 考虑 一加,商品9.csv,1.0,正向
1,手机到了，质感很好，手机也挺流畅，特别是这个系统，一直都在用一加系列产品，真心不错，想入手的可以拍啦,2026年1月1日,"{'机身颜色': '掠影绿', '存储容量': '12GB+256GB'}",手机到了质感很好手机也挺流畅特别是这个系统一直都在用一加系列产品真心不错想入手的可以拍啦,手机 质感 手机 流畅 特别 这个 系统 一直 一加 系列产品 真心 不错 入手 可以,商品9.csv,1.0,正向
1,这款手机整体表现出色，外观简约时尚，手感舒适。屏下指纹解锁灵敏快速，体验很棒。运行流畅，电池续航也能满足日常使用，值得入手。，,2026年1月1日,"{'机身颜色': '掠影绿', '存储容量': '12GB+512GB'}",这款手机整体表现出色外观简约时尚手感舒适屏下指纹解锁灵敏快速体验很棒运行流畅电池续航也能满足日常使用值得入手,手机 整体 表现出色 外观 简约 时尚 手感 舒适 屏下 指纹 解锁 灵敏 快速 体验 很棒 运行 流畅 电池 续航 满足 日常 使用 值得 入手,商品9.csv,1.0,正向
1,廊坊发货，同省第二天就到了，买的绿色，颜色清新看着很舒服，系统丝滑，比我红米k70好多了,2026年1月1日,"{'机身颜色': '掠影绿', '存储容量': '12GB+512GB'}",廊坊发货同省第二天就到了买的绿色颜色清新看着很舒服系统丝滑比我红米好多了,廊坊 发货 第二天 绿色 颜色 清新 看着 舒服 系统 丝滑 红米 好多,商品9.csv,0.7498,中性
1,目前用着很流畅在进行游戏下载和更新（30g）时没有发烫迹象，反正用着还挺舒服的，可以购买,2026年1月1日,"{'机身颜色': '电光紫', '存储容量': '12GB+256GB'}",目前用着很流畅在进行游戏下载和更新时没有发烫迹象反正用着还挺舒服的可以购买,目前 流畅 进行 游戏 下载 更新 没有 发烫 迹象 反正 挺舒服 可以 购买,商品9.csv,0.837,正向
1,刚刚入手的这部手机，性能爆表，外观炫酷，真心好评！ 2.手机用起来超级顺畅，外观设计也超有范儿，大爱这款神器！ 3.这款手机屏幕显示效果太惊艳了，色彩饱满，细节清晰可见。,2026年1月1日,"{'机身颜色': '电光紫', '存储容量': '12GB+256GB'}",刚刚入手的这部手机性能爆表外观炫酷真心好评 手机用起来超级顺畅外观设计也超有范儿大爱这款神器 这款手机屏幕显示效果太惊艳了色彩饱满细节清晰可见,刚刚 入手 部手机 性能 爆表 外观 炫酷 真心 好评 手机 起来 超级 顺畅 外观设计 超有 范儿 大爱 这款 神器 手机 屏幕显示 效果 惊艳 色彩 饱满 细节 清晰可见,商品9.csv,1.0,正向
1,通信音质：杠杠的 其他特色：杠杠滴 显示效果：杠杠地 流畅效果：杠杠哒 手感效果：杠杠好,2026年1月1日,"{'机身颜色': '掠影绿', '存储容量': '16GB+1TB'}",通信音质杠杠的 其他特色杠杠滴 显示效果杠杠地 流畅效果杠杠哒 手感效果杠杠好,通信 音质 杠杠 其他 特色 杠杠 显示 效果 杠杠 流畅 效果 杠杠 手感 效果 杠杠,商品9.csv,0.9985,正向
1,一加ACE6T真的太香了！骁龙8gen5处理器320万分非常流畅，紫色淡紫色挺好看的，屏幕显示细腻，续航给力两天一充，性价比超高，强烈推荐,2026年1月1日,"{'机身颜色': '掠影绿', '存储容量': '12GB+512GB'}",一加真的太香了骁龙处理器万分非常流畅紫色淡紫色挺好看的屏幕显示细腻续航给力两天一充性价比超高强烈推荐,一加 真的 太香 骁龙 处理器 万分 非常 流畅 紫色 淡紫色 好看 屏幕显示 细腻 续航 给力 两天 一充 性价比 超高 强烈推荐,商品9.csv,1.0,正向
1,通信音质：可以很不错 其他特色：电池很耐用，能用一天多一冲 显示效果：不错不错不错不错不错不错😊,2025年12月26日,"{'机身颜色': '掠影绿', '存储容量': '12GB+512GB'}",通信音质可以很不错 其他特色电池很耐用能用一天多一冲 显示效果不错不错不错不错不错不错,通信 音质 可以 不错 其他 特色 电池 耐用 一天 多一冲 显示 效果 不错 不错 不错 不错 不错 不错,商品9.csv,1.0,正向
1,一加这个新款很好，使用一点不卡，主要看上了他的打游戏还有电池，续航能力太行了，出门不用带充电器！很好，送的手机壳质感也不错,2025年12月21日,"{'机身颜色': '闪速黑', '存储容量': '12GB+512GB'}",一加这个新款很好使用一点不卡主要看上了他的打游戏还有电池续航能力太行了出门不用带充电器很好送的手机壳质感也不错,一加 这个 新款 使用 一点 不卡 主要 看上 打游戏 还有 电池 续航 能力 太行 出门 不用 充电器 手机 质感 不错,商品9.csv,1.0,正向
1,一加Ace6T真的是同价位闭眼冲的性价比王者！骁龙8 Gen5+风驰游戏内核，《原神》满帧稳跑不卡顿，165Hz电竞直屏丝滑跟手。8300mAh巨电太顶了，重度使用全天无忧，100W闪充碎片时间就能满血。IP69K防水+护眼屏，日常耐用又贴心，拍照清晰满足社交分享，两千档能拿下这样的配置，闭眼入不亏！ ,2025年12月21日,"{'机身颜色': '闪速黑', '存储容量': '12GB+512GB'}",一加真的是同价位闭眼冲的性价比王者骁龙 风驰游戏内核原神满帧稳跑不卡顿电竞直屏丝滑跟手巨电太顶了重度使用全天无忧闪充碎片时间就能满血防水护眼屏日常耐用又贴心拍照清晰满足社交分享两千档能拿下这样的配置闭眼入不亏,一加 真的 同价位 闭眼 性价比 王者 骁龙 风驰 游戏 内核 原神满 稳跑 不卡顿 竞直 屏丝 巨电太顶 重度 使用 全天 无忧 闪充 碎片 时间 满血 防水 护眼 日常 耐用 贴心 拍照 清晰 满足 社交 分享 两千 档能 拿下 这样 配置 闭眼 入不亏,商品9.csv,1.0,正向
1,很不错的一款手机，反应很灵敏，电池也耐用，内存大喜欢的可以入手,2026年1月7日,"{'机身颜色': '闪速黑', '存储容量': '12GB+256GB'}",很不错的一款手机反应很灵敏电池也耐用内存大喜欢的可以入手,不错 一款 手机 反应 灵敏 电池 耐用 内存 喜欢 可以 入手,商品9.csv,0.9906,正向
1,买给爸爸用的很好很不错 还会再次回购的 国补完价格也很便宜,2026年1月25日,"{'机身颜色': '闪速黑', '存储容量': '12GB+512GB'}",买给爸爸用的很好很不错 还会再次回购的 国补完价格也很便宜,爸爸 不错 还会 再次 回购 补完 价格 便宜,商品9.csv,1.0,正向
1,手机刚拿到手就试了一下，绿色很漂亮 游戏很流畅拍照很清晰,2025年12月31日,"{'机身颜色': '掠影绿', '存储容量': '16GB+1TB'}",手机刚拿到手就试了一下绿色很漂亮 游戏很流畅拍照很清晰,手机 拿到 一下 绿色 很漂亮 游戏 流畅 拍照 清晰,商品9.csv,0.9999,正向
1,刚刚入手的这部手机，这款手机屏幕显示效果太惊艳了，续航强，这款手机简直就是为我量身定做的。好评👍,2025年12月31日,"{'机身颜色': '掠影绿', '存储容量': '12GB+256GB'}",刚刚入手的这部手机这款手机屏幕显示效果太惊艳了续航强这款手机简直就是为我量身定做的好评,刚刚 入手 部手机 手机 屏幕显示 效果 惊艳 续航 这款 手机 简直 就是 量身定做 好评,商品9.csv,0.9945,正向
1,紫色很漂亮，屏幕质感很好，不刺眼，电池给力，用了一下午一晚上，还剩一半电量,2025年12月31日,"{'机身颜色': '电光紫', '存储容量': '12GB+256GB'}",紫色很漂亮屏幕质感很好不刺眼电池给力用了一下午一晚上还剩一半电量,紫色 很漂亮 屏幕 质感 刺眼 电池 给力 下午 晚上 一半 电量,商品9.csv,0.9277,正向
1,1. 第一次用一加手机，被Ace6T的续航惊到了！8300mAh大电池，我重度刷视频、玩2小时王者，到晚上还有30%电，彻底告别续航焦虑。第五代骁龙8的性能也够劲，王者120帧满跑不卡顿，冰河散热让手机久玩也只是温温的。唯一小缺点就是机身有点沉，但冲着续航和性能，这点完全能接受，2000多的价位真的太值了！,2025年12月31日,"{'机身颜色': '掠影绿', '存储容量': '12GB+256GB'}",第一次用一加手机被的续航惊到了大电池我重度刷视频玩小时王者到晚上还有电彻底告别续航焦虑第五代骁龙的性能也够劲王者帧满跑不卡顿冰河散热让手机久玩也只是温温的唯一小缺点就是机身有点沉但冲着续航和性能这点完全能接受多的价位真的太值了,第一次 一加 手机 续航 惊到 电池 重度 视频 小时 王者 晚上 还有 彻底 告别 续航 焦虑 第五代 骁龙 性能 够劲 王者 不卡顿 冰河 散热 手机 只是 温温的 唯一 缺点 就是 机身 有点 冲着 续航 性能 这点 完全 接受 价位 真的 太值,商品9.csv,1.0,正向
1,"最新 Coloros16系统搭配第5代骁龙八,操作流畅到飞起,加上8300mah大电池，一整天都用不完的电，告别充电宝，除了165的高刷，还有满级防尘防水，超声波指纹，买到就是赚到，太爱了",2025年12月12日,"{'机身颜色': '闪速黑', '存储容量': '16GB+1TB'}",最新 系统搭配第代骁龙八操作流畅到飞起加上大电池一整天都用不完的电告别充电宝除了的高刷还有满级防尘防水超声波指纹买到就是赚到太爱了,最新 系统 搭配 第代 骁龙八 操作 流畅 飞起 加上 电池 一整天 用不完 告别 充电 除了 高刷 还有 满级 防尘 防水 超声波 指纹 就是 赚到 太爱,商品9.csv,0.612,中性
1,好爱好爱 使用了8天 政府补贴 3329.1拿下的 没有踩雷 决定拿下了 🫰 我个人来说挺满意的 以前都是5000以上的 用点子品牌中端 感觉手机技术一点点在进步呢,2025年12月12日,"{'机身颜色': '掠影绿', '存储容量': '16GB+1TB'}",好爱好爱 使用了天 政府补贴 拿下的 没有踩雷 决定拿下了  我个人来说挺满意的 以前都是以上的 用点子品牌中端 感觉手机技术一点点在进步呢,爱好 使用 政府 补贴 拿下 没有 决定 拿下 个人 来说 满意 以前 以上 点子 品牌 中端 感觉 手机 技术 一点点 进步,商品9.csv,0.9662,正向
1,续航超长，运行流畅，不愧是一加👍🏻  ,2026年1月14日,"{'机身颜色': '闪速黑', '存储容量': '12GB+512GB'}",续航超长运行流畅不愧是一加,续航 超长 运行 流畅 不愧 一加,商品9.csv,0.9999,正向
1,手机非常漂亮  主要是手感  材质很好  屏幕效果还可以  打游戏非常流畅  王者144满 没有一点波动  电池巨巨巨巨耐用  不打游戏能用一周 我下班 打游戏两天一冲,2025年12月25日,"{'机身颜色': '闪速黑', '存储容量': '12GB+256GB'}",手机非常漂亮  主要是手感  材质很好  屏幕效果还可以  打游戏非常流畅  王者满 没有一点波动  电池巨巨巨巨耐用  不打游戏能用一周 我下班 打游戏两天一冲,手机 非常 漂亮 主要 手感 材质 屏幕 效果 可以 打游戏 非常 流畅 王者 没有 一点 波动 电池 巨巨 巨巨 耐用 打游戏 一周 下班 打游戏 两天 一冲,商品9.csv,0.9575,正向
1,同价位性能旗舰没跑了！骁龙 8 级芯片 + 旗舰散热，游戏狂魔表示很满意。屏幕护眼效果一流，晚上刷剧不刺眼，续航和快充组合拳太适合重度用户了！,2025年12月25日,"{'机身颜色': '掠影绿', '存储容量': '12GB+256GB'}",同价位性能旗舰没跑了骁龙  级芯片  旗舰散热游戏狂魔表示很满意屏幕护眼效果一流晚上刷剧不刺眼续航和快充组合拳太适合重度用户了,同价位 性能 旗舰 没跑 骁龙 芯片 旗舰 散热 游戏 狂魔 表示 满意 屏幕 护眼 效果 一流 晚上 刷剧 刺眼 续航 快充 组合拳 适合 重度 用户,商品9.csv,1.0,正向
1,很不错！做工精细，很耐看！金属边框，后盖磨砂细腻感！质感满满！屏幕很漂亮，画质细腻且不伤眼！电池很能打，8300毫安，早上100%出门，到晚上11点还有50%电，一直在使用中！,2025年12月25日,"{'机身颜色': '闪速黑', '存储容量': '12GB+256GB'}",很不错做工精细很耐看金属边框后盖磨砂细腻感质感满满屏幕很漂亮画质细腻且不伤眼电池很能打毫安早上出门到晚上点还有电一直在使用中,不错 做工 精细 耐看 金属 边框 后盖 磨砂 细腻 质感 满满 屏幕 很漂亮 画质 细腻 伤眼 电池 很能 毫安 早上 出门 晚上 还有 一直 使用,商品9.csv,1.0,正向
1,这次购物非常愉快😊！商品实惠好用，质量上乘🌟。物流迅速🚚，商家服务热情❤️，售后无忧。,2025年12月25日,"{'机身颜色': '闪速黑', '存储容量': '16GB+1TB'}",这次购物非常愉快商品实惠好用质量上乘物流迅速商家服务热情售后无忧,这次 购物 非常 愉快 商品 实惠 好用 质量上乘 物流 迅速 商家 服务 热情 售后 无忧,商品9.csv,0.9866,正向
1,手机质量没问题，反应速度也很快。性价比高很满意,2025年12月30日,"{'机身颜色': '掠影绿', '存储容量': '12GB+256GB'}",手机质量没问题反应速度也很快性价比高很满意,手机 质量 问题 反应速度 很快 性价比 满意,商品9.csv,0.982,正向
1,✨手机收到啦，外观和图片一样好看呢～💖开机很顺利，系统也很流畅，用起来很顺手～👍手感也不错，拿在手里大小合适～🥰整体很满意，性价比很高～🌟,2025年12月30日,"{'机身颜色': '电光紫', '存储容量': '12GB+256GB'}",手机收到啦外观和图片一样好看呢开机很顺利系统也很流畅用起来很顺手手感也不错拿在手里大小合适整体很满意性价比很高,手机 收到 外观 图片 一样 好看 开机 顺利 系统 流畅 起来 顺手 手感 不错 手里 大小 合适 整体 满意 性价比,商品9.csv,1.0,正向
1,外观颜色不错，硬件配置满足日常需求，适合长辈使用，发货和包装也没问题。晚上下单第二天早上就送到了,2025年12月30日,"{'机身颜色': '电光紫', '存储容量': '12GB+256GB'}",外观颜色不错硬件配置满足日常需求适合长辈使用发货和包装也没问题晚上下单第二天早上就送到了,外观 颜色 不错 硬件 配置 满足 日常 需求 适合 长辈 使用 发货 包装 问题 晚上 下单 第二天 早上 送到,商品9.csv,0.9994,正向
1,入手一加Ace 6T太值了！第五代骁龙8加持，165Hz高刷屏玩《和平精英》丝滑无拖影，3200Hz触控采样率甩镜压枪超跟手，冰河散热系统让长时间游戏也不烫手。8300mAh超大电池太顶了，重度使用一整天还剩大半电，100W闪充半小时就能补大半电，彻底告别电量焦虑。丝绸玻璃背板手感细腻不沾指纹，金属中框握持舒适，超声波指纹解锁秒开，IP68防尘防水日常使用更安心。ColorOS 16系统流畅无卡顿，AI功能和自定义快捷键也超实用，2K+价位能买到这样的全能旗舰，真心推荐给手游党和续航刚需党！,2025年12月30日,"{'机身颜色': '闪速黑', '存储容量': '12GB+256GB'}",入手一加 太值了第五代骁龙加持高刷屏玩和平精英丝滑无拖影触控采样率甩镜压枪超跟手冰河散热系统让长时间游戏也不烫手超大电池太顶了重度使用一整天还剩大半电闪充半小时就能补大半电彻底告别电量焦虑丝绸玻璃背板手感细腻不沾指纹金属中框握持舒适超声波指纹解锁秒开防尘防水日常使用更安心 系统流畅无卡顿功能和自定义快捷键也超实用价位能买到这样的全能旗舰真心推荐给手游党和续航刚需党,入手 一加 太值 第五代 骁龙 加持 刷屏 和平 精英 丝滑 影触 采样率 甩镜 压枪 冰河 散热 系统 长时间 游戏 烫手 超大 电池 太顶 重度 使用 一整天 大半 电闪 半小时 大半 彻底 告别 电量 焦虑 丝绸 玻璃 背板 手感 细腻 指纹 金属 中框 握持 舒适 超声波 指纹 解锁 防尘 防水 日常 使用 安心 系统 流畅 无卡顿 功能 自定义 快捷键 实用 价位 这样 全能 旗舰 真心 推荐 手游党 续航 需党,商品9.csv,1.0,正向
1,"手机续航能力强,信号稳定使用很流畅,声音明亮 显示效果不错,系统稳定不卡顿,手感不错送有手 机壳,推荐的一款手机",2025年12月30日,"{'机身颜色': '电光紫', '存储容量': '12GB+256GB'}",手机续航能力强信号稳定使用很流畅声音明亮 显示效果不错系统稳定不卡顿手感不错送有手 机壳推荐的一款手机,手机 续航 能力 信号 稳定 使用 流畅 声音 明亮 显示 效果 不错 系统 稳定 不卡顿 手感 不错 机壳 推荐 一款 手机,商品9.csv,1.0,正向
1,通信音质：很不错，比之前的手机要好很多 显示效果：非常好 对比一加ace2提升很大 其他特色：外放效果不错,2025年12月30日,"{'机身颜色': '掠影绿', '存储容量': '12GB+256GB'}",通信音质很不错比之前的手机要好很多 显示效果非常好 对比一加提升很大 其他特色外放效果不错,通信 音质 不错 之前 手机 很多 显示 效果 非常 对比 一加 提升 很大 其他 特色 外放 效果 不错,商品9.csv,1.0,正向
1,通信音质：声音还可以，大小适中  其他特色：目前挺丝滑  显示效果：关灯看的话需要适应 整体都挺好的，因为对象买的是c5所以买了6也看看，用起来还是挺舒服的 ,2025年12月15日,"{'机身颜色': '掠影绿', '存储容量': '12GB+512GB'}",通信音质声音还可以大小适中  其他特色目前挺丝滑  显示效果关灯看的话需要适应 整体都挺好的因为对象买的是所以买了也看看用起来还是挺舒服的,通信 音质 声音 可以 大小 适中 其他 特色 目前 挺丝滑 显示 效果 关灯 的话 需要 适应 整体 因为 对象 所以 看看 起来 还是 挺舒服,商品9.csv,1.0,正向
1,一加Ace6T入手后体验超赞！1.5K 165Hz直屏丝滑护眼，第五代骁龙8+冰河散热，游戏满帧不发烫。8300mAh大电池+100W闪充，续航焦虑彻底拜拜。玻纤背板轻便，IP68防水耐用，2399元起性价比拉满，值得入手！ ,2025年12月24日,"{'机身颜色': '掠影绿', '存储容量': '12GB+256GB'}",一加入手后体验超赞 直屏丝滑护眼第五代骁龙冰河散热游戏满帧不发烫大电池闪充续航焦虑彻底拜拜玻纤背板轻便防水耐用元起性价比拉满值得入手,加入 手后 体验 超赞 直屏 丝滑 护眼 第五代 骁龙 冰河 散热 游戏 满帧 不发 电池 闪充 续航 焦虑 彻底 拜拜 玻纤 背板 轻便 防水 耐用 元起 性价比 拉满 值得 入手,商品9.csv,1.0,正向
1,此产品快递速度非常快，产品包装无破损，质量非常好，卖家服务态度很好，基于这些已经迫不及待的分享身边的朋友啦，让大家都有可能继续购买啊! 显示效果：特别完美,2025年12月24日,"{'机身颜色': '掠影绿', '存储容量': '12GB+256GB'}",此产品快递速度非常快产品包装无破损质量非常好卖家服务态度很好基于这些已经迫不及待的分享身边的朋友啦让大家都有可能继续购买啊 显示效果特别完美,产品 快递 速度 非常 产品包装 破损 质量 非常 卖家 服务态度 基于 这些 已经 迫不及待 分享 身边 朋友 大家 可能 继续 购买 显示 效果 特别 完美,商品9.csv,0.9999,正向
1,非常漂亮的手机外观，背部磨砂玻璃手感超级好，性价比高电池大，充电速度很快，买个妈妈用的，他很喜欢,2025年12月24日,"{'机身颜色': '掠影绿', '存储容量': '12GB+256GB'}",非常漂亮的手机外观背部磨砂玻璃手感超级好性价比高电池大充电速度很快买个妈妈用的他很喜欢,非常 漂亮 手机 外观 背部 磨砂玻璃 手感 超级 性价比 电池 充电 速度 很快 买个 妈妈 喜欢,商品9.csv,1.0,正向
1,手机外观不错，拿到手刷着也可以，充电很快，如果不玩待机可以很久,2025年12月29日,"{'机身颜色': '掠影绿', '存储容量': '16GB+1TB'}",手机外观不错拿到手刷着也可以充电很快如果不玩待机可以很久,手机 外观 不错 拿到 手刷 可以 充电 很快 如果 不玩 待机 可以,商品9.csv,0.9979,正向
1,之前没用过一加的手机，现在用了发现真香啊，外观精致简约，续航杠杠的，重度使用一两天没啥问题，使用起来非常流畅，不卡顿，爱了爱了,2025年12月29日,"{'机身颜色': '闪速黑', '存储容量': '12GB+256GB'}",之前没用过一加的手机现在用了发现真香啊外观精致简约续航杠杠的重度使用一两天没啥问题使用起来非常流畅不卡顿爱了爱了,之前 没用过 一加 手机 现在 发现 真香 外观 精致 简约 续航 杠杠 重度 使用 一两天 问题 使用 起来 非常 流畅 不卡顿,商品9.csv,1.0,正向
1,一加ace6t这款手机给我直接的感觉就是拿在手里重特有质感，续航能力超强，系统的流畅度完美值这个价钱。,2025年12月29日,"{'机身颜色': '闪速黑', '存储容量': '12GB+256GB'}",一加这款手机给我直接的感觉就是拿在手里重特有质感续航能力超强系统的流畅度完美值这个价钱,一加 这款 手机 直接 感觉 就是 手里 特有 质感 续航 能力 超强 系统 流畅 完美 这个 价钱,商品9.csv,1.0,正向
1,手机电池容量大，续航持久，运行起来非常流畅，而且外观也非常好看，值得购买,2026年1月4日,"{'机身颜色': '掠影绿', '存储容量': '12GB+512GB'}",手机电池容量大续航持久运行起来非常流畅而且外观也非常好看值得购买,手机 电池容量 续航 持久 运行 起来 非常 流畅 而且 外观 非常 好看 值得 购买,商品9.csv,0.9997,正向
1,2026年送给自己的礼物，手机响应速度蛮快的，电池也耐用，性价比高！,2026年1月4日,"{'机身颜色': '闪速黑', '存储容量': '12GB+256GB'}",年送给自己的礼物手机响应速度蛮快的电池也耐用性价比高,送给 自己 礼物 手机 响应速度 蛮快 电池 耐用 性价比,商品9.csv,0.9868,正向
1,一加ACE6T配置高，性能好，日3口▣毫安电池续航强劲，co口ros系统丝滑流畅，玩游戏画质流畅，新机还能享国补优惠，在这个价位段强烈建议大家购买！！！ ,2026年3月4日,"{'机身颜色': '闪速黑', '存储容量': '12GB+256GB'}",一加配置高性能好日口毫安电池续航强劲口系统丝滑流畅玩游戏画质流畅新机还能享国补优惠在这个价位段强烈建议大家购买,一加 配置 高性能 日口 毫安 电池 续航 强劲 系统 丝滑 流畅 玩游戏 画质 流畅 新机 享国 优惠 这个 价位 强烈建议 大家 购买,商品9.csv,1.0,正向
1,手机收到货     有几天了      165hz   打游戏    爽歪歪   系统流畅度   非常好 充一次电  能用好久  手机续航能力超强 ,2025年12月23日,"{'机身颜色': '闪速黑', '存储容量': '16GB+1TB'}",手机收到货     有几天了         打游戏    爽歪歪   系统流畅度   非常好 充一次电  能用好久  手机续航能力超强,手机 收到 几天 打游戏 爽歪歪 系统 流畅 非常 一次 好久 手机 续航 能力 超强,商品9.csv,0.9922,正向
1,通信音质：非常不错 其他特色：续航长 性价比高 做工不错 显示效果：比ace5好 同价位佼佼者 总体来说比较满意,2025年12月23日,"{'机身颜色': '闪速黑', '存储容量': '12GB+256GB'}",通信音质非常不错 其他特色续航长 性价比高 做工不错 显示效果比好 同价位佼佼者 总体来说比较满意,通信 音质 非常 不错 其他 特色 续航 性价比 做工 不错 显示 效果 比好 同价位 佼佼者 总体 来说 比较满意,商品9.csv,1.0,正向
1,✨这款手机真的超赞！🌟闪速黑配色高级又耐看，拿在手里质感十足~📱存储容量也够用，日常使用完全不卡顿，运行流畅得很呢！👍补贴活动入手太划算了，性价比超高，满意！😊,2025年12月23日,"{'机身颜色': '闪速黑', '存储容量': '12GB+256GB'}",这款手机真的超赞闪速黑配色高级又耐看拿在手里质感十足存储容量也够用日常使用完全不卡顿运行流畅得很呢补贴活动入手太划算了性价比超高满意,手机 真的 超赞 闪速 配色 高级 耐看 手里 质感 十足 存储容量 够用 日常 使用 完全 不卡顿 运行 流畅 补贴 活动 入手 划算 性价比 超高 满意,商品9.csv,1.0,正向
1,一加Ace6T性能强续航顶，165Hz高刷屏+8300mAh电池，游戏日常都流畅，同价位性价比无敌！,2025年12月23日,"{'机身颜色': '电光紫', '存储容量': '12GB+256GB'}",一加性能强续航顶高刷屏电池游戏日常都流畅同价位性价比无敌,一加 性能 续航 顶高 刷屏 电池 游戏 日常 流畅 同价位 性价比 无敌,商品9.csv,1.0,正向
1,河很棒的手机 喜欢 下次继续s支持 ！！！！,2026年3月2日,"{'机身颜色': '掠影绿', '存储容量': '12GB+256GB'}",河很棒的手机 喜欢 下次继续支持,很棒 手机 喜欢 下次 继续 支持,商品9.csv,0.9958,正向
1,颜值很好好看。,2026年3月1日,"{'机身颜色': '掠影绿', '存储容量': '12GB+256GB'}",颜值很好好看,颜值 好好看,商品9.csv,0.8759,正向
1,手感温润，拍照清晰，打游戏很爽，延迟很低，很适合打游戏，音质也不错，价廉物美 显示效果：清晰通透 通信音质：清楚 其他特色：好看,2025年12月18日,"{'机身颜色': '掠影绿', '存储容量': '12GB+256GB'}",手感温润拍照清晰打游戏很爽延迟很低很适合打游戏音质也不错价廉物美 显示效果清晰通透 通信音质清楚 其他特色好看,手感 温润 拍照 清晰 打游戏 很爽 延迟 适合 打游戏 音质 不错 价廉物美 显示 效果 清晰 通透 通信 音质 清楚 其他 特色 好看,商品9.csv,1.0,正向
1,✨这款商品真的超赞！👍拿到手就被惊艳到了，质量和描述完全一致，细节处理得很到位~💯使用起来也特别顺手，性价比超高，已经推荐给身边朋友啦！🥳,2026年2月28日,"{'机身颜色': '掠影绿', '存储容量': '12GB+256GB'}",这款商品真的超赞拿到手就被惊艳到了质量和描述完全一致细节处理得很到位使用起来也特别顺手性价比超高已经推荐给身边朋友啦,商品 真的 超赞 拿到 惊艳 质量 描述 完全一致 细节 处理 到位 使用 起来 特别 顺手 性价比 超高 已经 推荐 身边 朋友,商品9.csv,1.0,正向
1,非常棒👍已经迫不及待下载了，我先体验一下,2025年12月28日,"{'机身颜色': '闪速黑', '存储容量': '12GB+256GB'}",非常棒已经迫不及待下载了我先体验一下,非常 已经 迫不及待 下载 体验 一下,商品9.csv,0.984,正向
1,电池耐用，处理器系统挺流畅，不玩游戏两天不用充电，挺好,2025年12月28日,"{'机身颜色': '闪速黑', '存储容量': '12GB+256GB'}",电池耐用处理器系统挺流畅不玩游戏两天不用充电挺好,电池 耐用 处理器 系统 流畅 玩游戏 两天 不用 充电,商品9.csv,0.9939,正向
1,快递包装完好，当天下单，次日达，手感舒适，运行快，系统操作流畅拍照清晰，值得购买。,2025年12月28日,"{'机身颜色': '电光紫', '存储容量': '12GB+256GB'}",快递包装完好当天下单次日达手感舒适运行快系统操作流畅拍照清晰值得购买,快递 包装 完好 当天 下单 次日 手感 舒适 运行 系统 操作 流畅 拍照 清晰 值得 购买,商品9.csv,0.9962,正向
1,单是早上八九点下的，手机是下午五点以前到的，物流赞一波。上手后相当顺畅丝滑，从18年使用一加六就是老粉了，特别喜欢一加充电线器独特的红白设计。,2025年12月28日,"{'机身颜色': '闪速黑', '存储容量': '12GB+256GB'}",单是早上八九点下的手机是下午五点以前到的物流赞一波上手后相当顺畅丝滑从年使用一加六就是老粉了特别喜欢一加充电线器独特的红白设计,单是 早上 八九点 手机 下午 五点 以前 物流 赞一波 手后 相当 顺畅 丝滑 使用 一加 就是 老粉 特别 喜欢 一加 充电 线器 独特 红白 设计,商品9.csv,0.9996,正向
1,已收到最新款1加Ace 6T，非常满意。机子特别流畅，玩游戏不掉帧，超级快充很给力，推荐购买。,2025年12月28日,"{'机身颜色': '闪速黑', '存储容量': '12GB+512GB'}",已收到最新款加 非常满意机子特别流畅玩游戏不掉帧超级快充很给力推荐购买,收到 最新款 非常 满意 机子 特别 流畅 玩游戏 不掉 超级 快充 推荐 购买,商品9.csv,0.9996,正向
1,这款手机也是我比对了好久才下单的，体验一天，感觉很好，充电速度也是超快，不到一个小时就能充满。不得不说性价比超高。加上有国补，真是太哇塞了。,2025年12月28日,"{'机身颜色': '闪速黑', '存储容量': '12GB+512GB'}",这款手机也是我比对了好久才下单的体验一天感觉很好充电速度也是超快不到一个小时就能充满不得不说性价比超高加上有国补真是太哇塞了,手机 好久 下单 体验 一天 感觉 充电 速度 超快 不到 一个 小时 充满 不得不 性价比 超高 加上 有国补 真是太 哇塞,商品9.csv,0.9996,正向
1,✨这款手机真的超赞！🌿掠影绿配色高级又清新，拿在手里质感满满~📱12G大存储用起来丝滑流畅，日常追剧、办公都毫无压力，和商品描述完全一致，太满意啦！👍,2026年2月27日,"{'机身颜色': '掠影绿', '存储容量': '12GB+256GB'}",这款手机真的超赞掠影绿配色高级又清新拿在手里质感满满大存储用起来丝滑流畅日常追剧办公都毫无压力和商品描述完全一致太满意啦,手机 真的 超赞 掠影 配色 高级 清新 手里 质感 满满 存储 起来 丝滑 流畅 日常 追剧 办公 毫无 压力 商品 描述 完全一致 满意,商品9.csv,1.0,正向
1,✨手机不错，闪速黑颜值在线，拿在手里质感很好呢~📱系统运行也挺流畅，日常使用没压力，整体挺满意的！👍,2026年2月26日,"{'机身颜色': '闪速黑', '存储容量': '16GB+1TB'}",手机不错闪速黑颜值在线拿在手里质感很好呢系统运行也挺流畅日常使用没压力整体挺满意的,手机 不错 闪速 黑颜值 在线 手里 质感 系统 运行 流畅 日常 使用 压力 整体 满意,商品9.csv,1.0,正向
1,商品是到了，型号和内存都是一样，就是不知道好不好用了，以后再说。 ,2026年2月26日,"{'机身颜色': '掠影绿', '存储容量': '16GB+1TB'}",商品是到了型号和内存都是一样就是不知道好不好用了以后再说,商品 型号 内存 一样 就是 知道 好不好 以后 再说,商品9.csv,0.1756,负向
1,收到了，拿在手里质感非常好，很值，很喜欢…非常好…电量很大！,2026年1月3日,"{'机身颜色': '掠影绿', '存储容量': '16GB+1TB'}",收到了拿在手里质感非常好很值很喜欢非常好电量很大,收到 手里 质感 非常 很值 喜欢 非常 电量 很大,商品9.csv,0.9832,正向
1,特别喜欢！手感也很好，自带的手机搬家软件真的很好用，上一个手机是1+8T，从21年用到现在，会换手机也是因为电池实在是挺不住了，换了新款，还有自带的手机壳，手机壳手感挺好的，开心。,2026年1月10日,"{'机身颜色': '电光紫', '存储容量': '16GB+512GB'}",特别喜欢手感也很好自带的手机搬家软件真的很好用上一个手机是从年用到现在会换手机也是因为电池实在是挺不住了换了新款还有自带的手机壳手机壳手感挺好的开心,特别 喜欢 手感 自带 手机 搬家 软件 真的 一个 手机 是从 用到 现在 会换 手机 是因为 电池 实在 挺不住 新款 还有 自带 手机 手机 手感 开心,商品9.csv,0.6505,中性
1,✨📱手机到手挺惊喜，掠影绿像把春天握掌心🌿，12G运存够日常蹦跶啦～🌟续航像午后阳光，刷视频到黄昏还剩半格电🔋，补贴价入手真划算！📸拍照色彩比预想鲜活，人像模式自带柔光滤镜💫，这波不亏～,2025年12月22日,"{'机身颜色': '掠影绿', '存储容量': '12GB+256GB'}",手机到手挺惊喜掠影绿像把春天握掌心运存够日常蹦跶啦续航像午后阳光刷视频到黄昏还剩半格电补贴价入手真划算拍照色彩比预想鲜活人像模式自带柔光滤镜这波不亏,手机 到手 惊喜 掠影 绿像 春天 掌心 运存够 日常 续航 午后 阳光 视频 黄昏 半格 补贴 入手 划算 拍照 色彩 预想 鲜活 人像 模式 自带 柔光 滤镜 这波 不亏,商品9.csv,1.0,正向
1,隔天就收到宝贝啦 给妈妈买的 很顺畅 电量很耐用 手感也很不错 磨砂质感 还是很喜欢的 性价比又高 喜欢的宝子可以下单啦还有补贴 ,2025年12月22日,"{'机身颜色': '闪速黑', '存储容量': '12GB+256GB'}",隔天就收到宝贝啦 给妈妈买的 很顺畅 电量很耐用 手感也很不错 磨砂质感 还是很喜欢的 性价比又高 喜欢的宝子可以下单啦还有补贴,隔天 收到 宝贝 妈妈 顺畅 电量 耐用 手感 不错 磨砂 质感 还是 喜欢 性价比 喜欢 宝子 可以 下单 还有 补贴,商品9.csv,1.0,正向
1,机器收到了，试了一下功能，系统很流畅，续航也很好，拍照中规中矩，目前来说对这个手机很满意,2026年2月23日,"{'机身颜色': '掠影绿', '存储容量': '12GB+256GB'}",机器收到了试了一下功能系统很流畅续航也很好拍照中规中矩目前来说对这个手机很满意,机器 收到 一下 功能 系统 流畅 续航 拍照 中规中矩 目前 来说 这个 手机 满意,商品9.csv,1.0,正向
1,一加Ace6t手机真的超好用，性价比高，掠影绿配色上手超有质感，本身也很喜欢绿色，握持手感也很舒服。性能也很在线，日常使用流畅不卡顿，续航也够用，一天下来还有很多余电，很很很满意，推荐大家入手！！！,2025年12月17日,"{'机身颜色': '掠影绿', '存储容量': '12GB+512GB'}",一加手机真的超好用性价比高掠影绿配色上手超有质感本身也很喜欢绿色握持手感也很舒服性能也很在线日常使用流畅不卡顿续航也够用一天下来还有很多余电很很很满意推荐大家入手,一加 手机 真的 超好 性价比 掠影 配色 上手 超有 质感 本身 喜欢 绿色 握持 手感 舒服 性能 在线 日常 使用 流畅 不卡顿 续航 够用 一天 下来 还有 很多 余电 满意 推荐 大家 入手,商品9.csv,1.0,正向
1,手机收到了，质感不错喜欢黑色外壳，屏幕看着舒服，给爸爸买的，希望用着舒心，试用了一**畅度还不，点赞👍🏻不愧是新发行的手机，没毛病👍🏻,2025年12月27日,"{'机身颜色': '闪速黑', '存储容量': '12GB+256GB'}",手机收到了质感不错喜欢黑色外壳屏幕看着舒服给爸爸买的希望用着舒心试用了一畅度还不点赞不愧是新发行的手机没毛病,手机 收到 质感 不错 喜欢 黑色 外壳 屏幕 看着 舒服 爸爸 希望 舒心 试用 畅度 不点 不愧 发行 手机 毛病,商品9.csv,1.0,正向
1,很好，做工很精细，颜色也很漂亮，而且用起来做工很，续航时间也很长，玩了一天还有电呢，感觉用不了，一天一充都可以够了。这个确实是个很大的提升,2025年12月27日,"{'机身颜色': '电光紫', '存储容量': '12GB+256GB'}",很好做工很精细颜色也很漂亮而且用起来做工很续航时间也很长玩了一天还有电呢感觉用不了一天一充都可以够了这个确实是个很大的提升,做工 精细 颜色 很漂亮 而且 起来 做工 续航 时间 很长 一天 还有 感觉 不了 一天 一充 可以 这个 确实 很大 提升,商品9.csv,1.0,正向
1,手机收到了，使用了几天，手感各方面感觉都还不错。,2025年12月27日,"{'机身颜色': '闪速黑', '存储容量': '12GB+256GB'}",手机收到了使用了几天手感各方面感觉都还不错,手机 收到 使用 几天 手感 方面 感觉 不错,商品9.csv,0.9125,正向
1, 「一加Ace 6T续航封神！8300mAh电池两天一充+165Hz高刷屏丝滑吃鸡，第五代骁龙8帧率稳如直线，100W闪充35分钟满血，性价比屠夫实至名归！」   ,2026年1月2日,"{'机身颜色': '电光紫', '存储容量': '12GB+256GB'}",一加 续航封神电池两天一充高刷屏丝滑吃鸡第五代骁龙帧率稳如直线闪充分钟满血性价比屠夫实至名归,一加 续航 封神 电池 两天 一充 刷屏 丝滑 第五代 骁龙 稳如 直线 充分 满血 性价比 屠夫 实至名归,商品9.csv,0.9939,正向
1,之前的一加9rt用了4年，这次换了一加ace6t，电池续航很给力，充电也很快，用着挺顺手的。,2026年1月2日,"{'机身颜色': '闪速黑', '存储容量': '12GB+512GB'}",之前的一加用了年这次换了一加电池续航很给力充电也很快用着挺顺手的,之前 一加用 这次 一加 电池 续航 充电 很快 顺手,商品9.csv,0.9568,正向
1,官方旗舰店发货就是快，服务态度好，机器质感很好，屏幕清晰，运行流畅，拍照效果更好，不错挺满意,2025年12月21日,"{'机身颜色': '电光紫', '存储容量': '12GB+256GB'}",官方旗舰店发货就是快服务态度好机器质感很好屏幕清晰运行流畅拍照效果更好不错挺满意,官方 旗舰店 发货 就是 服务态度 机器 质感 屏幕 清晰 运行 流畅 拍照 效果 更好 不错 满意,商品9.csv,0.9999,正向
1,性价比很高，主要是看中8300毫安时的大电池，搭配100w的快充，感觉是旧手机两倍的续航。买来不怎么玩游戏，日常使用很流畅,2025年12月21日,"{'机身颜色': '电光紫', '存储容量': '12GB+256GB'}",性价比很高主要是看中毫安时的大电池搭配的快充感觉是旧手机两倍的续航买来不怎么玩游戏日常使用很流畅,性价比 主要 看中 毫安 电池 搭配 快充 感觉 手机 两倍 续航 买来 不怎么 玩游戏 日常 使用 流畅,商品9.csv,1.0,正向
1,"这个绿色简直了!!太好看了！！特别小清新 的一个颜色，到手就立马用上了,性能也特别 好，整体很流畅，效果很好！!",2025年12月21日,"{'机身颜色': '掠影绿', '存储容量': '12GB+256GB'}",这个绿色简直了太好看了特别小清新 的一个颜色到手就立马用上了性能也特别 好整体很流畅效果很好,这个 绿色 简直 好看 特别 清新 一个 颜色 到手 立马 性能 特别 整体 流畅 效果,商品9.csv,0.9994,正向
1,入手一加Ace 6T彻底爱上！骁龙芯加持，多任务切换行云流水，重度使用毫无压力。超大电池+超快充，出门一天毫无负担。屏幕素质高，色彩准，护眼效果棒。颜值在线，握持舒适，千元机价位能有这配置，简直是真香机！,2025年12月12日,"{'机身颜色': '闪速黑', '存储容量': '12GB+256GB'}",入手一加 彻底爱上骁龙芯加持多任务切换行云流水重度使用毫无压力超大电池超快充出门一天毫无负担屏幕素质高色彩准护眼效果棒颜值在线握持舒适千元机价位能有这配置简直是真香机,入手 一加 彻底 爱上 龙芯 加持 多任务 切换 行云流水 重度 使用 毫无 压力 超大 电池 超快 出门 一天 毫无 负担 屏幕 素质 色彩 护眼 效果 颜值 在线 握持 舒适 千元 价位 配置 简直 真香机,商品9.csv,1.0,正向
1,新处理器对于不玩游戏的人太友好了，操作起来非常流畅，充满电能用一天，colorOS用起来也简单方便。,2025年12月12日,"{'机身颜色': '掠影绿', '存储容量': '12GB+256GB'}",新处理器对于不玩游戏的人太友好了操作起来非常流畅充满电能用一天用起来也简单方便,处理器 对于 玩游戏 友好 操作 起来 非常 流畅 充满 电能 一天 起来 简单 方便,商品9.csv,0.9948,正向
1,电光紫真的很好看颜值高 系统流畅而且165Hz超高刷玩游戏很爽！,2025年12月26日,"{'机身颜色': '电光紫', '存储容量': '12GB+256GB'}",电光紫真的很好看颜值高 系统流畅而且超高刷玩游戏很爽,电光 真的 好看 颜值 系统 流畅 而且 超高 玩游戏 很爽,商品9.csv,0.9988,正向
1,物流很快，刚到手，附和预期，整体体验感很好,2026年1月1日,"{'机身颜色': '闪速黑', '存储容量': '12GB+512GB'}",物流很快刚到手附和预期整体体验感很好,物流 很快 到手 附和 预期 整体 体验,商品9.csv,0.9983,正向
1,心仪了好久，终于到手，紫色2026年必流行颜色，简直爱不释手,2026年1月1日,"{'机身颜色': '电光紫', '存储容量': '12GB+256GB'}",心仪了好久终于到手紫色年必流行颜色简直爱不释手,心仪 好久 终于 到手 紫色 流行 颜色 简直 爱不释手,商品9.csv,0.976,正向
1,手机买给爸爸用的，爸爸很喜欢，手机颜值和性能都很好，估计能用个三四年,2026年1月1日,"{'机身颜色': '闪速黑', '存储容量': '12GB+256GB'}",手机买给爸爸用的爸爸很喜欢手机颜值和性能都很好估计能用个三四年,手机 爸爸 爸爸 喜欢 手机 颜值 性能 估计 能用 三四年,商品9.csv,0.9996,正向
1,一加Ace6直接拿下，没下手的还在犹豫什么  我是犹豫了半天，最后拿下了一加Ace6，目的还是为了玩游戏呗! 估计很多人也跟我一样，面对这么多手机，都在犹豫到底选哪个?我看重的点主要就是165Hz屏幕，可以开165帧游戏，包括和平精英，穿越火线等FPS游戏，都可以开165帧，感觉确实爽。还有就是7800mAh电池续航能玩一天，120W快充几十分钟就回满了。,2025年12月16日,"{'机身颜色': '闪速黑', '存储容量': '12GB+256GB'}",一加直接拿下没下手的还在犹豫什么  我是犹豫了半天最后拿下了一加目的还是为了玩游戏呗 估计很多人也跟我一样面对这么多手机都在犹豫到底选哪个我看重的点主要就是屏幕可以开帧游戏包括和平精英穿越火线等游戏都可以开帧感觉确实爽还有就是电池续航能玩一天快充几十分钟就回满了,一加 直接 拿下 下手 犹豫 什么 犹豫 半天 最后 拿下 一加 目的 还是 为了 玩游戏 估计 很多 一样 面对 这么 手机 犹豫 到底 哪个 看重 主要 就是 屏幕 可以 开帧 游戏 包括 和平 精英 穿越 火线 游戏 可以 开帧 感觉 确实 还有 就是 电池 续航 一天 快充 几十分钟 回满,商品9.csv,1.0,正向
1,以前一直用华为，没接触过colour 系统，有很多小心思挺有用，感觉不错。但是左侧的ai实体键实在有点鸡肋，而且也不支持多种操控应对不同功能,2026年1月8日,"{'机身颜色': '闪速黑', '存储容量': '12GB+512GB'}",以前一直用华为没接触过 系统有很多小心思挺有用感觉不错但是左侧的实体键实在有点鸡肋而且也不支持多种操控应对不同功能,以前 一直 华为 接触 系统 很多 心思 有用 感觉 不错 但是 左侧 实体 实在 有点 鸡肋 而且 支持 多种 操控 应对 不同 功能,商品9.csv,0.8918,正向
1,很多细节非常好用，而且感觉应该还没有学会全部的快捷使用方法，打游戏非常流畅，燕云，七日世界这种也ok，王者这种完全不卡，机身我个人觉得也不算重，提醒收快递等一系列提示非常符合人类的习惯（完全不会反人类），提示音也不吵，能听到但是听起来很舒服，唯一的缺点就是好像前置摄像头不能放大？暂时还没找到哪里能调整放大缩小🤣（但是后置可以）哦对了还有回收上门的师傅非常好，很有礼貌而且当场打款👍🏻,2026年1月28日,"{'机身颜色': '掠影绿', '存储容量': '16GB+1TB'}",很多细节非常好用而且感觉应该还没有学会全部的快捷使用方法打游戏非常流畅燕云七日世界这种也王者这种完全不卡机身我个人觉得也不算重提醒收快递等一系列提示非常符合人类的习惯完全不会反人类提示音也不吵能听到但是听起来很舒服唯一的缺点就是好像前置摄像头不能放大暂时还没找到哪里能调整放大缩小但是后置可以哦对了还有回收上门的师傅非常好很有礼貌而且当场打款,很多 细节 非常 好用 而且 感觉 应该 没有 学会 全部 快捷 使用 方法 打游戏 非常 流畅 燕云 七日 世界 这种 王者 这种 完全 不卡 机身 个人 觉得 不算 提醒 快递 一系列 提示 非常 符合 人类 习惯 完全 不会 人类 提示音 听到 但是 起来 舒服 唯一 缺点 就是 好像 前置 摄像头 不能 放大 暂时 找到 哪里 调整 放大 缩小 但是 后置 可以 还有 回收 上门 师傅 非常 礼貌 而且 当场 打款,商品9.csv,0.9999,正向
1,ace2升级，换了这个，最爱一加有自己的特色，电池真的大，一天根本用不完，拍照也不错，质感也很好，永远相信一加！！！,2025年12月20日,"{'机身颜色': '闪速黑', '存储容量': '12GB+256GB'}",升级换了这个最爱一加有自己的特色电池真的大一天根本用不完拍照也不错质感也很好永远相信一加,升级 这个 最爱 一加 自己 特色 电池 真的 一天 根本 用不完 拍照 不错 质感 永远 相信 一加,商品9.csv,0.9978,正向
1,一加ACE6T真的太香了！骁龙8gen5处理器320万分非常流畅，紫色淡紫色挺好看的，屏幕显示细腻，续航给力两天一充，性价比超高，强烈推荐！,2025年12月20日,"{'机身颜色': '电光紫', '存储容量': '12GB+256GB'}",一加真的太香了骁龙处理器万分非常流畅紫色淡紫色挺好看的屏幕显示细腻续航给力两天一充性价比超高强烈推荐,一加 真的 太香 骁龙 处理器 万分 非常 流畅 紫色 淡紫色 好看 屏幕显示 细腻 续航 给力 两天 一充 性价比 超高 强烈推荐,商品9.csv,1.0,正向
1,通信音质：通话质量很好，手机信号很不错 其他特色：游戏速度很快，刷新率很高，不会有卡顿 显示效果：手机屏幕像素好，显示效果好,2025年12月20日,"{'机身颜色': '闪速黑', '存储容量': '12GB+256GB'}",通信音质通话质量很好手机信号很不错 其他特色游戏速度很快刷新率很高不会有卡顿 显示效果手机屏幕像素好显示效果好,通信 音质 通话质量 手机信号 不错 其他 特色 游戏 速度 很快 刷新率 不会 有卡顿 显示 效果 手机 屏幕 像素 显示 效果,商品9.csv,0.9971,正向
1,有国补优惠10%，当天拍当日发的货，顺丰第二天就收到了。小米10S换过来的，系统流畅，可以说无缝对接了，没有什么需要重新适应的。就是手机卡流量剩余不会自己实时显示，要自己手动调节，体验不佳啊。问Ai的问题很多只给出操作步骤，不会帮你一步到位调好。主题、字体，壁纸什么的那些免费的很少，多数要花钱买，或者做任务去兑换。绿色的实物颜色很好看，裸机的手感好，送的套比较容易脏，预贴的膜也挺粘指纹。超声波指纹解锁是真的快。,2025年12月20日,"{'机身颜色': '掠影绿', '存储容量': '12GB+512GB'}",有国补优惠当天拍当日发的货顺丰第二天就收到了小米换过来的系统流畅可以说无缝对接了没有什么需要重新适应的就是手机卡流量剩余不会自己实时显示要自己手动调节体验不佳啊问的问题很多只给出操作步骤不会帮你一步到位调好主题字体壁纸什么的那些免费的很少多数要花钱买或者做任务去兑换绿色的实物颜色很好看裸机的手感好送的套比较容易脏预贴的膜也挺粘指纹超声波指纹解锁是真的快,有国补 优惠 当天 当日 货顺丰 第二天 收到 小米 换过来 系统 流畅 可以 无缝 对接 没有 什么 需要 重新 适应 就是 手机卡 流量 剩余 不会 自己 实时 显示 自己 手动 调节 体验 不佳 问题 很多 给出 操作步骤 不会 一步到位 主题 字体 壁纸 什么 那些 免费 很少 多数 花钱买 或者 任务 兑换 绿色 实物 颜色 好看 裸机 手感 比较 容易 预贴 指纹 超声波 指纹 解锁 真的,商品9.csv,0.0001,负向
1,刚刚收到还没有正式使用，但是电池消耗太快。效果用了才知道怎么。,2026年1月16日,"{'机身颜色': '闪速黑', '存储容量': '12GB+512GB'}",刚刚收到还没有正式使用但是电池消耗太快效果用了才知道怎么,刚刚 收到 没有 正式 使用 但是 电池 消耗 太快 效果 知道 怎么,商品9.csv,0.7317,中性
1,手机收到了，外观很漂亮，使用也很顺滑！！！不错不错！！！,2025年12月31日,"{'机身颜色': '闪速黑', '存储容量': '12GB+256GB'}",手机收到了外观很漂亮使用也很顺滑不错不错,手机 收到 外观 很漂亮 使用 顺滑 不错 不错,商品9.csv,0.9998,正向
1,手机还不错外观好看带电持久充电也很快喜欢打游戏的可以闭眼冲！,2025年12月31日,"{'机身颜色': '掠影绿', '存储容量': '12GB+512GB'}",手机还不错外观好看带电持久充电也很快喜欢打游戏的可以闭眼冲,手机 不错 外观 好看 带电 持久 充电 很快 喜欢 打游戏 可以 闭眼,商品9.csv,0.9998,正向
1,手机上新就开始关注了，性价比性能都是特别棒的，电池容量高达8300，很多性能都大幅度升级,2025年12月31日,"{'机身颜色': '掠影绿', '存储容量': '16GB+1TB'}",手机上新就开始关注了性价比性能都是特别棒的电池容量高达很多性能都大幅度升级,手机 开始 关注 性价比 性能 特别 电池容量 很多 性能 大幅度 升级,商品9.csv,1.0,正向
1,这个手机非常好用，建议大家都够买，之前的一加2年了，一点儿也不卡，真的很好用，这个给家里人买,2025年12月31日,"{'机身颜色': '闪速黑', '存储容量': '12GB+256GB'}",这个手机非常好用建议大家都够买之前的一加年了一点儿也不卡真的很好用这个给家里人买,这个 手机 非常 好用 建议 大家 够买 之前 一加 一点儿 不卡 真的 这个 家里人,商品9.csv,0.9929,正向
1,很好，手机质量好，运行速度快，很喜欢,2025年12月31日,"{'机身颜色': '掠影绿', '存储容量': '12GB+256GB'}",很好手机质量好运行速度快很喜欢,手机 质量 运行 速度 喜欢,商品9.csv,0.9963,正向
1,发货速度惊人，下午下单，第二天一早就收到了。手机质量好值得推荐购买，性价比高。,2025年12月31日,"{'机身颜色': '闪速黑', '存储容量': '12GB+256GB'}",发货速度惊人下午下单第二天一早就收到了手机质量好值得推荐购买性价比高,发货 速度 惊人 下午 下单 第二天 早就 收到 手机 质量 值得 推荐 购买 性价比,商品9.csv,0.919,正向
1,手机收到了，非常不错呦，很丝滑，样子质感很好，高端大气，不错😊😊,2025年12月31日,"{'机身颜色': '闪速黑', '存储容量': '12GB+256GB'}",手机收到了非常不错呦很丝滑样子质感很好高端大气不错,手机 收到 非常 不错 样子 质感 高端 大气 不错,商品9.csv,0.9995,正向
1,机器太帅了 必须选绿色 青春时尚 性能没的说 外观也漂亮 值得推荐的好物,2025年12月31日,"{'机身颜色': '掠影绿', '存储容量': '12GB+256GB'}",机器太帅了 必须选绿色 青春时尚 性能没的说 外观也漂亮 值得推荐的好物,机器 太帅 必须 绿色 青春 时尚 性能 外观 漂亮 值得 推荐 好物,商品9.csv,1.0,正向
1,很好用，非常丝滑流畅，给我妈买的，只要长时间不卡就行，感觉还可以，应该没问题，各方面功能都挺好的挺丝滑,2025年12月25日,"{'机身颜色': '闪速黑', '存储容量': '12GB+256GB'}",很好用非常丝滑流畅给我妈买的只要长时间不卡就行感觉还可以应该没问题各方面功能都挺好的挺丝滑,非常 丝滑 流畅 只要 长时间 不卡 感觉 可以 应该 问题 方面 功能,商品9.csv,1.0,正向
1,机器很漂亮 做工很好 反应速度也好 快递物流也很快棒棒棒客服也很善解人意 音质很好选择这个没错的 价格也很好,2025年12月25日,"{'机身颜色': '闪速黑', '存储容量': '12GB+256GB'}",机器很漂亮 做工很好 反应速度也好 快递物流也很快棒棒棒客服也很善解人意 音质很好选择这个没错的 价格也很好,机器 很漂亮 做工 反应速度 也好 快递 物流 很快 棒棒 客服 善解人意 音质 选择 这个 没错 价格,商品9.csv,1.0,正向
1,外观设计很好，大小合适，充电很快，满电整体都够用。跟直播间说的一样。,2025年12月25日,"{'机身颜色': '掠影绿', '存储容量': '12GB+512GB'}",外观设计很好大小合适充电很快满电整体都够用跟直播间说的一样,外观设计 大小 合适 充电 很快 满电 整体 够用 直播间 一样,商品9.csv,0.9966,正向
1,手机系统很流畅，电池特别耐用，充电也很快，值得购买,2025年12月25日,"{'机身颜色': '电光紫', '存储容量': '12GB+256GB'}",手机系统很流畅电池特别耐用充电也很快值得购买,手机 系统 流畅 电池 特别 耐用 充电 很快 值得 购买,商品9.csv,0.9983,正向
1,使用起来很舒服 感觉很不错 我很喜欢 内存 电量都很顶 适合家里人用！,2026年1月7日,"{'机身颜色': '闪速黑', '存储容量': '12GB+256GB'}",使用起来很舒服 感觉很不错 我很喜欢 内存 电量都很顶 适合家里人用,使用 起来 舒服 感觉 不错 喜欢 内存 电量 适合 家里人,商品9.csv,0.9974,正向
1,手机性能很好待机时间长，拍照也是够用的。送的小音箱也挺好的,2026年1月27日,"{'机身颜色': '闪速黑', '存储容量': '12GB+256GB'}",手机性能很好待机时间长拍照也是够用的送的小音箱也挺好的,手机 性能 待机时间 拍照 够用 音箱,商品9.csv,0.9961,正向
1,用了两天，电池还蛮耐用的，流畅度也挺好的，性价比很高，,2025年12月15日,"{'机身颜色': '掠影绿', '存储容量': '12GB+256GB'}",用了两天电池还蛮耐用的流畅度也挺好的性价比很高,两天 电池 耐用 流畅 性价比,商品9.csv,0.9986,正向
1,购物不错不错不错，物流给力服务态度很好，祝店家红红火火，下次继续光顾。给个好评语！,2026年2月12日,"{'机身颜色': '掠影绿', '存储容量': '16GB+1TB'}",购物不错不错不错物流给力服务态度很好祝店家红红火火下次继续光顾给个好评语,购物 不错 不错 不错 物流 给力 服务态度 店家 红红火火 下次 继续 光顾 评语,商品9.csv,0.9994,正向
1,大屏就是爽，看视频很给力 显示效果：显示可以，不刺眼，画质细腻 其他特色：电池大，使用一天没有问题 通信音质：通话清晰,2025年12月19日,"{'机身颜色': '掠影绿', '存储容量': '12GB+256GB'}",大屏就是爽看视频很给力 显示效果显示可以不刺眼画质细腻 其他特色电池大使用一天没有问题 通信音质通话清晰,大屏 就是 爽看 视频 显示 效果 显示 可以 刺眼 画质 细腻 其他 特色 电池 使用 一天 没有 问题 通信 音质 通话 清晰,商品9.csv,0.9999,正向
1,苹果用户丝滑换到了安卓机 首选了这一款  续航能力 信号不错 后置摄像头也很清楚 性价比挺高的,2025年12月30日,"{'机身颜色': '掠影绿', '存储容量': '12GB+512GB'}",苹果用户丝滑换到了安卓机 首选了这一款  续航能力 信号不错 后置摄像头也很清楚 性价比挺高的,苹果 用户 丝滑换 安卓机 首选 一款 续航 能力 信号 不错 后置 摄像头 清楚 性价比,商品9.csv,1.0,正向
1,手机电池非常耐用，使用起来丝滑流畅不卡顿，外观看起来也挺大气的，非常不错,2025年12月30日,"{'机身颜色': '闪速黑', '存储容量': '12GB+512GB'}",手机电池非常耐用使用起来丝滑流畅不卡顿外观看起来也挺大气的非常不错,手机电池 非常 耐用 使用 起来 丝滑 流畅 不卡顿 外观 看起来 大气 非常 不错,商品9.csv,1.0,正向
1,快递很快，昨天晚上下单今天上午就到了，给长辈买的，电池容量很大,2025年12月30日,"{'机身颜色': '电光紫', '存储容量': '12GB+256GB'}",快递很快昨天晚上下单今天上午就到了给长辈买的电池容量很大,快递 很快 昨天晚上 下单 今天上午 长辈 电池容量 很大,商品9.csv,0.9243,正向
1,手机收到了，外观很漂亮，使用也很顺畅，使用感不错,2025年12月30日,"{'机身颜色': '电光紫', '存储容量': '12GB+256GB'}",手机收到了外观很漂亮使用也很顺畅使用感不错,手机 收到 外观 很漂亮 使用 顺畅 使用 不错,商品9.csv,0.9998,正向
1,手机颜值超高！快递运输快，还是第一次尝试1加手机，感觉还不错,2025年12月30日,"{'机身颜色': '掠影绿', '存储容量': '12GB+256GB'}",手机颜值超高快递运输快还是第一次尝试加手机感觉还不错,手机 颜值 超高 快递 运输 还是 第一次 尝试 手机 感觉 不错,商品9.csv,0.9894,正向
1,电池容量非常大，发货速度很快，性能非常奈斯，推荐购买,2025年12月30日,"{'机身颜色': '闪速黑', '存储容量': '12GB+256GB'}",电池容量非常大发货速度很快性能非常奈斯推荐购买,电池容量 非常 发货 速度 很快 性能 非常 奈斯 推荐 购买,商品9.csv,0.9994,正向
1,充电飞快，再也不用等待。 屏幕绚丽，视觉享受满分。 性价比超高，推荐给朋友都夸好,2025年12月30日,"{'机身颜色': '掠影绿', '存储容量': '12GB+256GB'}",充电飞快再也不用等待 屏幕绚丽视觉享受满分 性价比超高推荐给朋友都夸好,充电 飞快 再也 不用 等待 屏幕 绚丽 视觉享受 满分 性价比 超高 推荐 朋友 夸好,商品9.csv,1.0,正向
1,通信音质：通话非常清晰 显示效果：使用非常流畅 外观:很大气 操作:性价比之王,2025年12月30日,"{'机身颜色': '闪速黑', '存储容量': '12GB+256GB'}",通信音质通话非常清晰 显示效果使用非常流畅 外观很大气 操作性价比之王,通信 音质 通话 非常 清晰 显示 效果 使用 非常 流畅 外观 很大 操作 性价比 之王,商品9.csv,1.0,正向
1,非常好，系统很丝滑，内存也很大，用着得心应手，非常满意,2025年12月30日,"{'机身颜色': '闪速黑', '存储容量': '12GB+512GB'}",非常好系统很丝滑内存也很大用着得心应手非常满意,非常 系统 很丝滑 内存 很大 得心应手 非常 满意,商品9.csv,0.9854,正向
1,手机已经收到了，首先发货很快购买，第二天就到了，冲着8300毫安的电池买的，看看后续体验怎么样？,2025年12月24日,"{'机身颜色': '闪速黑', '存储容量': '12GB+256GB'}",手机已经收到了首先发货很快购买第二天就到了冲着毫安的电池买的看看后续体验怎么样,手机 已经 收到 首先 发货 很快 购买 第二天 冲着 毫安 电池 看看 后续 体验 怎么样,商品9.csv,0.9582,正向
1,✨手机收到啦，颜色是超好看的掠影绿，特别清新亮眼🌟。存储容量也够用，日常使用很流畅，完全符合描述呢💯。补贴后价格很实惠，性价比超高，满意满意😊！,2025年12月24日,"{'机身颜色': '掠影绿', '存储容量': '12GB+512GB'}",手机收到啦颜色是超好看的掠影绿特别清新亮眼存储容量也够用日常使用很流畅完全符合描述呢补贴后价格很实惠性价比超高满意满意,手机 收到 颜色 好看 掠影 特别 清新 亮眼 存储容量 够用 日常 使用 流畅 完全符合 描述 补贴 价格 实惠 性价比 超高 满意 满意,商品9.csv,1.0,正向
1,下单就次日达，这手机拿到手手感非常不错。丝滑到起飞。外观很帅，直屏设计贴钢化膜超方便。8300毫安电池不用担心没电。,2025年12月24日,"{'机身颜色': '电光紫', '存储容量': '12GB+256GB'}",下单就次日达这手机拿到手手感非常不错丝滑到起飞外观很帅直屏设计贴钢化膜超方便毫安电池不用担心没电,下单 次日 手机 拿到 手感 非常 不错 丝滑 起飞 外观 很帅 直屏 设计 钢化 方便 毫安 电池 不用 担心,商品9.csv,0.9973,正向
1,快递速度很快，手机很流畅很丝滑，手感也很好，显示效果看得很舒服，而且这个价位很划算了，买来当个备用机绰绰有余,2025年12月24日,"{'机身颜色': '闪速黑', '存储容量': '12GB+256GB'}",快递速度很快手机很流畅很丝滑手感也很好显示效果看得很舒服而且这个价位很划算了买来当个备用机绰绰有余,快递 速度 很快 手机 流畅 很丝滑 手感 显示 效果 看得 舒服 而且 这个 价位 划算 买来 备用机 绰绰有余,商品9.csv,1.0,正向
1,从一加 ace3v 升级过来， 手感不错，主摄效果不错，显示效果更好，性能提升不少。继续支持一加。,2025年12月24日,"{'机身颜色': '闪速黑', '存储容量': '12GB+512GB'}",从一加  升级过来 手感不错主摄效果不错显示效果更好性能提升不少继续支持一加,一加 升级 过来 手感 不错 主摄 效果 不错 显示 效果 更好 性能 提升 不少 继续 支持 一加,商品9.csv,0.9999,正向
1,款式跟颜值都很在线，系统反应，切换 app 都很快，电量容量也很大！,2025年12月24日,"{'机身颜色': '掠影绿', '存储容量': '12GB+256GB'}",款式跟颜值都很在线系统反应切换  都很快电量容量也很大,款式 颜值 在线 系统 反应 切换 很快 电量 容量 很大,商品9.csv,0.1335,负向
1,处理器：新一代骁龙处理器，运行流畅 电池：8300mAh容量，续航满意 解锁：超声波解锁顺滑便捷 屏幕：显示艳丽 拍照：还原度好 通信：地下停车场信号满格,2025年12月24日,"{'机身颜色': '闪速黑', '存储容量': '12GB+256GB'}",处理器新一代骁龙处理器运行流畅 电池容量续航满意 解锁超声波解锁顺滑便捷 屏幕显示艳丽 拍照还原度好 通信地下停车场信号满格,处理器 新一代 骁龙 处理器 运行 流畅 电池容量 续航 满意 解锁 超声波 解锁 顺滑 便捷 屏幕显示 艳丽 拍照 还原 通信 地下 停车场 信号 满格,商品9.csv,1.0,正向
1,通信音质：声音非常合适，调到一半感觉就是最大音了  其他特色：手机屏幕大，拍照也合适，主要是给父母的  显示效果：屏幕可以的，很清楚也有高刷,2025年12月24日,"{'机身颜色': '电光紫', '存储容量': '12GB+256GB'}",通信音质声音非常合适调到一半感觉就是最大音了  其他特色手机屏幕大拍照也合适主要是给父母的  显示效果屏幕可以的很清楚也有高刷,通信 音质 声音 非常 合适 一半 感觉 就是 最大 其他 特色 手机 屏幕 拍照 合适 主要 父母 显示 效果 屏幕 可以 清楚 高刷,商品9.csv,0.9913,正向
1,手机到货了，非常漂亮！必须全五星！！卖家用心了，能感受到大牌子的用心，实在是物美价廉，没想到可以买到如此好的产品！,2025年12月24日,"{'机身颜色': '电光紫', '存储容量': '12GB+256GB'}",手机到货了非常漂亮必须全五星卖家用心了能感受到大牌子的用心实在是物美价廉没想到可以买到如此好的产品,手机 到货 非常 漂亮 必须 五星 卖家 用心 感受 牌子 用心 实在 物美价廉 没想到 可以 如此 产品,商品9.csv,0.9772,正向
1,挺好  电量很大  耐用  打游戏流畅的 好用好用 买给对象的 他说好用,2025年12月24日,"{'机身颜色': '闪速黑', '存储容量': '12GB+256GB'}",挺好  电量很大  耐用  打游戏流畅的 好用好用 买给对象的 他说好用,电量 很大 耐用 打游戏 流畅 好用 对象 说好,商品9.csv,0.9995,正向
1,打游戏挺流畅，就是高帧玩是更容易发烫，不过能接受,2026年1月14日,"{'机身颜色': '电光紫', '存储容量': '12GB+256GB'}",打游戏挺流畅就是高帧玩是更容易发烫不过能接受,打游戏 流畅 就是 高帧 容易 发烫 不过 接受,商品9.csv,0.9646,正向
1,这系统杠杠的，性价比超高，物超所值，玩游戏不卡，不发烫，打算介绍朋友再下单,2025年12月14日,"{'机身颜色': '掠影绿', '存储容量': '12GB+256GB'}",这系统杠杠的性价比超高物超所值玩游戏不卡不发烫打算介绍朋友再下单,系统 杠杠 性价比 超高 物超所值 玩游戏 不卡 不发 打算 介绍 朋友 下单,商品9.csv,0.9997,正向
1,刚拿到没几天，用下来最大的感受是，一加Ace 6T没有堆花哨的参数，而是精准解决了用户的核心需求——续航够久、游戏够爽、信号够稳、用着够省心。不管是学生党、游戏党，还是经常出门的打工人，这台手机都能稳稳接住日常使用场景，这价格能有这样的配置，性价比真的没话说。如果你也讨厌续航焦虑、追求流畅的使用体验，这台“实用派旗舰”值得闭眼冲～,2025年12月14日,"{'机身颜色': '掠影绿', '存储容量': '12GB+256GB'}",刚拿到没几天用下来最大的感受是一加 没有堆花哨的参数而是精准解决了用户的核心需求续航够久游戏够爽信号够稳用着够省心不管是学生党游戏党还是经常出门的打工人这台手机都能稳稳接住日常使用场景这价格能有这样的配置性价比真的没话说如果你也讨厌续航焦虑追求流畅的使用体验这台实用派旗舰值得闭眼冲,拿到 几天 下来 最大 感受 一加 没有 花哨 参数 而是 精准 解决 用户 核心 需求 续航 游戏 信号 稳用 省心 不管 学生 游戏 还是 经常 出门 工人 这台 手机 稳稳 日常 使用 场景 价格 这样 配置 性价比 真的 没话说 如果 讨厌 续航 焦虑 追求 流畅 使用 体验 这台 实用 旗舰 值得 闭眼,商品9.csv,1.0,正向
1,手机尺寸非常合适，高刷新率操作系统很流畅，大容量电池从此没有续航焦虑症，厂家的两年质保让用户更加相信产品的质量可靠，很满意的一次购物体验啦……,2025年12月14日,"{'机身颜色': '闪速黑', '存储容量': '12GB+256GB'}",手机尺寸非常合适高刷新率操作系统很流畅大容量电池从此没有续航焦虑症厂家的两年质保让用户更加相信产品的质量可靠很满意的一次购物体验啦,手机 尺寸 非常 合适 刷新率 操作系统 流畅 大容量 电池 从此 没有 续航 焦虑症 厂家 两年 质保 用户 更加 相信 产品 质量 可靠 满意 一次 购物 体验,商品9.csv,0.9997,正向
1,其他特色：手机发货快，服务态度好，客服响应速度很快，续航能力很好 ,2025年12月29日,"{'机身颜色': '闪速黑', '存储容量': '12GB+256GB'}",其他特色手机发货快服务态度好客服响应速度很快续航能力很好,其他 特色 手机 发货 服务态度 客服 响应速度 很快 续航 能力,商品9.csv,0.9952,正向
1,手机很好，流畅颜值高，从一加七pro开始买，到现在我们全家人都用一加手机。很棒,2025年12月29日,"{'机身颜色': '掠影绿', '存储容量': '12GB+512GB'}",手机很好流畅颜值高从一加七开始买到现在我们全家人都用一加手机很棒,手机 流畅 颜值 一加 开始 现在 我们 全家人 一加 手机 很棒,商品9.csv,0.9996,正向
1,手机拿手里很舒服，配置也很好。用着很流畅，音质也不错，强烈推荐。,2025年12月18日,"{'机身颜色': '电光紫', '存储容量': '12GB+256GB'}",手机拿手里很舒服配置也很好用着很流畅音质也不错强烈推荐,手机 手里 舒服 配置 流畅 音质 不错 强烈推荐,商品9.csv,1.0,正向
1,✨这款手机真的太惊喜啦！📱黑色机身质感超棒，拿在手里高级感满满~ 存储容量够大够用，日常使用完全不卡顿，反应速度很快呢~ 补贴活动也很给力，性价比超高，推荐入手！💯质量非常好，看着高端大气上档次上档次，物流隔天就到，客服热情负责，给老板100个赞赞赞赞赞赞赞赞赞赞赞赞赞👍👍👍👍👍！,2025年12月18日,"{'机身颜色': '闪速黑', '存储容量': '12GB+256GB'}",这款手机真的太惊喜啦黑色机身质感超棒拿在手里高级感满满 存储容量够大够用日常使用完全不卡顿反应速度很快呢 补贴活动也很给力性价比超高推荐入手质量非常好看着高端大气上档次上档次物流隔天就到客服热情负责给老板个赞赞赞赞赞赞赞赞赞赞赞赞赞,手机 真的 惊喜 黑色 机身 质感 超棒 手里 高级 满满 存储容量 够用 日常 使用 完全 不卡顿 反应速度 很快 补贴 活动 性价比 超高 推荐 入手 质量 非常 看着 高端 大气 上档次 上档次 物流 隔天 客服 热情 负责 老板 赞赞 赞赞 赞赞 赞赞 赞赞 赞赞赞,商品9.csv,1.0,正向
1,拿到手机就开始用了，不卡顿，充电贼快，目前冲一次电能用到第二天晚上，上班刷抖音，聊天，电池真的经久耐用啊，不错不错！,2025年12月18日,"{'机身颜色': '掠影绿', '存储容量': '12GB+512GB'}",拿到手机就开始用了不卡顿充电贼快目前冲一次电能用到第二天晚上上班刷抖音聊天电池真的经久耐用啊不错不错,拿到 手机 开始 不卡顿 充电 目前 一次 电能 用到 第二天 晚上 上班 刷抖音 聊天 电池 真的 经久耐用 不错 不错,商品9.csv,0.3464,负向
1,用了一周了，主要冲着续航买的，显示效果不错，挺适合我。外观时尚，内在实用，手感也不错。好评,2025年12月23日,"{'机身颜色': '电光紫', '存储容量': '12GB+256GB'}",用了一周了主要冲着续航买的显示效果不错挺适合我外观时尚内在实用手感也不错好评,一周 主要 冲着 续航 显示 效果 不错 适合 外观 时尚 内在 实用 手感 不错 好评,商品9.csv,1.0,正向
1,奔着第五代骁龙8处理器来的，操作非常流畅还有165的高刷，屏幕清晰细腻色彩鲜艳视觉效果极佳，系统稳定智能整体性价比高，是一款值得推荐的优质产品。,2025年12月23日,"{'机身颜色': '闪速黑', '存储容量': '16GB+1TB'}",奔着第五代骁龙处理器来的操作非常流畅还有的高刷屏幕清晰细腻色彩鲜艳视觉效果极佳系统稳定智能整体性价比高是一款值得推荐的优质产品,第五代 骁龙 处理器 操作 非常 流畅 还有 高刷 屏幕 清晰 细腻 色彩鲜艳 视觉效果 极佳 系统 稳定 智能 整体 性价比 高是 一款 值得 推荐 优质产品,商品9.csv,1.0,正向
1,这次这个绿色挺好看的，手机性能强，续航也不错,2025年12月23日,"{'机身颜色': '掠影绿', '存储容量': '12GB+256GB'}",这次这个绿色挺好看的手机性能强续航也不错,这次 这个 绿色 好看 手机 性能 续航 不错,商品9.csv,0.998,正向
1,✨手机收到啦，掠影绿颜值好高，特别清新～📱存储容量也够用，日常使用很流畅呢～😊补贴后价格很划算，性价比超高！👍整体很满意，推荐入手哦～,2025年12月23日,"{'机身颜色': '掠影绿', '存储容量': '12GB+512GB'}",手机收到啦掠影绿颜值好高特别清新存储容量也够用日常使用很流畅呢补贴后价格很划算性价比超高整体很满意推荐入手哦,手机 收到 掠影 绿颜值 特别 清新 存储容量 够用 日常 使用 流畅 补贴 价格 划算 性价比 超高 整体 满意 推荐 入手,商品9.csv,1.0,正向
1,这次购物体验超棒！+手机颜色是惊艳的 掠影绿，拿到手比图片还好看~存储容量也 够用，日常使用很流畅。10描述完全相符，补 贴活动也很给力，性价比超高！,2025年12月23日,"{'机身颜色': '掠影绿', '存储容量': '16GB+1TB'}",这次购物体验超棒手机颜色是惊艳的 掠影绿拿到手比图片还好看存储容量也 够用日常使用很流畅描述完全相符补 贴活动也很给力性价比超高,这次 购物 体验 超棒 手机 颜色 惊艳 掠影 拿到 手比 图片 好看 存储容量 够用 日常 使用 流畅 描述 完全 相符 活动 性价比 超高,商品9.csv,1.0,正向
1,手机不错!性价比高，比我的骁龙8至尊玩游戏帧率高很多!电池没有想象好!但足够用了!希望质量过硬不会坏!目前性价比最高的骁龙处理器手机!,2025年12月13日,"{'机身颜色': '闪速黑', '存储容量': '12GB+256GB'}",手机不错性价比高比我的骁龙至尊玩游戏帧率高很多电池没有想象好但足够用了希望质量过硬不会坏目前性价比最高的骁龙处理器手机,手机 不错 性价比 高比 骁龙 至尊 玩游戏 很多 电池 没有 想象 足够 希望 质量 过硬 不会 目前 性价比 最高 骁龙 处理器 手机,商品9.csv,1.0,正向
1,一加ACE6T配置高，性能好，8300毫安电池续航强劲，coloros系统丝滑流畅，玩游戏画质流畅，新机还能享国补优惠，在这个价位段强烈建议大家购买！！！,2025年12月13日,"{'机身颜色': '闪速黑', '存储容量': '12GB+256GB'}",一加配置高性能好毫安电池续航强劲系统丝滑流畅玩游戏画质流畅新机还能享国补优惠在这个价位段强烈建议大家购买,一加 配置 高性能 毫安 电池 续航 强劲 系统 丝滑 流畅 玩游戏 画质 流畅 新机 享国 优惠 这个 价位 强烈建议 大家 购买,商品9.csv,1.0,正向
1,一直都是一加粉丝，电光紫很好看，速度超快，续航久，太棒了，满意！,2026年1月4日,"{'机身颜色': '电光紫', '存储容量': '12GB+256GB'}",一直都是一加粉丝电光紫很好看速度超快续航久太棒了满意,一直 一加 粉丝 电光 好看 速度 超快 续航 太棒了 满意,商品9.csv,0.9978,正向
1,✨黑色机身质感超棒，拿在手里很有分量🌟性能完全够用，日常使用流畅不卡顿⚡补贴后价格很划算，性价比拉满💰选择它，就像选对了生活里的可靠伙伴，实用主义者的理性之选。,2026年2月7日,"{'机身颜色': '闪速黑', '存储容量': '12GB+256GB'}",黑色机身质感超棒拿在手里很有分量性能完全够用日常使用流畅不卡顿补贴后价格很划算性价比拉满选择它就像选对了生活里的可靠伙伴实用主义者的理性之选,黑色 机身 质感 超棒 手里 分量 性能 完全 够用 日常 使用 流畅 不卡顿 补贴 价格 划算 性价比 拉满 选择 生活 可靠 伙伴 实用主义 理性 之选,商品9.csv,1.0,正向
1,我这几天着急出国叫客服帮我三天寄到位，结果他们真的两天就帮我寄到了，顶级服务 手机没有网上说的那么重，手感还是挺不错的，别的东西还在测试，目前看起来很棒,2026年2月7日,"{'机身颜色': '掠影绿', '存储容量': '12GB+512GB'}",我这几天着急出国叫客服帮我三天寄到位结果他们真的两天就帮我寄到了顶级服务 手机没有网上说的那么重手感还是挺不错的别的东西还在测试目前看起来很棒,几天 着急 出国 客服 三天 到位 结果 他们 真的 两天 顶级 服务 手机 没有 网上 那么 手感 还是 挺不错 别的 东西 测试 目前 看起来 很棒,商品9.csv,0.9111,正向
1,新手机都是不错的。旧手机电池实在不能在混了干脆换了。冲着这电池容量买了，不玩游戏价格合适就买了希望能持久保真。可惜16g512没货只有1T，那个没必要。只能选12了。,2025年12月28日,"{'机身颜色': '掠影绿', '存储容量': '12GB+512GB'}",新手机都是不错的旧手机电池实在不能在混了干脆换了冲着这电池容量买了不玩游戏价格合适就买了希望能持久保真可惜没货只有那个没必要只能选了,新手机 不错 手机电池 实在 不能 干脆 冲着 电池容量 玩游戏 价格 合适 希望 持久 保真 可惜 没货 只有 那个 必要 只能,商品9.csv,0.1074,负向
1,屏幕清晰，续航给力，磨砂手感好，信号一流，系统流畅，游戏丝滑，买就对了。,2025年12月28日,"{'机身颜色': '闪速黑', '存储容量': '12GB+256GB'}",屏幕清晰续航给力磨砂手感好信号一流系统流畅游戏丝滑买就对了,屏幕 清晰 续航 给力 磨砂 手感 信号 一流 系统 流畅 游戏 丝滑,商品9.csv,1.0,正向
1,很好，非常的好用，和平精英可以开165帧。大屏幕玩起来很好用。,2025年12月28日,"{'机身颜色': '闪速黑', '存储容量': '12GB+256GB'}",很好非常的好用和平精英可以开帧大屏幕玩起来很好用,非常 和平 精英 可以 开帧 大屏幕 玩起来,商品9.csv,0.9971,正向
1,今天上午才收到的机子，打了一把，你就不见没有出现任何卡顿。总体游戏体验还是比较好的，可能是因为刚过来的原因出现了虚电的情况，刚开机的时候是98，重启之后就变成50格了,2025年12月5日,"{'机身颜色': '闪速黑', '存储容量': '12GB+512GB'}",今天上午才收到的机子打了一把你就不见没有出现任何卡顿总体游戏体验还是比较好的可能是因为刚过来的原因出现了虚电的情况刚开机的时候是重启之后就变成格了,今天上午 收到 机子 一把 不见 没有 出现 任何 卡顿 总体 游戏 体验 还是 比较 可能 是因为 刚过来 原因 出现 虚电 情况 开机 时候 重启 之后 变成,商品9.csv,0.0066,负向
1,紫色超级好看，这质感真的很不错，十分推荐，屏幕很清晰，十分规矩,2025年12月17日,"{'机身颜色': '电光紫', '存储容量': '12GB+256GB'}",紫色超级好看这质感真的很不错十分推荐屏幕很清晰十分规矩,紫色 超级 好看 质感 真的 不错 十分 推荐 屏幕 清晰 十分 规矩,商品9.csv,0.9996,正向
1,用起来超级丝滑，屏幕比我之前用的大！而且色彩更艳丽！以前也是用的16-512感觉这个更顺畅，更快感觉！！应该是灵敏度更高了,2025年12月17日,"{'机身颜色': '掠影绿', '存储容量': '16GB+1TB'}",用起来超级丝滑屏幕比我之前用的大而且色彩更艳丽以前也是用的感觉这个更顺畅更快感觉应该是灵敏度更高了,起来 超级 丝滑 屏幕 之前 而且 色彩 艳丽 以前 感觉 这个 顺畅 感觉 应该 灵敏度,商品9.csv,0.96,正向
1,手机续航跑外卖很合适。基本上一天一充。只要你不是持续的，基本上够用。爽死啊。妈妈再也不担心我手机没电了,2025年12月17日,"{'机身颜色': '闪速黑', '存储容量': '12GB+256GB'}",手机续航跑外卖很合适基本上一天一充只要你不是持续的基本上够用爽死啊妈妈再也不担心我手机没电了,手机 续航 外卖 合适 基本上 一天 一充 只要 不是 持续 基本上 够用 爽死 妈妈 再也 担心 手机 没电,商品9.csv,0.9781,正向
1,喜欢这个颜色，漂漂的！！手感不错，系统流畅！8000的电池，再也不怕一天两充了！！,2025年12月17日,"{'机身颜色': '掠影绿', '存储容量': '12GB+256GB'}",喜欢这个颜色漂漂的手感不错系统流畅的电池再也不怕一天两充了,喜欢 这个 颜色 漂漂 手感 不错 系统 流畅 电池 再也 不怕 一天 两充,商品9.csv,0.9768,正向
1,一加Ace 6T太惊艳！骁龙8 Gen5加持，165Hz高刷屏玩游戏丝滑满帧，8300mAh大电池告别续航焦虑，100W闪充回血超快。质感机身+超声波解锁，性能、续航、体验全在线，同档闭眼冲！,2025年12月22日,"{'机身颜色': '电光紫', '存储容量': '12GB+256GB'}",一加 太惊艳骁龙 加持高刷屏玩游戏丝滑满帧大电池告别续航焦虑闪充回血超快质感机身超声波解锁性能续航体验全在线同档闭眼冲,一加 惊艳 骁龙 加持 刷屏 玩游戏 丝滑满 电池 告别 续航 焦虑 闪充 回血 超快 质感 机身 超声波 解锁 性能 续航 体验 在线 同档 闭眼,商品9.csv,1.0,正向
1,宝贝颜值很高，紫色超级漂亮，手机也很流畅，有需要的可以下手啦～,2025年12月22日,"{'机身颜色': '电光紫', '存储容量': '12GB+256GB'}",宝贝颜值很高紫色超级漂亮手机也很流畅有需要的可以下手啦,宝贝 颜值 紫色 超级 漂亮 手机 流畅 需要 可以 下手,商品9.csv,0.9995,正向
1,刚订单五六小时时间左右开始受理发，快递快捷方便，包装完好，配件齐全，有充电速度加保护膜。,2025年12月22日,"{'机身颜色': '掠影绿', '存储容量': '12GB+256GB'}",刚订单五六小时时间左右开始受理发快递快捷方便包装完好配件齐全有充电速度加保护膜,订单 五六 小时 时间 左右 开始 受理 快递 快捷 方便 包装 完好 配件 齐全 充电 速度 保护膜,商品9.csv,0.0792,负向
1,收到手机了，用起来特别丝滑，外观特别精美，游戏完美运行，值得入手的机子。,2025年12月22日,"{'机身颜色': '电光紫', '存储容量': '12GB+256GB'}",收到手机了用起来特别丝滑外观特别精美游戏完美运行值得入手的机子,收到 手机 起来 特别 丝滑 外观 特别 精美 游戏 完美 运行 值得 入手 机子,商品9.csv,1.0,正向
1,用起来非常流畅，非常喜欢😻,2026年1月3日,"{'机身颜色': '掠影绿', '存储容量': '16GB+512GB'}",用起来非常流畅非常喜欢,起来 非常 流畅 非常 喜欢,商品9.csv,0.9697,正向
1,续航牛*，不卡不顿，颜值很高,2026年1月3日,"{'机身颜色': '掠影绿', '存储容量': '12GB+256GB'}",续航牛不卡不顿颜值很高,续航 牛不卡 不顿 颜值,商品9.csv,0.8461,正向
1,商品质量与外观： 1. 宝贝收到，👌包装严实精美。物品做工精细，材质优良，外观设计时尚大方，每一处细节都彰显品质，完全超出预期，太喜欢了！🌸 2. 这产品质量超棒！👍🏻表面光滑无瑕疵，结构稳固不摇晃。色彩搭配协调，摆在那就是一道亮丽风景，实用性与美观性兼具。🍀  使用体验与效果： 3. 用了几天，体验感绝佳。🤝操作简单便捷，功能十分强大，效果显著，大大提高了我的欢喜值，物有所值！ 4. 东西上手后，发现真的很好用。使用效果让我非常惊喜，使用过程舒适流畅，没有任何不适感，强烈推荐！🤩,2025年12月12日,"{'机身颜色': '掠影绿', '存储容量': '12GB+256GB'}",商品质量与外观  宝贝收到包装严实精美物品做工精细材质优良外观设计时尚大方每一处细节都彰显品质完全超出预期太喜欢了  这产品质量超棒表面光滑无瑕疵结构稳固不摇晃色彩搭配协调摆在那就是一道亮丽风景实用性与美观性兼具  使用体验与效果  用了几天体验感绝佳操作简单便捷功能十分强大效果显著大大提高了我的欢喜值物有所值  东西上手后发现真的很好用使用效果让我非常惊喜使用过程舒适流畅没有任何不适感强烈推荐,商品质量 外观 宝贝 收到 包装 严实 精美 物品 做工 精细 材质 优良 外观设计 时尚 大方 每一处 细节 彰显 品质 完全 超出 预期 喜欢 产品质量 超棒 表面 光滑 瑕疵 结构 稳固 摇晃 色彩 搭配 协调 摆在 就是 一道 亮丽 风景 实用性 美观 兼具 使用 体验 效果 几天 体验 绝佳 操作 简单 便捷 功能 十分 强大 效果显著 大大提高 欢喜 物有所值 东西 上手 发现 真的 使用 效果 非常 惊喜 使用 过程 舒适 流畅 没有 任何 不适感 强烈推荐,商品9.csv,1.0,正向
1,这款手机的性能真是令人印象深刻。它的处理器速度超快，运行大型应用和游戏时毫无压力。屏幕显示效果非常清晰，色彩鲜艳，无论是看视频还是玩游戏都是一场视觉盛宴。电池续航能力也很强，即使是重度使用也能轻松撑过一整天。而且，它的摄像头拍照效果十分出色，无论是日间还是夜间，都能捕捉到清晰细腻的照片。再加上它的设计轻薄时尚，手感极佳，完全符合我对现代智能手机的所有期待。这款手机无疑是我用过的最好设备之一。,2025年12月12日,"{'机身颜色': '闪速黑', '存储容量': '12GB+256GB'}",这款手机的性能真是令人印象深刻它的处理器速度超快运行大型应用和游戏时毫无压力屏幕显示效果非常清晰色彩鲜艳无论是看视频还是玩游戏都是一场视觉盛宴电池续航能力也很强即使是重度使用也能轻松撑过一整天而且它的摄像头拍照效果十分出色无论是日间还是夜间都能捕捉到清晰细腻的照片再加上它的设计轻薄时尚手感极佳完全符合我对现代智能手机的所有期待这款手机无疑是我用过的最好设备之一,手机 性能 真是 令人 印象 深刻 处理器 速度 超快 运行 大型 应用 游戏 毫无 压力 屏幕显示 效果 非常 清晰 色彩鲜艳 无论是 视频 还是 玩游戏 一场 视觉 盛宴 电池 续航 能力 即使 重度 使用 轻松 撑过 一整天 而且 摄像头 拍照 效果 十分 出色 无论是 日间 还是 夜间 捕捉到 清晰 细腻 照片 加上 设计 轻薄 时尚 手感 极佳 完全符合 现代 智能手机 所有 期待 手机 无疑 最好 设备 之一,商品9.csv,1.0,正向
1,通信音质：通话特别清晰，刚上市就有优惠特别划算，叠加国补2100多到手，给力！8300毫安大电池再也不用担心续航了 ,2025年12月12日,"{'机身颜色': '闪速黑', '存储容量': '12GB+256GB'}",通信音质通话特别清晰刚上市就有优惠特别划算叠加国补多到手给力毫安大电池再也不用担心续航了,通信 音质 通话 特别 清晰 上市 优惠 特别 划算 叠加 国补 到手 给力 毫安 电池 再也 不用 担心 续航,商品9.csv,0.9998,正向
1,老爸原来的手机不存电了，正好新出了个大电量的手机买来试试，总的反馈是很不错的，也确实很存电，希望能够多用几年，满意！ 显示效果：好,2025年12月12日,"{'机身颜色': '闪速黑', '存储容量': '12GB+512GB'}",老爸原来的手机不存电了正好新出了个大电量的手机买来试试总的反馈是很不错的也确实很存电希望能够多用几年满意 显示效果好,老爸 原来 手机 不存 正好 新出 电量 手机 买来 试试 反馈 不错 确实 存电 希望 能够 多用 几年 满意 显示 效果,商品9.csv,0.9943,正向
1,一加ace6t电池8300耐用，处理器很厉害！！政府补贴价格跟合适！1元权益包不知道发不发水杯,2025年12月12日,"{'机身颜色': '闪速黑', '存储容量': '12GB+512GB'}",一加电池耐用处理器很厉害政府补贴价格跟合适元权益包不知道发不发水杯,一加 电池 耐用 处理器 厉害 政府 补贴 价格 合适 权益 包不 知道 发不发 水杯,商品9.csv,0.0184,负向
1,东西不错，用着还挺好。拿在手上手感也不错。打开之后流畅度也可以。不卡顿。,2025年12月27日,"{'机身颜色': '掠影绿', '存储容量': '12GB+256GB'}",东西不错用着还挺好拿在手上手感也不错打开之后流畅度也可以不卡顿,东西 不错 拿在手上 手感 不错 打开 之后 流畅 可以 不卡顿,商品9.csv,0.9999,正向
1,感觉挺好用的，质感不错，颜色挺清爽，打游戏ok的,2025年12月27日,"{'机身颜色': '掠影绿', '存储容量': '12GB+256GB'}",感觉挺好用的质感不错颜色挺清爽打游戏的,感觉 挺好用 质感 不错 颜色 清爽 打游戏,商品9.csv,0.9978,正向
1,买给妈**礼物，妈妈很喜欢，目前也是很顺滑，刷视频目前两天没充电都还好，电池耐用👍,2025年12月27日,"{'机身颜色': '掠影绿', '存储容量': '12GB+256GB'}",买给妈礼物妈妈很喜欢目前也是很顺滑刷视频目前两天没充电都还好电池耐用,礼物 妈妈 喜欢 目前 顺滑 视频 目前 两天 充电 还好 电池 耐用,商品9.csv,0.9824,正向
1,收到新手机了，续航能力是挺不错的，电掉的比较慢。目前使用感都挺好的,2025年12月27日,"{'机身颜色': '电光紫', '存储容量': '12GB+256GB'}",收到新手机了续航能力是挺不错的电掉的比较慢目前使用感都挺好的,收到 新手机 续航 能力 挺不错 电掉 比较慢 目前 使用 感都,商品9.csv,0.996,正向
1,该用户觉得商品还不错,2025年12月27日,"{'机身颜色': '电光紫', '存储容量': '12GB+256GB'}",该用户觉得商品还不错,用户 觉得 商品 不错,商品9.csv,0.6592,中性
1,使用几天，感觉非常好。系统流畅，颜值超高，电池太持久了，基本可以一天一充。,2025年12月27日,"{'机身颜色': '掠影绿', '存储容量': '12GB+256GB'}",使用几天感觉非常好系统流畅颜值超高电池太持久了基本可以一天一充,使用 几天 感觉 非常 系统 流畅 颜值 超高 电池 持久 基本 可以 一天 一充,商品9.csv,0.9877,正向
1,这体验太爽了，高刷屏打游戏都不带卡的大容量电池耐用，玩永劫无间这种大型游戏都超流畅，像素也很好，拍照很清楚,2026年2月4日,"{'机身颜色': '电光紫', '存储容量': '12GB+256GB'}",这体验太爽了高刷屏打游戏都不带卡的大容量电池耐用玩永劫无间这种大型游戏都超流畅像素也很好拍照很清楚,体验 太爽了 刷屏 打游戏 大容量 电池 耐用 玩永劫 无间 这种 大型 游戏 流畅 像素 拍照 清楚,商品9.csv,0.9998,正向
1,✨手机收到啦，闪速黑颜值好高！🌟拿到手质感很棒，和商家描述的一模一样～💯系统流畅不卡顿，用起来特别顺手，补贴后价格也很划算，满意！😊,2025年12月21日,"{'机身颜色': '闪速黑', '存储容量': '12GB+256GB'}",手机收到啦闪速黑颜值好高拿到手质感很棒和商家描述的一模一样系统流畅不卡顿用起来特别顺手补贴后价格也很划算满意,手机 收到 闪速 黑颜值 拿到 质感 很棒 商家 描述 一模一样 系统 流畅 不卡顿 起来 特别 顺手 补贴 价格 划算 满意,商品9.csv,0.9947,正向
1,买之前还挺犹豫的，到手发现这款一加Ace 6T黑色款太香了！物流快包装好，后盖手感顺滑不沾指纹，日常刷视频、切应用系统超流畅，大电池续航顶，快充也给力，真心喜欢！,2025年12月21日,"{'机身颜色': '闪速黑', '存储容量': '12GB+256GB'}",买之前还挺犹豫的到手发现这款一加 黑色款太香了物流快包装好后盖手感顺滑不沾指纹日常刷视频切应用系统超流畅大电池续航顶快充也给力真心喜欢,之前 犹豫 到手 发现 这款 一加 黑色 款太香 物流 包装 好后 手感 顺滑 指纹 日常 视频 应用 系统 流畅 电池 续航 顶快 真心 喜欢,商品9.csv,0.9927,正向
1,服务好，物流快，手机12+512够用，CPU反应灵敏，下载速度快，比较满意,2025年12月21日,"{'机身颜色': '闪速黑', '存储容量': '12GB+512GB'}",服务好物流快手机够用反应灵敏下载速度快比较满意,服务 物流 手机 够用 反应 灵敏 下载速度 比较满意,商品9.csv,0.9437,正向
1,这款手机整体表现出色，运行流畅，系统响应迅速都让操作方便又高效。外观时尚轻薄，拍照成像清晰，续航能力也不错，性价比相当高，强烈推荐。,2025年12月21日,"{'机身颜色': '闪速黑', '存储容量': '12GB+512GB'}",这款手机整体表现出色运行流畅系统响应迅速都让操作方便又高效外观时尚轻薄拍照成像清晰续航能力也不错性价比相当高强烈推荐,手机 整体 表现出色 运行 流畅 系统 响应 迅速 操作 方便 高效 外观 时尚 轻薄 拍照 成像 清晰 续航 能力 不错 性价比 相当 强烈推荐,商品9.csv,1.0,正向
1,外观好看，大气，上手质感好，画面清晰，性价比超高🌹🌹,2025年12月21日,"{'机身颜色': '闪速黑', '存储容量': '12GB+256GB'}",外观好看大气上手质感好画面清晰性价比超高,外观 好看 大气 质感 画面 清晰 性价比 超高,商品9.csv,1.0,正向
1,发货速度超级快，顺丰很好。手机好看，手感好，手机搬家也很快。电池容量大，使用再看看。,2025年12月21日,"{'机身颜色': '电光紫', '存储容量': '12GB+256GB'}",发货速度超级快顺丰很好手机好看手感好手机搬家也很快电池容量大使用再看看,发货 速度 超级 快顺丰 手机 好看 手感 手机 搬家 很快 电池容量 使用 看看,商品9.csv,0.9857,正向
1,此产品快递速度非常快，产品包装无破损，质量还不错，尤其卖家服务态度很好 ，基于这些已经迫不及待的分享身边的朋友啦，让大家都有可能继续购买啊！,2025年12月21日,"{'机身颜色': '闪速黑', '存储容量': '16GB+1TB'}",此产品快递速度非常快产品包装无破损质量还不错尤其卖家服务态度很好 基于这些已经迫不及待的分享身边的朋友啦让大家都有可能继续购买啊,产品 快递 速度 非常 产品包装 破损 质量 不错 尤其 卖家 服务态度 基于 这些 已经 迫不及待 分享 身边 朋友 大家 可能 继续 购买,商品9.csv,0.9999,正向
1,手机很好，原装正品，性价比很高，顺丰快递很快。,2025年12月21日,"{'机身颜色': '掠影绿', '存储容量': '12GB+512GB'}",手机很好原装正品性价比很高顺丰快递很快,手机 原装 正品 性价比 高顺丰 快递 很快,商品9.csv,0.9265,正向
1,一加Ace 6T真的是同价位闭眼冲的神机！骁龙8 Gen5性能拉满，8300mAh电池两天一充，165Hz高刷屏丝滑护眼，IP69K防水+ColorOS16系统，游戏办公都够用，性价比直接封神！ ,2025年12月21日,"{'机身颜色': '闪速黑', '存储容量': '16GB+1TB'}",一加 真的是同价位闭眼冲的神机骁龙 性能拉满电池两天一充高刷屏丝滑护眼防水系统游戏办公都够用性价比直接封神,一加 真的 同价位 闭眼 神机 骁龙 性能 拉满 电池 两天 一充 刷屏 丝滑 护眼 防水 系统 游戏 办公 够用 性价比 直接 封神,商品9.csv,0.9999,正向
1,用着还不错，内存大性价比高,2026年1月10日,"{'机身颜色': '闪速黑', '存储容量': '16GB+1TB'}",用着还不错内存大性价比高,不错 内存 性价比,商品9.csv,0.9466,正向
1,挑了好久以后下手的，这个绿色的很漂亮，充电很快。,2026年1月2日,"{'机身颜色': '掠影绿', '存储容量': '12GB+512GB'}",挑了好久以后下手的这个绿色的很漂亮充电很快,好久 以后 下手 这个 绿色 很漂亮 充电 很快,商品9.csv,0.9976,正向
1,手机收到了特别好用，运行速度特别快。点个赞。特别👍👍👍👍👍👍👍👍👍👍下次还选择这家。,2026年1月2日,"{'机身颜色': '闪速黑', '存储容量': '12GB+512GB'}",手机收到了特别好用运行速度特别快点个赞特别下次还选择这家,手机 收到 特别 好用 运行 速度 特别 快点 个赞 特别 下次 选择 这家,商品9.csv,0.9876,正向
1,一加手机用了很多年了，这次又换新的一加手机了，电池续航能力太强了，操作也流畅，真心喜欢,2025年12月26日,"{'机身颜色': '闪速黑', '存储容量': '12GB+256GB'}",一加手机用了很多年了这次又换新的一加手机了电池续航能力太强了操作也流畅真心喜欢,一加 手机 很多年 这次 一加 手机 电池 续航 能力 太强 操作 流畅 真心 喜欢,商品9.csv,0.9726,正向
1,售前客服很好，回答问题及时，发货也快，是国补订单，送货小哥给验的机器，整体使用感受挺好,2025年12月26日,"{'机身颜色': '闪速黑', '存储容量': '12GB+512GB'}",售前客服很好回答问题及时发货也快是国补订单送货小哥给验的机器整体使用感受挺好,售前 客服 回答 问题 及时 发货 国补 订单 送货 小哥 给验 机器 整体 使用 感受,商品9.csv,0.5531,中性
1,这次购物体验超棒！商品质量好，包装用心，物流速度也快，完全超出了我的预期，必须给好评😃,2025年12月26日,"{'机身颜色': '掠影绿', '存储容量': '12GB+256GB'}",这次购物体验超棒商品质量好包装用心物流速度也快完全超出了我的预期必须给好评,这次 购物 体验 超棒 商品质量 包装 用心 物流 速度 完全 超出 预期 必须 好评,商品9.csv,0.9973,正向
1,非常满意，拿到手就体验了下王者，还是很酷的，自带的手机壳也非常满意，数据线正红色 和圣诞很搭哦,2025年12月26日,"{'机身颜色': '闪速黑', '存储容量': '16GB+1TB'}",非常满意拿到手就体验了下王者还是很酷的自带的手机壳也非常满意数据线正红色 和圣诞很搭哦,非常 满意 拿到 体验 王者 还是 很酷 自带 手机 非常 满意 数据线 红色 圣诞,商品9.csv,0.9982,正向
1,该用户觉得商品非常好，给出5星好评,2026年3月7日,"{'机身颜色': '掠影绿', '存储容量': '12GB+256GB'}",该用户觉得商品非常好给出星好评,用户 觉得 商品 非常 给出 好评,商品9.csv,0.2415,负向
1,通信音质：不得不说，现在的时代确实是最好的时代，花个2000多块钱能用上以前旗舰性能的机器。而且我发现这个手机好像我以前用的iPhone啊哈哈哈 不吹不黑，这质感真挺好 显示效果：OPPO系的手机亮度确实高，但是就是这个自动亮度有点太亮了 其他特色：电池是真抗造，刷一天视频还有30多的电,2025年12月20日,"{'机身颜色': '掠影绿', '存储容量': '12GB+256GB'}",通信音质不得不说现在的时代确实是最好的时代花个多块钱能用上以前旗舰性能的机器而且我发现这个手机好像我以前用的啊哈哈哈 不吹不黑这质感真挺好 显示效果系的手机亮度确实高但是就是这个自动亮度有点太亮了 其他特色电池是真抗造刷一天视频还有多的电,通信 音质 不得不 现在 时代 确实 最好 时代 花个 块钱 能用 以前 旗舰 性能 机器 而且 发现 这个 手机 好像 以前 哈哈哈 质感 真挺 显示 效果 手机 亮度 确实 但是 就是 这个 自动 亮度 有点 太亮 其他 特色 电池 抗造 一天 视频 还有,商品9.csv,0.9948,正向
1,发货超级快，第二天早上就到了，机子也便宜，用起来蛮流畅的，挺好的,2026年3月5日,"{'机身颜色': '闪速黑', '存储容量': '12GB+256GB'}",发货超级快第二天早上就到了机子也便宜用起来蛮流畅的挺好的,发货 超级 第二天 早上 机子 便宜 起来 流畅,商品9.csv,0.9973,正向
1,性能很流畅，打游戏用的，吃鸡很丝滑，打王者也不掉帧,2026年3月5日,"{'机身颜色': '掠影绿', '存储容量': '12GB+256GB'}",性能很流畅打游戏用的吃鸡很丝滑打王者也不掉帧,性能 流畅 打游戏 王者,商品9.csv,0.9998,正向
1,给弟弟买的手机，薄荷绿颜色很好看，裸机手感很不错，流畅度也好。 ,2026年1月1日,"{'机身颜色': '掠影绿', '存储容量': '12GB+512GB'}",给弟弟买的手机薄荷绿颜色很好看裸机手感很不错流畅度也好,弟弟 手机 薄荷 颜色 好看 裸机 手感 不错 流畅 也好,商品9.csv,0.9978,正向
1,🌟这款手机真的超出预期啦！✨拿到手第一感觉就是颜值好高，机身轻薄握着很舒服，屏幕显示也特别清晰细腻~ 📱性能方面也完全够用，日常刷视频、玩游戏都很流畅，一点不卡顿，续航也挺给力的，充一次电用一天没问题~ 🔋总之物超所值，非常满意这次购物体验！😊,2025年12月15日,"{'机身颜色': '掠影绿', '存储容量': '12GB+256GB'}",这款手机真的超出预期啦拿到手第一感觉就是颜值好高机身轻薄握着很舒服屏幕显示也特别清晰细腻 性能方面也完全够用日常刷视频玩游戏都很流畅一点不卡顿续航也挺给力的充一次电用一天没问题 总之物超所值非常满意这次购物体验,手机 真的 超出 预期 拿到 第一 感觉 就是 颜值 机身 轻薄 舒服 屏幕显示 特别 清晰 细腻 性能 方面 完全 够用 日常 视频 玩游戏 流畅 一点 不卡顿 续航 一次 电用 一天 问题 总之 物超所值 非常 满意 这次 购物 体验,商品9.csv,1.0,正向
1,屏幕大，高刷新率非常奈斯，处理器也不错，日常用很流畅，打游戏也不赖，值得推荐，国补下来非常奈斯，,2025年12月15日,"{'机身颜色': '掠影绿', '存储容量': '12GB+256GB'}",屏幕大高刷新率非常奈斯处理器也不错日常用很流畅打游戏也不赖值得推荐国补下来非常奈斯,屏幕 大高 刷新率 非常 奈斯 处理器 不错 日常 流畅 打游戏 不赖 值得 推荐 补下来 非常 奈斯,商品9.csv,1.0,正向
1,以前听说过一加的牌子就很不错，这个机子新出选了使用几天还不错，很流畅，打游戏棒棒的，已经推荐给身边的好朋友了,2025年12月15日,"{'机身颜色': '闪速黑', '存储容量': '12GB+256GB'}",以前听说过一加的牌子就很不错这个机子新出选了使用几天还不错很流畅打游戏棒棒的已经推荐给身边的好朋友了,以前 听说 一加 牌子 不错 这个 机子 新出 使用 几天 不错 流畅 打游戏 棒棒 已经 推荐 身边 朋友,商品9.csv,1.0,正向
1,使用起来很流畅 打游戏一点都不卡 像素对男生来说也足够了 总之性价比超高的 可以闭眼入的 ,2025年12月15日,"{'机身颜色': '闪速黑', '存储容量': '12GB+512GB'}",使用起来很流畅 打游戏一点都不卡 像素对男生来说也足够了 总之性价比超高的 可以闭眼入的,使用 起来 流畅 打游戏 一点 不卡 像素 男生 来说 足够 总之 性价比 超高 可以 闭眼,商品9.csv,1.0,正向
1,物流快 质量可以  屏幕显示细腻 充电非常快,2026年3月4日,"{'机身颜色': '闪速黑', '存储容量': '12GB+256GB'}",物流快 质量可以  屏幕显示细腻 充电非常快,物流 质量 可以 屏幕显示 细腻 充电 非常,商品9.csv,0.8164,正向
1,手机很好，性能也很稳定，价格超值,2026年3月4日,"{'机身颜色': '闪速黑', '存储容量': '12GB+256GB'}",手机很好性能也很稳定价格超值,手机 性能 稳定 价格 超值,商品9.csv,0.9996,正向
1,很好用国补可以的 通信音质：不错 其他特色：挺快的 显示效果：颜色好看,2026年3月4日,"{'机身颜色': '掠影绿', '存储容量': '12GB+256GB'}",很好用国补可以的 通信音质不错 其他特色挺快的 显示效果颜色好看,国补 可以 通信 音质 不错 其他 特色 挺快 显示 效果 颜色 好看,商品9.csv,0.9998,正向
1,好好好 显示效果： 显示效果： 显示效果： 其他特色： 通信音质：,2026年3月4日,"{'机身颜色': '电光紫', '存储容量': '12GB+256GB'}",好好好 显示效果 显示效果 显示效果 其他特色 通信音质,好好 显示 效果 显示 效果 显示 效果 其他 特色 通信 音质,商品9.csv,0.9327,正向
1,很不错的机器，手机后部手感好，系统运行流畅 电池充一次够用两天，很不错的机子。,2025年12月25日,"{'机身颜色': '闪速黑', '存储容量': '12GB+256GB'}",很不错的机器手机后部手感好系统运行流畅 电池充一次够用两天很不错的机子,不错 机器 手机 后部 手感 系统 运行 流畅 电池 一次 够用 两天 不错 机子,商品9.csv,0.9997,正向
1,手机收到了，用了一会。感觉很不错，功能很齐全，很满意！客服人也很好！,2025年12月25日,"{'机身颜色': '掠影绿', '存储容量': '12GB+256GB'}",手机收到了用了一会感觉很不错功能很齐全很满意客服人也很好,手机 收到 一会 感觉 不错 功能 齐全 满意 客服,商品9.csv,0.9976,正向
1,手机续航真的很可以，玩了一天还有电，平常的手机一天要充两次电，玩游戏也流畅,2025年12月25日,"{'机身颜色': '掠影绿', '存储容量': '12GB+256GB'}",手机续航真的很可以玩了一天还有电平常的手机一天要充两次电玩游戏也流畅,手机 续航 真的 可以 一天 还有 平常 手机 一天 要充 两次 电玩 游戏 流畅,商品9.csv,0.9946,正向
1,很不错，用了一整天才需要充电，大大缓解了我的电量焦虑，颜值也不错，国补之后也很优惠，喜欢就下单吧，不用犹豫了。,2025年12月25日,"{'机身颜色': '掠影绿', '存储容量': '12GB+512GB'}",很不错用了一整天才需要充电大大缓解了我的电量焦虑颜值也不错国补之后也很优惠喜欢就下单吧不用犹豫了,不错 一整天 需要 充电 大大 缓解 电量 焦虑 颜值 不错 国补 之后 优惠 喜欢 下单 不用 犹豫,商品9.csv,1.0,正向
1,方方正正的手机，宽度明显比以前大了，这个好评。新手机系统高，功能多，挺不错的,2025年12月25日,"{'机身颜色': '电光紫', '存储容量': '12GB+256GB'}",方方正正的手机宽度明显比以前大了这个好评新手机系统高功能多挺不错的,方方正正 手机 宽度 明显 以前 这个 好评 新手机 系统 功能 挺不错,商品9.csv,0.9831,正向
1,手机运行异常丝滑，操作系统隐私和功能都是安卓手机第一档的存在，真香机！,2025年12月25日,"{'机身颜色': '掠影绿', '存储容量': '16GB+1TB'}",手机运行异常丝滑操作系统隐私和功能都是安卓手机第一档的存在真香机,手机 运行 异常 丝滑 操作系统 隐私 功能 安卓 手机 第一 存在 真香机,商品9.csv,0.9996,正向
1,手机一上手质感很好，昨天买的今天就到了，超级谢谢客服，让加急送就加急了，因为过几天要赶火车，怕来不及，电池容量很大，充电快续航久。一直在用这个牌子的手机，值得信赖,2025年12月25日,"{'机身颜色': '掠影绿', '存储容量': '16GB+1TB'}",手机一上手质感很好昨天买的今天就到了超级谢谢客服让加急送就加急了因为过几天要赶火车怕来不及电池容量很大充电快续航久一直在用这个牌子的手机值得信赖,手机 一上 质感 昨天 今天 超级 谢谢 客服 加急 加急 因为 几天 火车 来不及 电池容量 很大 充电 续航 一直 这个 牌子 手机 值得 信赖,商品9.csv,0.9352,正向
1,顺丰物流负责细心，商家发货迅速包装严实，配件齐全全新未拆封。使用两天很棒，之前还纠结是否从果喊到安，用了以后真是多虑了！,2025年12月25日,"{'机身颜色': '掠影绿', '存储容量': '16GB+1TB'}",顺丰物流负责细心商家发货迅速包装严实配件齐全全新未拆封使用两天很棒之前还纠结是否从果喊到安用了以后真是多虑了,顺丰 物流 负责 细心 商家 发货 迅速 包装 严实 配件 齐全 全新 拆封 使用 两天 很棒 之前 纠结 是否 从果 安用 以后 真是 多虑,商品9.csv,0.9888,正向
1,用起来很顺滑，不卡顿。带游戏也不是很卡，电也很耐用,2026年2月27日,"{'机身颜色': '闪速黑', '存储容量': '16GB+1TB'}",用起来很顺滑不卡顿带游戏也不是很卡电也很耐用,起来 顺滑 不卡顿 游戏 不是 很卡电 耐用,商品9.csv,0.8685,正向
1,一加Ace6T性能稳，165Hz屏丝滑，8300mAh续航强，游戏散热好，日常用很顺手。 ✨这款手机真的超出预期啦！🌟屏幕滑动起来特别流畅，不管是刷视频还是玩游戏都很舒服~🔋电池续航也超给力，充满电用一整天完全没问题，再也不用频繁找充电器了~🎮玩游戏的时候手机也不会很烫，性能很稳定，日常使用特别顺手，推荐入手哦！😊,2025年12月10日,"{'机身颜色': '掠影绿', '存储容量': '12GB+256GB'}",一加性能稳屏丝滑续航强游戏散热好日常用很顺手 这款手机真的超出预期啦屏幕滑动起来特别流畅不管是刷视频还是玩游戏都很舒服电池续航也超给力充满电用一整天完全没问题再也不用频繁找充电器了玩游戏的时候手机也不会很烫性能很稳定日常使用特别顺手推荐入手哦,一加 性能 稳屏 丝滑 续航 游戏 散热 日常 顺手 手机 真的 超出 预期 屏幕 滑动 起来 特别 流畅 不管 视频 还是 玩游戏 舒服 电池 续航 超给力 充满 电用 一整天 完全 问题 再也 不用 频繁 充电器 玩游戏 时候 手机 不会 性能 稳定 日常 使用 特别 顺手 推荐 入手,商品9.csv,1.0,正向
1,整机电池耐用用了一天基本没掉电，显示效果也不错，唯一就是打游戏可能偶尔有卡顿应该是系统的问题,2025年12月10日,"{'机身颜色': '掠影绿', '存储容量': '12GB+256GB'}",整机电池耐用用了一天基本没掉电显示效果也不错唯一就是打游戏可能偶尔有卡顿应该是系统的问题,整机 电池 耐用 一天 基本 掉电 显示 效果 不错 唯一 就是 打游戏 可能 偶尔 有卡顿 应该 系统 问题,商品9.csv,0.7352,中性
1,手机好用 配送速度也挺快 就是如果晚几天国补力度更大了 ,2025年12月31日,"{'机身颜色': '掠影绿', '存储容量': '12GB+256GB'}",手机好用 配送速度也挺快 就是如果晚几天国补力度更大了,手机 好用 配送 速度 挺快 就是 如果 几天 国补 力度 更大,商品9.csv,0.9452,正向
1,拿到手了，质感还是很不错的，同事先买的，感觉不错就下单了，希望能用的久点,2025年12月31日,"{'机身颜色': '闪速黑', '存储容量': '12GB+512GB'}",拿到手了质感还是很不错的同事先买的感觉不错就下单了希望能用的久点,拿到 质感 还是 不错 同事 先买 感觉 不错 下单 希望 能用 久点,商品9.csv,0.9978,正向
1,性价比很高，非常值得入手，一直是一加的忠实用户。,2025年12月31日,"{'机身颜色': '电光紫', '存储容量': '12GB+256GB'}",性价比很高非常值得入手一直是一加的忠实用户,性价比 非常 值得 入手 一直 一加 忠实 用户,商品9.csv,0.9956,正向
1,性价比非常高，游戏体验感拉满，游戏内核强大！ 五星好评，点赞！,2025年12月31日,"{'机身颜色': '闪速黑', '存储容量': '12GB+256GB'}",性价比非常高游戏体验感拉满游戏内核强大 五星好评点赞,性价比 非常 游戏 体验 感拉满 游戏 内核 强大 五星 好评 点赞,商品9.csv,0.9994,正向
1,一加ace6T，骁龙8gen5，165hz快人一步，8300大电池长续航耐用,2025年12月31日,"{'机身颜色': '掠影绿', '存储容量': '12GB+256GB'}",一加骁龙快人一步大电池长续航耐用,一加 骁龙快 一步 电池 续航 耐用,商品9.csv,0.9301,正向
1,游戏性能：不错  王者144很稳定（均衡模式下） 拍照：一般  还行 电池：有点小失望    耗电有点快  早上8点半90电到下午1点半  玩了一把王者，刷了1个半小时的视频  耗电33 没给我带来惊喜  上台机子为iqooneo9s pro  充电：有点慢 体验感很强  新鲜感不错 是否推荐购买：是，而且是要重度游戏用户买的,2025年12月6日,"{'机身颜色': '掠影绿', '存储容量': '12GB+256GB'}",游戏性能不错  王者很稳定均衡模式下 拍照一般  还行 电池有点小失望    耗电有点快  早上点半电到下午点半  玩了一把王者刷了个半小时的视频  耗电 没给我带来惊喜  上台机子为   充电有点慢 体验感很强  新鲜感不错 是否推荐购买是而且是要重度游戏用户买的,游戏 性能 不错 王者 稳定 均衡 模式 拍照 一般 电池 有点 失望 耗电 有点 早上 点半电到 下午 点半 一把 王者 半小时 视频 耗电 带来 惊喜 上台 机子 充电 有点 体验 新鲜感 不错 是否 推荐 购买 而且 重度 游戏 用户,商品9.csv,0.998,正向
1,  一加 Ace 6T 简直就是手机界的“六边形战士”！性能强到离谱，首发的第五代骁龙 8 芯片，跑分直接超 356 万，玩游戏就像开了挂一样，各种高帧率模式随便开，根本不带卡顿的。续航更是逆天，8300mAh 的大电池，重度手游党都能轻松撑一整天，100W 闪充就像给手机装了个火箭加速器，充电速度快得惊人。外观也超有个性，三种配色都很绝，拿在手里回头率爆表。还有它的拍照功能，5000 万超光影旗舰影像系统，随便一拍就是大片既视感。,2025年12月19日,"{'机身颜色': '闪速黑', '存储容量': '12GB+256GB'}",一加   简直就是手机界的六边形战士性能强到离谱首发的第五代骁龙  芯片跑分直接超  万玩游戏就像开了挂一样各种高帧率模式随便开根本不带卡顿的续航更是逆天 的大电池重度手游党都能轻松撑一整天 闪充就像给手机装了个火箭加速器充电速度快得惊人外观也超有个性三种配色都很绝拿在手里回头率爆表还有它的拍照功能 万超光影旗舰影像系统随便一拍就是大片既视感,一加 简直 就是 手机 六边形 战士 性能 离谱 首发 第五代 骁龙 芯片 直接 玩游戏 一样 各种 高帧 模式 随便 根本 不带 卡顿 续航 更是 逆天 电池 重度 手游党 轻松 一整天 闪充 手机 火箭 加速器 充电 速度 快得 惊人 外观 超有 个性 三种 配色 手里 回头率 爆表 还有 拍照 功能 万超 光影 旗舰 影像 系统 随便 一拍 就是 大片 既视感,商品9.csv,0.998,正向
1,手机收到，特意用了几天，体验一下手感，特别丝滑，系统也比较流畅，稍重一些，性价比高。,2025年12月14日,"{'机身颜色': '闪速黑', '存储容量': '12GB+512GB'}",手机收到特意用了几天体验一下手感特别丝滑系统也比较流畅稍重一些性价比高,手机 收到 特意 几天 体验 一下 手感 特别 丝滑 系统 比较 流畅 稍重 一些 性价比,商品9.csv,0.9983,正向
1,这款手机性价比是真高，吃鸡165帧是真的香，配了8300毫安大电池但整机重量一般，打游戏久了手不酸，其它功能正在摸索中，目前没有***ug，强烈推荐！,2025年12月14日,"{'机身颜色': '闪速黑', '存储容量': '12GB+256GB'}",这款手机性价比是真高吃鸡帧是真的香配了毫安大电池但整机重量一般打游戏久了手不酸其它功能正在摸索中目前没有强烈推荐,手机 性价比 真的 香配 毫安 电池 整机 重量 一般 打游戏 手不酸 其它 功能 正在 摸索 目前 没有 强烈推荐,商品9.csv,0.9999,正向
1,显示效果：屏幕很不错，显示效果很不错。最主要就是系统流畅，打开应用和玩游戏一点都不卡。总体来讲满意 ,2025年12月14日,"{'机身颜色': '掠影绿', '存储容量': '12GB+512GB'}",显示效果屏幕很不错显示效果很不错最主要就是系统流畅打开应用和玩游戏一点都不卡总体来讲满意,显示 效果 屏幕 不错 显示 效果 不错 主要 就是 系统 流畅 打开 应用 玩游戏 一点 不卡 总体 来讲 满意,商品9.csv,1.0,正向
1,还行吧   系统流畅  续航顶  自己用着好就好,2025年12月14日,"{'机身颜色': '掠影绿', '存储容量': '12GB+256GB'}",还行吧   系统流畅  续航顶  自己用着好就好,还行 系统 流畅 续航 自己,商品9.csv,0.9953,正向
1,手机收到性能很好，做工无敌，游戏也流畅，性价比很高，很满意的手机 非常好,2025年12月14日,"{'机身颜色': '闪速黑', '存储容量': '12GB+256GB'}",手机收到性能很好做工无敌游戏也流畅性价比很高很满意的手机 非常好,手机 收到 性能 做工 无敌 游戏 流畅 性价比 满意 手机 非常,商品9.csv,1.0,正向
1,也用了快一个星期到两个星期了，说说感觉啊，就是续航是真的强，是真的能用到1天一夜的，是游戏档的话，可能是要一天一充的，嗯，续航是真的很猛，就是发现了一个可能是手机刷新率的问题，就是淘宝滑动页面的时候，可能会卡，这是因为刷新率的问题，把它调成90就可以了，可能是淘宝本身没更新到120赫兹，所以会有点卡，其他的没什么问题,2025年12月14日,"{'机身颜色': '闪速黑', '存储容量': '12GB+256GB'}",也用了快一个星期到两个星期了说说感觉啊就是续航是真的强是真的能用到天一夜的是游戏档的话可能是要一天一充的嗯续航是真的很猛就是发现了一个可能是手机刷新率的问题就是淘宝滑动页面的时候可能会卡这是因为刷新率的问题把它调成就可以了可能是淘宝本身没更新到赫兹所以会有点卡其他的没什么问题,一个 星期 两个 星期 感觉 就是 续航 真的 强是 真的 用到 一夜 游戏 的话 可能 一天 一充 续航 真的 就是 发现 一个 可能 手机 刷新率 问题 就是 淘宝 滑动 页面 时候 可能 会卡 是因为 刷新率 问题 成就 可以 可能 淘宝 本身 更新 赫兹 所以 有点 其他 没什么 问题,商品9.csv,0.0,负向
1,包装完好。物流贼快！赞👍🏻👍🏻👍🏻,2026年2月23日,"{'机身颜色': '闪速黑', '存储容量': '12GB+256GB'}",包装完好物流贼快赞,包装 完好 流贼 快赞,商品9.csv,0.9732,正向
1,太好用了，没想到这么好用，我觉得这应该是我用过最好用的手机了，实测到手之后52%的点亮高刷5小时之后剩余26，仅仅耗电26,2025年12月24日,"{'机身颜色': '闪速黑', '存储容量': '12GB+512GB'}",太好用了没想到这么好用我觉得这应该是我用过最好用的手机了实测到手之后的点亮高刷小时之后剩余仅仅耗电,太好 没想到 这么 好用 觉得 应该 最好 手机 实测 到手 之后 点亮 高刷 小时 之后 剩余 仅仅 耗电,商品9.csv,0.4893,中性
1,手机性能很好，打游戏很流畅不卡顿，屏幕大小很适合打游戏，送给儿子的非常喜欢,2025年12月24日,"{'机身颜色': '掠影绿', '存储容量': '12GB+512GB'}",手机性能很好打游戏很流畅不卡顿屏幕大小很适合打游戏送给儿子的非常喜欢,手机 性能 打游戏 流畅 不卡顿 屏幕 大小 适合 打游戏 送给 儿子 非常 喜欢,商品9.csv,1.0,正向
1,外观很好看，值得购买，非常喜欢,2025年12月24日,"{'机身颜色': '闪速黑', '存储容量': '12GB+512GB'}",外观很好看值得购买非常喜欢,外观 好看 值得 购买 非常 喜欢,商品9.csv,0.9971,正向
1,还不错，用起来很流畅，已经买过几次了，电池还比较耐用,2025年12月24日,"{'机身颜色': '闪速黑', '存储容量': '16GB+1TB'}",还不错用起来很流畅已经买过几次了电池还比较耐用,不错 起来 流畅 已经 买过 几次 电池 比较 耐用,商品9.csv,0.9966,正向
1,通信音质：非常好  其他特色：非常好 显示效果：非常好 颜色非常好看，尺寸也正好,2025年12月24日,"{'机身颜色': '掠影绿', '存储容量': '12GB+256GB'}",通信音质非常好  其他特色非常好 显示效果非常好 颜色非常好看尺寸也正好,通信 音质 非常 其他 特色 非常 显示 效果 非常 颜色 非常 好看 尺寸 正好,商品9.csv,0.9973,正向
1,东西不错，好事求是的说OPPO的系统确实已经很不错，一加系统非常完美，以后就用它了 显示效果：,2025年12月24日,"{'机身颜色': '闪速黑', '存储容量': '12GB+256GB'}",东西不错好事求是的说的系统确实已经很不错一加系统非常完美以后就用它了 显示效果,东西 不错 好事 求是 系统 确实 已经 不错 一加 系统 非常 完美 以后 显示 效果,商品9.csv,0.9733,正向
1,拿到手迫不及待开机，手机很好，质感嘎嘎滴，游戏也不卡。电池经用，是我想要的！,2025年12月24日,"{'机身颜色': '掠影绿', '存储容量': '12GB+256GB'}",拿到手迫不及待开机手机很好质感嘎嘎滴游戏也不卡电池经用是我想要的,拿到 迫不及待 开机 手机 质感 嘎嘎 游戏 不卡 电池 经用 想要,商品9.csv,0.9966,正向
1,不错不错，从一加3T开始就一直支持一加手机，从来没有让我失望，打游戏非常好，画质清晰！,2025年12月24日,"{'机身颜色': '掠影绿', '存储容量': '12GB+256GB'}",不错不错从一加开始就一直支持一加手机从来没有让我失望打游戏非常好画质清晰,不错 不错 一加 开始 一直 支持 一加 手机 从来 没有 失望 打游戏 非常 画质 清晰,商品9.csv,0.993,正向
1,这个手机很不错，好用，电量特别顶，打游戏完全没有续航焦虑。特别爽,2025年12月24日,"{'机身颜色': '闪速黑', '存储容量': '12GB+256GB'}",这个手机很不错好用电量特别顶打游戏完全没有续航焦虑特别爽,这个 手机 不错 用电量 特别 打游戏 完全 没有 续航 焦虑 特别,商品9.csv,0.9998,正向
1,之前用ACE2快三年，换了这个稍有点不习惯。这个稍宽，边角都是直角持握感不如ACE2。另一个就是音量键放在了右侧开机键上面，需要适应一下。需要吐槽一下电池，之前的ACE2就是因为电池衰减严重才换的这个，但是8300毫安并没有体现出两倍的待机时间，感觉有些虚标了。,2025年12月24日,"{'机身颜色': '闪速黑', '存储容量': '12GB+256GB'}",之前用快三年换了这个稍有点不习惯这个稍宽边角都是直角持握感不如另一个就是音量键放在了右侧开机键上面需要适应一下需要吐槽一下电池之前的就是因为电池衰减严重才换的这个但是毫安并没有体现出两倍的待机时间感觉有些虚标了,之前 用快 三年 这个 有点 习惯 这个 稍宽 边角 直角 持握 不如 一个 就是 音量 放在 右侧 开机 上面 需要 适应 一下 需要 吐槽 一下 电池 之前 就是 因为 电池 衰减 严重 这个 但是 毫安 没有 体现 两倍 待机时间 感觉 有些 虚标,商品9.csv,0.0568,负向
1,对于手机性价比来说 看了很多手机才最后敲定了6T。看中了他的外观和大容量电池，到手很流畅，没有问题。,2025年12月18日,"{'机身颜色': '电光紫', '存储容量': '12GB+256GB'}",对于手机性价比来说 看了很多手机才最后敲定了看中了他的外观和大容量电池到手很流畅没有问题,对于 手机 性价比 来说 很多 手机 最后 敲定 看中 外观 大容量 电池 到手 流畅 没有 问题,商品9.csv,1.0,正向
1,🌟手机收到啦，闪速黑颜值超高，上手质感很棒~ ✨存储容量够用，日常使用很流畅，完全符合描述呢~ 💯补贴后价格也很实惠，性价比超高，推荐入手哦~ 😊,2025年12月18日,"{'机身颜色': '闪速黑', '存储容量': '12GB+256GB'}",手机收到啦闪速黑颜值超高上手质感很棒 存储容量够用日常使用很流畅完全符合描述呢 补贴后价格也很实惠性价比超高推荐入手哦,手机 收到 闪速 黑颜值 超高 质感 很棒 存储容量 够用 日常 使用 流畅 完全符合 描述 补贴 价格 实惠 性价比 超高 推荐 入手,商品9.csv,1.0,正向
1,不错的手机  通信音质：很好 颜色好看 像素好 发货快 配送快 音质好 屏幕大 喜欢🤩,2025年12月18日,"{'机身颜色': '电光紫', '存储容量': '12GB+256GB'}",不错的手机  通信音质很好 颜色好看 像素好 发货快 配送快 音质好 屏幕大 喜欢,不错 手机 通信 音质 颜色 好看 像素 发货 配送 音质 屏幕 喜欢,商品9.csv,0.9999,正向
1,一直用OPPO的手机，这还是第一次买一加这个品牌，主要是看6T手机这个大容量电池买的，没想到颜值也这么nice😍😍！用了一天各方面体验都不错，想要换手机的亲们的可以考虑这款，物美价廉！,2025年12月18日,"{'机身颜色': '电光紫', '存储容量': '12GB+256GB'}",一直用的手机这还是第一次买一加这个品牌主要是看手机这个大容量电池买的没想到颜值也这么用了一天各方面体验都不错想要换手机的亲们的可以考虑这款物美价廉,一直 手机 还是 第一次 一加 这个 品牌 主要 手机 这个 大容量 电池 没想到 颜值 这么 一天 方面 体验 不错 想要 手机 亲们 可以 考虑 物美价廉,商品9.csv,0.931,正向
1,外观漂亮，实用性高，电池可以用很久，待机半天用了不到二十个点。应该能用两天。,2025年12月18日,"{'机身颜色': '电光紫', '存储容量': '12GB+256GB'}",外观漂亮实用性高电池可以用很久待机半天用了不到二十个点应该能用两天,外观 漂亮 实用性 电池 可以 待机 半天 不到 二十个 应该 两天,商品9.csv,0.8111,正向
1,好用，还能和电脑互联，惊呆我了，能连苹果手表，电脑，很方便，电池容量也很大，完全够用，性价比很高绿色很惊艳,2025年12月18日,"{'机身颜色': '掠影绿', '存储容量': '12GB+512GB'}",好用还能和电脑互联惊呆我了能连苹果手表电脑很方便电池容量也很大完全够用性价比很高绿色很惊艳,好用 电脑 互联 惊呆 苹果 手表 电脑 方便 电池容量 很大 完全 够用 性价比 绿色 惊艳,商品9.csv,0.9998,正向
1,手机打游戏很顺畅 质感很好 性价又高 165hz高刷绝了 电池容量大 完全不用担心充电问题,2025年12月18日,"{'机身颜色': '掠影绿', '存储容量': '12GB+256GB'}",手机打游戏很顺畅 质感很好 性价又高 高刷绝了 电池容量大 完全不用担心充电问题,手机 打游戏 顺畅 质感 性价 高刷绝 电池容量 完全 不用 担心 充电 问题,商品9.csv,0.9998,正向
1,紫色很漂亮 手机真不错 反应速度很快显示效果也不错  充电速度是真快 ,2025年12月18日,"{'机身颜色': '电光紫', '存储容量': '12GB+256GB'}",紫色很漂亮 手机真不错 反应速度很快显示效果也不错  充电速度是真快,紫色 很漂亮 手机 真不错 反应速度 很快 显示 效果 不错 充电 速度 真快,商品9.csv,0.9998,正向
1,前一个手机用的一加，感觉不错，这次换手机又选择了一加，这个6T是新品，价格也实惠，运行流畅，电池耐用，对我来说足够了,2025年12月18日,"{'机身颜色': '电光紫', '存储容量': '12GB+256GB'}",前一个手机用的一加感觉不错这次换手机又选择了一加这个是新品价格也实惠运行流畅电池耐用对我来说足够了,一个 手机 一加 感觉 不错 这次 手机 选择 一加 这个 新品 价格 实惠 运行 流畅 电池 耐用 来说 足够,商品9.csv,1.0,正向
1,手机电池耐用，外观美观时尚，性能稳定卓越.,2025年12月18日,"{'机身颜色': '电光紫', '存储容量': '12GB+256GB'}",手机电池耐用外观美观时尚性能稳定卓越,手机电池 耐用 外观 美观 时尚 性能 稳定 卓越,商品9.csv,0.9978,正向
1,超级超级好，手机屏幕很大很喜欢，绿色颜色也很好看！电池很大！上了两节课才掉了六度电！！！设计也很人性，有很多设置都可以自己选择自己调整！很不错的一款手机！ ,2025年12月18日,"{'机身颜色': '掠影绿', '存储容量': '12GB+512GB'}",超级超级好手机屏幕很大很喜欢绿色颜色也很好看电池很大上了两节课才掉了六度电设计也很人性有很多设置都可以自己选择自己调整很不错的一款手机,超级 超级 手机 屏幕 很大 喜欢 绿色 颜色 好看 电池 很大 两节课 六度 设计 人性 很多 设置 可以 自己 选择 自己 调整 不错 一款 手机,商品9.csv,0.9999,正向
1,其他特色：紫色还是好看，就是发货最晚了。系统流畅，打游戏刚刚好 ,2025年12月18日,"{'机身颜色': '电光紫', '存储容量': '12GB+256GB'}",其他特色紫色还是好看就是发货最晚了系统流畅打游戏刚刚好,其他 特色 紫色 还是 好看 就是 发货 最晚 系统 流畅 打游戏 刚刚,商品9.csv,0.9914,正向
1,发货速度很快，手机试用了一下，还是挺好的，卖家服务也好，目前很满意！,2025年12月18日,"{'机身颜色': '掠影绿', '存储容量': '12GB+512GB'}",发货速度很快手机试用了一下还是挺好的卖家服务也好目前很满意,发货 速度 很快 手机 试用 一下 还是 卖家 服务 也好 目前 满意,商品9.csv,0.9946,正向
1,手机质量好，屏幕显示清楚，运行速度快，电池大耐用打游戏可以，高刷很好显示很快可以购买做工很好摸着可以,2025年12月18日,"{'机身颜色': '电光紫', '存储容量': '12GB+256GB'}",手机质量好屏幕显示清楚运行速度快电池大耐用打游戏可以高刷很好显示很快可以购买做工很好摸着可以,手机 质量 屏幕显示 清楚 运行 速度 电池 耐用 打游戏 可以 高刷 显示 很快 可以 购买 做工 可以,商品9.csv,0.9995,正向
1,刚拿到这台一加 Ace 6T 时，手指下意识在背板上摩挲了很久。  这种丝绸玻璃的触感，温润得不像是一台通常意义上的“性能机”。这台手机上高强度铝合金中框和严丝合缝的工艺，它的质感其实是在向顶级旗舰看齐。  点亮屏幕，165Hz 刷新率首先带来了参数上的胜利，当你指尖滑动的时候，那种“零时差”的触觉和视觉的配合，又很新奇。第五代骁龙 8 移动平台，在游戏里它是真的能让你感受到什么叫“意念合一”的跟手感。  但最让我觉得离谱的，是它在 8.3mm 左右的机身里，硬塞进了一块 8300mAh 的冰川电池。,2025年12月5日,"{'机身颜色': '闪速黑', '存储容量': '12GB+256GB'}",刚拿到这台一加   时手指下意识在背板上摩挲了很久  这种丝绸玻璃的触感温润得不像是一台通常意义上的性能机这台手机上高强度铝合金中框和严丝合缝的工艺它的质感其实是在向顶级旗舰看齐  点亮屏幕 刷新率首先带来了参数上的胜利当你指尖滑动的时候那种零时差的触觉和视觉的配合又很新奇第五代骁龙  移动平台在游戏里它是真的能让你感受到什么叫意念合一的跟手感  但最让我觉得离谱的是它在  左右的机身里硬塞进了一块  的冰川电池,拿到 这台 一加 手指 下意识 背板 摩挲 这种 丝绸 玻璃 触感 温润 像是 一台 通常 意义 性能 这台 手机 高强度 铝合金 中框 严丝合缝 工艺 质感 其实 顶级 旗舰 看齐 点亮 屏幕 刷新率 首先 带来 参数 胜利 指尖 滑动 时候 那种 零时 触觉 视觉 配合 新奇 第五代 骁龙 移动 平台 游戏 真的 感受 什么 意念 合一 手感 觉得 离谱 左右 机身 塞进 一块 冰川 电池,商品9.csv,1.0,正向
1,其他特色：手机很薄，功能很好， 显示效果：高刷和游戏以为拍照什么的很好 对我来说打游戏不错 ,2025年12月5日,"{'机身颜色': '闪速黑', '存储容量': '12GB+512GB'}",其他特色手机很薄功能很好 显示效果高刷和游戏以为拍照什么的很好 对我来说打游戏不错,其他 特色 手机 功能 显示 效果 高刷 游戏 以为 拍照 什么 来说 打游戏 不错,商品9.csv,0.9998,正向
1,异常的流畅，手机搬家连续使用三个半小时掉电仅6%，,2025年12月5日,"{'机身颜色': '掠影绿', '存储容量': '12GB+256GB'}",异常的流畅手机搬家连续使用三个半小时掉电仅,异常 流畅 手机 搬家 连续 使用 三个 半小时 掉电,商品9.csv,0.6877,中性
1,货已收到  期待后续的精彩使用  顺丰快递下单隔天就发货挺快的,2025年12月5日,"{'机身颜色': '闪速黑', '存储容量': '16GB+1TB'}",货已收到  期待后续的精彩使用  顺丰快递下单隔天就发货挺快的,货已 收到 期待 后续 精彩 使用 顺丰 快递 下单 隔天 发货 挺快,商品9.csv,0.1356,负向
1,不太爱评价，但这个是真的棒！质量很好，做工细致，包裹很严实，快递服务态度好，绝对好评！,2026年1月28日,"{'机身颜色': '电光紫', '存储容量': '12GB+256GB'}",不太爱评价但这个是真的棒质量很好做工细致包裹很严实快递服务态度好绝对好评,不太爱 评价 这个 真的 质量 做工 细致 包裹 严实 快递 服务态度 绝对 好评,商品9.csv,0.4606,中性
1,手机收到，做工很好，很精致 金属机身，运行流畅玩游戏帧数很高，这次购物很满意,2025年12月13日,"{'机身颜色': '闪速黑', '存储容量': '12GB+256GB'}",手机收到做工很好很精致 金属机身运行流畅玩游戏帧数很高这次购物很满意,手机 收到 做工 精致 金属 机身 运行 流畅 玩游戏 这次 购物 满意,商品9.csv,1.0,正向
1,手机使用了一星期左右，总的来说还不错，续航方面中度使用两天一充，游戏偶尔玩一下王者荣耀开高帧率也很流畅很湿滑，总的来说确实不错！,2025年12月13日,"{'机身颜色': '闪速黑', '存储容量': '16GB+1TB'}",手机使用了一星期左右总的来说还不错续航方面中度使用两天一充游戏偶尔玩一下王者荣耀开高帧率也很流畅很湿滑总的来说确实不错,手机 使用 星期 左右 总的来说 不错 续航 方面 中度 使用 两天 一充 游戏 偶尔 一下 王者 荣耀 开高 流畅 很湿 总的来说 确实 不错,商品9.csv,1.0,正向
1,价格很划算  同级别2000出头最好的处理器  打游戏无压力  给父母买的  用个三五年没问题的  选的绿色  看着非常舒服  手机准备打包寄回老家给父母了,2025年12月13日,"{'机身颜色': '掠影绿', '存储容量': '12GB+256GB'}",价格很划算  同级别出头最好的处理器  打游戏无压力  给父母买的  用个三五年没问题的  选的绿色  看着非常舒服  手机准备打包寄回老家给父母了,价格 划算 级别 出头 最好 处理器 打游戏 压力 父母 用个 三五年 问题 绿色 看着 非常 舒服 手机 准备 打包 回老家 父母,商品9.csv,0.9992,正向
1,第一次买彩色的手机，这个绿色真的很好看，运行很流畅丝滑，充电速度很快，下午充满的电到现在也只掉了不到百分之十，我在新疆，现在零下十几度的天气也不会卡顿死机，电量也不会框框掉，第一次买一加的手机，手机盒子和充电线竟然是红色，看起来很活力，很满意。,2025年12月13日,"{'机身颜色': '掠影绿', '存储容量': '12GB+512GB'}",第一次买彩色的手机这个绿色真的很好看运行很流畅丝滑充电速度很快下午充满的电到现在也只掉了不到百分之十我在新疆现在零下十几度的天气也不会卡顿死机电量也不会框框掉第一次买一加的手机手机盒子和充电线竟然是红色看起来很活力很满意,第一次 彩色 手机 这个 绿色 真的 好看 运行 流畅 丝滑 充电 速度 很快 下午 充满 电到 现在 不到 百分之十 新疆 现在 零下 十几 天气 不会 卡顿 机电 不会 框框 第一次 一加 手机 手机 盒子 充电 竟然 红色 看起来 活力 满意,商品9.csv,0.994,正向
1,通信音质：非常好很清楚 其他特色：手机电池很大也很好看，终于没有电池焦虑症了  显示效果：165hz刷新率真的用着*** ,2025年12月13日,"{'机身颜色': '掠影绿', '存储容量': '12GB+512GB'}",通信音质非常好很清楚 其他特色手机电池很大也很好看终于没有电池焦虑症了  显示效果刷新率真的用着,通信 音质 非常 清楚 其他 特色 手机电池 很大 好看 终于 没有 电池 焦虑症 显示 效果 刷新率 真的,商品9.csv,0.9909,正向
1,这次购物体验超棒！手机拿到手就被惊艳到啦～ 掠影绿配色太高级，玻璃后盖摸起来细腻光滑， 光线折射下像有流光在动呢～开机后系统反应超 快，切换APP、加载软件都很丝滑，完全没有卡顿 感，日常用着特别舒心～100,2025年12月13日,"{'机身颜色': '闪速黑', '存储容量': '12GB+256GB'}",这次购物体验超棒手机拿到手就被惊艳到啦 掠影绿配色太高级玻璃后盖摸起来细腻光滑 光线折射下像有流光在动呢开机后系统反应超 快切换加载软件都很丝滑完全没有卡顿 感日常用着特别舒心,这次 购物 体验 超棒 手机 拿到 惊艳 掠影 配色 高级 玻璃 后盖 起来 细腻 光滑 光线 折射 流光 开机 系统 反应 切换 加载 软件 完全 没有 卡顿 日常 特别 舒心,商品9.csv,0.9995,正向
1,手机性价比很高，用起来很顺手，品质不错，客服服务好！,2025年12月23日,"{'机身颜色': '闪速黑', '存储容量': '12GB+256GB'}",手机性价比很高用起来很顺手品质不错客服服务好,手机 性价比 高用 起来 顺手 品质 不错 客服 服务,商品9.csv,0.9931,正向
1,买了第四台一加手机了，性价比杠杠的，国补力度很大，这次电池强大，终于不用焦虑了,2025年12月23日,"{'机身颜色': '闪速黑', '存储容量': '16GB+1TB'}",买了第四台一加手机了性价比杠杠的国补力度很大这次电池强大终于不用焦虑了,第四 台一加 手机 性价比 杠杠 国补 力度 很大 这次 电池 强大 终于 不用 焦虑,商品9.csv,0.9692,正向
1,相当完美～性价比超高、各方面体验都超级好，客服和售后也也都相当负责任，值得购买,2025年12月23日,"{'机身颜色': '掠影绿', '存储容量': '12GB+256GB'}",相当完美性价比超高各方面体验都超级好客服和售后也也都相当负责任值得购买,相当 完美 性价比 超高 方面 体验 超级 客服 售后 相当 负责 值得 购买,商品9.csv,0.9976,正向
1,第一次买一加的手机，国补要现场拆开，充电线是红色，这是我没想到的，屏幕也没有像网上说的那样刺眼，总体还好,2025年12月23日,"{'机身颜色': '掠影绿', '存储容量': '12GB+512GB'}",第一次买一加的手机国补要现场拆开充电线是红色这是我没想到的屏幕也没有像网上说的那样刺眼总体还好,第一次 一加 手机 国补要 现场 拆开 充电 红色 没想到 屏幕 没有 网上 那样 刺眼 总体 还好,商品9.csv,0.0606,负向
1,摸起来确实质感不错，然后蛮好用的，我是觉得不错的。续航也不错。,2025年12月23日,"{'机身颜色': '闪速黑', '存储容量': '12GB+256GB'}",摸起来确实质感不错然后蛮好用的我是觉得不错的续航也不错,起来 确实 质感 不错 然后 觉得 不错 续航 不错,商品9.csv,0.9999,正向
1,165帧刷新率真是丝滑无比，整体体验超出预期，无论是产品质量还是服务都无可挑剔。,2025年12月23日,"{'机身颜色': '闪速黑', '存储容量': '12GB+256GB'}",帧刷新率真是丝滑无比整体体验超出预期无论是产品质量还是服务都无可挑剔,刷新率 真是 丝滑 无比 整体 体验 超出 预期 无论是 产品质量 还是 服务 无可挑剔,商品9.csv,0.9618,正向
1,手机很好很流畅，用着很舒服颜色也喜欢，很棒的。支持支持支持支持支持 通信音质：好 其他特色：好 显示效果：好,2025年12月29日,"{'机身颜色': '闪速黑', '存储容量': '12GB+256GB'}",手机很好很流畅用着很舒服颜色也喜欢很棒的支持支持支持支持支持 通信音质好 其他特色好 显示效果好,手机 流畅 舒服 颜色 喜欢 很棒 支持 支持 支持 支持 支持 通信 音质 其他 特色 显示 效果,商品9.csv,1.0,正向
1,通信音质：特别好特别丝滑 其他特色：游戏潮流长充电特别快 显示效果：非常清晰会回购太棒了 推荐购买,2025年12月29日,"{'机身颜色': '闪速黑', '存储容量': '16GB+1TB'}",通信音质特别好特别丝滑 其他特色游戏潮流长充电特别快 显示效果非常清晰会回购太棒了 推荐购买,通信 音质 特别 特别 丝滑 其他 特色 游戏 潮流 充电 特别 显示 效果 非常 清晰 回购 太棒了 推荐 购买,商品9.csv,1.0,正向
1,手机不错，挺好，手感很好，很大气,2025年12月29日,"{'机身颜色': '闪速黑', '存储容量': '16GB+1TB'}",手机不错挺好手感很好很大气,手机 不错 手感 很大,商品9.csv,0.998,正向
1,手感还不错，不过电池容量到底有没有那么大目前还不知道，等用些日子再来追评,2026年2月16日,"{'机身颜色': '闪速黑', '存储容量': '16GB+1TB'}",手感还不错不过电池容量到底有没有那么大目前还不知道等用些日子再来追评,手感 不错 不过 电池容量 到底 有没有 那么 目前 知道 用些 日子 再来 追评,商品9.csv,0.8145,正向
1,发货快物流快，国补后价格很香，运行也相当流畅,2025年12月17日,"{'机身颜色': '掠影绿', '存储容量': '12GB+512GB'}",发货快物流快国补后价格很香运行也相当流畅,发货 物流 快国 补后 价格 很香 运行 相当 流畅,商品9.csv,0.9987,正向
1,"-加Ace6T太香了!第五代骁龙8加持,165Hz高刷 屏玩游戏超丝滑,8300mAh大电池续航超顶,100W快充补能快,质感颜值在线,性能强大",2025年12月17日,"{'机身颜色': '掠影绿', '存储容量': '12GB+256GB'}",加太香了第五代骁龙加持高刷 屏玩游戏超丝滑大电池续航超顶快充补能快质感颜值在线性能强大,加太香 第五代 骁龙 加持 高刷 玩游戏 超丝 滑大 电池 续航 超顶 充补能 质感 颜值 在线 性能 强大,商品9.csv,0.9997,正向
1,手机非常流畅  性能非常不错  续航能力强   通信音质：很不错  很流畅 其他特色：性价比高 显示效果：很不错 很满意,2025年12月17日,"{'机身颜色': '电光紫', '存储容量': '12GB+256GB'}",手机非常流畅  性能非常不错  续航能力强   通信音质很不错  很流畅 其他特色性价比高 显示效果很不错 很满意,手机 非常 流畅 性能 非常 不错 续航 能力 通信 音质 不错 流畅 其他 特色 性价比 显示 效果 不错 满意,商品9.csv,1.0,正向
1,经济实用，拍照还挺意外的比想象的清晰,2025年12月17日,"{'机身颜色': '电光紫', '存储容量': '12GB+256GB'}",经济实用拍照还挺意外的比想象的清晰,经济实用 拍照 意外 想象 清晰,商品9.csv,0.9983,正向
1, 手感很好 电池很耐用  打游戏非常爽,2025年12月17日,"{'机身颜色': '掠影绿', '存储容量': '12GB+512GB'}",手感很好 电池很耐用  打游戏非常爽,手感 电池 耐用 打游戏 非常,商品9.csv,0.9972,正向
1,手机特别好，卖给家人用，颜色好看，系统流畅。今年第二台一加手机，电池容量也大。,2025年12月17日,"{'机身颜色': '掠影绿', '存储容量': '12GB+512GB'}",手机特别好卖给家人用颜色好看系统流畅今年第二台一加手机电池容量也大,手机 特别 家人 颜色 好看 系统 流畅 今年 第二台 一加 手机 电池容量,商品9.csv,0.9539,正向
1,通信音质：非常好！！！！！！！！  其他特色：颜色也很好看  显示效果：切换速度很快打游戏超级流畅非常好用,2025年12月17日,"{'机身颜色': '电光紫', '存储容量': '12GB+256GB'}",通信音质非常好  其他特色颜色也很好看  显示效果切换速度很快打游戏超级流畅非常好用,通信 音质 非常 其他 特色 颜色 好看 显示 效果 切换 速度 很快 打游戏 超级 流畅 非常 好用,商品9.csv,0.9999,正向
1,系统流畅，发热也控制的很好，重量趁手手感不错，打游戏体验非常好，玩游戏还是得一加,2025年12月17日,"{'机身颜色': '掠影绿', '存储容量': '16GB+1TB'}",系统流畅发热也控制的很好重量趁手手感不错打游戏体验非常好玩游戏还是得一加,系统 流畅 发热 控制 重量 趁手 手感 不错 打游戏 体验 非常 好玩 游戏 还是 一加,商品9.csv,0.9999,正向
1,用起来很流畅，打游戏也非常流畅，性价比很高，挺好的,2025年12月17日,"{'机身颜色': '闪速黑', '存储容量': '12GB+512GB'}",用起来很流畅打游戏也非常流畅性价比很高挺好的,起来 流畅 打游戏 非常 流畅 性价比,商品9.csv,1.0,正向
1,两千多的价格能买到这样的配置，真的性价比拉满了，不管是学生党还是上班族，日常使用或者重度游戏都能hold住，闭眼冲不亏！,2025年12月17日,"{'机身颜色': '电光紫', '存储容量': '12GB+256GB'}",两千多的价格能买到这样的配置真的性价比拉满了不管是学生党还是上班族日常使用或者重度游戏都能住闭眼冲不亏,两千多 价格 这样 配置 真的 性价比 拉满 不管 学生 还是 上班族 日常 使用 或者 重度 游戏 闭眼 冲不亏,商品9.csv,0.9897,正向
1,手机收到了，颜色很好看，运行流畅不卡，拍照也不错这款商品的质量真的很棒，性价比超高，我已经推荐给我的朋友们了。,2025年12月17日,"{'机身颜色': '掠影绿', '存储容量': '12GB+512GB'}",手机收到了颜色很好看运行流畅不卡拍照也不错这款商品的质量真的很棒性价比超高我已经推荐给我的朋友们了,手机 收到 颜色 好看 运行 流畅 不卡 拍照 不错 商品 质量 真的 很棒 性价比 超高 已经 推荐 朋友,商品9.csv,1.0,正向
1,心心念念的一加手机终于收到了。电光紫颜色确实高大上。手感一级棒，体验流畅。完全超出了我的预期。爱了爱了！,2025年12月17日,"{'机身颜色': '电光紫', '存储容量': '12GB+256GB'}",心心念念的一加手机终于收到了电光紫颜色确实高大上手感一级棒体验流畅完全超出了我的预期爱了爱了,心心念念 一加 手机 终于 收到 电光 颜色 确实 高大 手感 一级 体验 流畅 完全 超出 预期,商品9.csv,1.0,正向
1,东西手机收到了，先夸夸外观，真的太好看了吧🌸，而且还送了好多赠品🎁，性价比很高！值得购买，不错,2025年12月17日,"{'机身颜色': '掠影绿', '存储容量': '12GB+512GB'}",东西手机收到了先夸夸外观真的太好看了吧而且还送了好多赠品性价比很高值得购买不错,东西 手机 收到 夸夸 外观 真的 好看 而且 好多 赠品 性价比 值得 购买 不错,商品9.csv,0.9992,正向
1,手机收到发货非常快机子完美没有问题，而且特别好用，用，一加的机子太棒了,2025年12月17日,"{'机身颜色': '电光紫', '存储容量': '12GB+256GB'}",手机收到发货非常快机子完美没有问题而且特别好用用一加的机子太棒了,手机 收到 发货 非常 机子 完美 没有 问题 而且 特别 好用 一加 机子 太棒了,商品9.csv,0.9938,正向
1,一加Ace 6T是款极具诚意的机型。它首发第五代骁龙8，搭配165Hz高刷电竞屏，游戏满帧持久。8300mAh大电池续航强，100W快充也给力。外观简约，丝绸玻璃工艺手感好，值得入手👍,2025年12月17日,"{'机身颜色': '掠影绿', '存储容量': '12GB+512GB'}",一加 是款极具诚意的机型它首发第五代骁龙搭配高刷电竞屏游戏满帧持久大电池续航强快充也给力外观简约丝绸玻璃工艺手感好值得入手,一加 极具 诚意 机型 首发 第五代 骁龙 搭配 高刷电 竞屏 游戏 满帧 持久 电池 续航 强快 外观 简约 丝绸 玻璃工艺 手感 值得 入手,商品9.csv,0.9998,正向
1,全防水，户处工作时很有必要。电池大，一天用不完，一天多一充。指纹很快，但换了钢化膜后打了折扣，建议非必要原厂膜效果更好！,2025年12月17日,"{'机身颜色': '闪速黑', '存储容量': '12GB+256GB'}",全防水户处工作时很有必要电池大一天用不完一天多一充指纹很快但换了钢化膜后打了折扣建议非必要原厂膜效果更好,防水 户处 工作 必要 电池 一天 用不完 一天 多一充 指纹 很快 但换 钢化 折扣 建议 非必要 原厂 效果 更好,商品9.csv,0.1677,负向
1,奔着新一代骁龙处理器来的，另外就是满意的 8300mAh的电池容量，开机运行非常流畅，玩了**游戏，没有出现掉帧，超声波解锁真的很顺滑便捷，另外屏幕显示真的很艳丽，拍照还原度很好的一款机型，当初对比了好几款手机，最终还是决定买下这款，最后要说的是通信📶真的很给力，地下停车场也是满格，以前手机是掉两格显示哪！😊,2025年12月8日,"{'机身颜色': '闪速黑', '存储容量': '16GB+1TB'}",奔着新一代骁龙处理器来的另外就是满意的 的电池容量开机运行非常流畅玩了游戏没有出现掉帧超声波解锁真的很顺滑便捷另外屏幕显示真的很艳丽拍照还原度很好的一款机型当初对比了好几款手机最终还是决定买下这款最后要说的是通信真的很给力地下停车场也是满格以前手机是掉两格显示哪,新一代 骁龙 处理器 另外 就是 满意 电池容量 开机 运行 非常 流畅 游戏 没有 出现 超声波 解锁 真的 顺滑 便捷 另外 屏幕显示 真的 艳丽 拍照 还原 一款 机型 当初 对比 几款 手机 最终 还是 决定 买下 最后 要说 通信 真的 地下 停车场 满格 以前 手机 两格 显示,商品9.csv,1.0,正向
1,全能王炸登场！一加Ace 6T首销2399元起，搭载骁龙8Gen5芯片+165Hz电竞屏，跑分高达356万稳居性能第一梯队。独家风驰游戏内核写入芯片底层，实测《和平精英》164帧稳如直线，《三角洲行动》165Hz丝滑制霸，搭配8300mAh冰川电池重度使用8小时剩62%电量，续航十冠王实至名归！更有IP68防水+索尼IMX906主摄，掠影绿丝绸玻璃背板握感如缎，2399元起直接终结性能机内卷！,2025年12月8日,"{'机身颜色': '掠影绿', '存储容量': '12GB+256GB'}",全能王炸登场一加 首销元起搭载骁龙芯片电竞屏跑分高达万稳居性能第一梯队独家风驰游戏内核写入芯片底层实测和平精英帧稳如直线三角洲行动丝滑制霸搭配冰川电池重度使用小时剩电量续航十冠王实至名归更有防水索尼主摄掠影绿丝绸玻璃背板握感如缎元起直接终结性能机内卷,全能王 登场 一加 首销 搭载 骁龙 芯片 竞屏 分高达 稳居 性能 第一 梯队 独家 风驰 游戏 内核 写入 芯片 底层 实测 和平 精英 稳如 直线 三角洲 行动 丝滑 制霸 搭配 冰川 电池 重度 使用 小时 电量 续航 冠王 实至名归 防水 索尼 主摄 掠影 丝绸 玻璃 背板 握感 如缎 直接 终结 性能 机内卷,商品9.csv,1.0,正向
1,首次支持一加，首发开始拍的紫色低配，正好紫色没现货，重新考虑后拍了现货黑色高配，游戏机嘛配置必须拉满，看看家里的小学鸡玩得溜溜的,2025年12月8日,"{'机身颜色': '闪速黑', '存储容量': '16GB+1TB'}",首次支持一加首发开始拍的紫色低配正好紫色没现货重新考虑后拍了现货黑色高配游戏机嘛配置必须拉满看看家里的小学鸡玩得溜溜的,首次 支持 一加 首发 开始 紫色 低配 正好 紫色 现货 重新考虑 现货 黑色 高配 游戏机 配置 必须 拉满 看看 家里 小学 鸡玩得 溜溜,商品9.csv,0.5676,中性
1,不错，屏幕大，而且手感很好，流畅度高，反应非常快，一加手机，不比六七千的旗舰机差，不错不错,2025年12月12日,"{'机身颜色': '闪速黑', '存储容量': '12GB+256GB'}",不错屏幕大而且手感很好流畅度高反应非常快一加手机不比六七千的旗舰机差不错不错,不错 屏幕 而且 手感 流畅 度高 反应 非常 一加 手机 不比 六七千 旗舰机 不错 不错,商品9.csv,0.9999,正向
1,165没压力，手机有点热，小意思，手感不错，电池要得，你值得拥有,2025年12月12日,"{'机身颜色': '闪速黑', '存储容量': '12GB+256GB'}",没压力手机有点热小意思手感不错电池要得你值得拥有,压力 手机 有点 小意思 手感 不错 电池 值得 拥有,商品9.csv,0.9945,正向
1,发货快已经收到好几天了，颜色很好看，拿到的时候迫不及待的拆开使用，体验感觉很好。棒棒哒,2025年12月12日,"{'机身颜色': '电光紫', '存储容量': '12GB+256GB'}",发货快已经收到好几天了颜色很好看拿到的时候迫不及待的拆开使用体验感觉很好棒棒哒,发货 已经 收到 几天 颜色 好看 拿到 时候 迫不及待 拆开 使用 体验 感觉 棒棒,商品9.csv,0.9821,正向
1,显示效果：刷新率很高，屏幕不错 通信音质：音质很好 其他特色：电池容量大。 收到手机打了**英雄联盟帧率稳定165，游戏模式非常流畅,2025年12月12日,"{'机身颜色': '闪速黑', '存储容量': '16GB+1TB'}",显示效果刷新率很高屏幕不错 通信音质音质很好 其他特色电池容量大 收到手机打了英雄联盟帧率稳定游戏模式非常流畅,显示 效果 刷新率 屏幕 不错 通信 音质 音质 其他 特色 电池容量 收到 手机 英雄 联盟 稳定 游戏 模式 非常 流畅,商品9.csv,1.0,正向
1,通信音质：不错。物流是顺丰发货的，还是比较快的。 显示效果：屏幕也不错。目前用起来还是挺流畅的。其他功能要后续使用才能评价。,2025年12月22日,"{'机身颜色': '闪速黑', '存储容量': '12GB+512GB'}",通信音质不错物流是顺丰发货的还是比较快的 显示效果屏幕也不错目前用起来还是挺流畅的其他功能要后续使用才能评价,通信 音质 不错 物流 顺丰 发货 还是 比较 显示 效果 屏幕 不错 目前 起来 还是 流畅 其他 功能 后续 使用 才能 评价,商品9.csv,0.9999,正向
1,通信音质：不错 显示效果：可以接受 其他特色：支持,2025年12月22日,"{'机身颜色': '闪速黑', '存储容量': '12GB+256GB'}",通信音质不错 显示效果可以接受 其他特色支持,通信 音质 不错 显示 效果 可以 接受 其他 特色 支持,商品9.csv,0.992,正向
1,非常好用，手机性能不错，音质挺好，谢谢了姐妹，谢谢,2025年12月22日,"{'机身颜色': '闪速黑', '存储容量': '12GB+256GB'}",非常好用手机性能不错音质挺好谢谢了姐妹谢谢,非常 好用 手机 性能 不错 音质 谢谢 姐妹 谢谢,商品9.csv,0.9988,正向
