标题,原价,销量,店名,id,卖点,颜色,评论
5G旗舰 华为mate80pro手机自选,2898.00,1万+,华星通讯手机店,10159334864006,"['昆仑玻璃', 'AI智慧', '抗摔防水', '玄甲机身']",星空黑 12G+512GB,5000+
华为手机2026热销 华为5G智选新品80 Pro 24期免息 昆仑玻璃 6100mAh大电池 OLED护眼屏补贴华为mate80 星空黑【24G(12+12)+512GB】 豪礼套装版【季度碎屏险+,2498.82,700+,德凯英顿手机专营店,10209823072252,"['24期免息购', '大电池续航', 'OLED护眼', '智能红外遥控']",星空黑【24G(12+12)+512GB】,200+
华为 nova 15 256GB 幻夜黑,2549.00,,华为京东自营旗舰店,100307090484,"['北斗卫星消息', '卫星消息', '大屏视野', '高频调光']",幻夜黑,5万+
华为2026热销 5G新品 智选80 Pro手机 红外遥控 AI智慧助手昆仑玻璃+玄甲机身 华为鸿蒙生态手机 mate 星海蓝 12G+512GB 蓝牙套装版丨送3年保修+180天只换不修+碎屏保,2898.00,1万+,华星通讯手机店,10159334864000,"['鸿蒙生态', '抗摔防水', '玄甲机身', '12G内存']",星海蓝 12G+512GB,5000+
华为nova15 国家补贴,2699.00,400+,京铠玄手机旗舰店,10205521660874,"['400+人已买', '5万+人浏览', '性能强劲到底']",幻夜黑,200+
华为手机2026热销 华为5G智选新品80 Pro 24期免息 昆仑玻璃 6100mAh大电池 OLED护眼屏补贴华为mate80 星海蓝【24G(12+12)+512GB】 豪礼套装版【季度碎屏险+,2616.47,700+,德凯英顿手机专营店,10209823072258,"['智能红外遥控', '昆仑玻璃耐摔', '柔光护眼屏', '大电池续航', '红外遥控', '轻薄设计', '昆仑玻璃', 'OLED护眼']",星海蓝【24G(12+12)+512GB】,200+
华为手机新品5G  mate80pro上市,2322.53,3000+,福购手机专营店,10189949499003,"['十倍耐摔', '华为巨鲸续航', 'OLED护眼', 'IP64防护']",24GB(12+12)+256GB 星空黑,2000+
华为 nova 15 512GB 幻夜黑,2849.00,,华为京东自营旗舰店,100307090456,"['北斗卫星消息', '鸿蒙系统', '红枫影像', 'NFC功能']",幻夜黑,5万+
华为手机智选70pro新品5G旗舰 AI大底主摄 鸿蒙安全守护 海量双存 超巨量电池 极速快充 臻彩护眼屏 曜 曜金黑8+256GB 蓝牙耳机套装版|180天只换不修+3年保修+碎屏险,2568.00,600+,京创手机专营店,10211079736490,"['安全守护', '4千+手机达人浏览', '只换不修']",曜金黑8+256GB,500+
荣耀X70 8+256 幻夜黑 金标十面抗摔 8300mAh青海湖电池 IP69防水 荣耀绿洲护眼屏 AI手机 国家补贴,1599.00,90万+,荣耀京东自营旗舰店,100248102658,"['金标十面抗摔', 'IP69防水', 'OLED直屏', '高频PWM']",幻夜黑,50万+
华为手机智选80pro新品5G旗舰 红外遥控 昆仑玻璃 海量双存 鸿蒙守护五星级防水抗摔巨量电池+极速快充 星空黑12+512GB 蓝牙耳机套装版|180天只换不修+3年保修+碎屏险,3031.00,7000+,京贸手机专营店,10199103516102,"['海量内存大电池', '昆仑玻璃', '鸿蒙守护', '鸿蒙安全守护']",星空黑12+512GB,5000+
5G新品旗舰 华为mate70pro选购,2575.00,6000+,京贸手机专营店,10199349489193,"['AI大底主摄', '海量存储空间', '臻彩护眼屏', '鸿蒙安全守护']",曜金黑8+256GB,2000+
【国家补贴】荣耀X70 8+128,1399.00,90万+,荣耀京东自营旗舰店,100189191021,"['十面抗摔', 'AI主摄像', 'OLED直屏', 'IP69防水']",朱砂红,50万+
新品华为mate70pro手机上市,1488.00,1万+,卓选数码手机店,10163252658600,"['地震预警', '红外遥控', '抗摔耐用', '大电池续航']",曜石黑 6GB+128GB,5000+
,无原价,,,,,,
华为5G智选手机华为80pro【国家补贴】2025新机上市 24期免息 6100mAh续航 十倍耐摔 补贴华为mate80 20GB(8+12)+256GB星海蓝 耳机套装版【赠1年延保+季度碎屏险】,1946.00,300+,迪旺手机专营店,10211027867238,"['OLED直屏', 'IP65防护', '100W快充', '5000万像素']",20GB(8+12)+256GB星海蓝,34
华为手机智选80pro新品5G旗舰 红外遥控 昆仑玻璃 海量双存 鸿蒙守护五星级防水抗摔巨量电池+极速快充 星空黑12+512GB 蓝牙耳机套装版|180天只换不修+3年保修+碎屏保,3013.00,,智果手机专营店,10210906733237,"['新品5G旗舰', '400+手机达人浏览']",星空黑12+512GB,100+
【国家补贴】荣耀X70 12+512,1999.00,90万+,荣耀京东自营旗舰店,100248102660,"['快速充电', '护眼屏幕', '高频调光', '防水防尘']",幻夜黑,50万+
vivo iQOO Neo11 12GB+256GB,2699.00,,iQOO京东自营旗舰店,100287911980,"['电竞芯片Q2', '疾风2K屏', '轻奢设计', '轻奢风格']",面对疾风,10万+
华为 nova 15 512GB 幻夜黑 麒麟8020芯片 多焦段红枫影像 鸿蒙AI 臻彩OLED直屏华为手机【赠话费券】,2799.00,1万+,京东手机自营旗舰店,100310638776,"['北斗卫星图片消息', '5000万像素', '鸿蒙AI', '轻薄设计']",幻夜黑,1000+
华为新品5G手机 2025智选新机上市 80pro 24期免息 6100mAh长续航红外遥控昆仑玻璃华为补贴手机mate80 星空黑【24GB(12+12)+512GB】 24期白条| 365天只换不,3298.00,400+,德凯英顿手机专营店,10186192915517,"['昆仑玻璃', '巨鲸续航', '红外遥控', '快充技术']",星空黑【24GB(12+12)+512GB】,200+
Apple/苹果 iPhone 17 256GB 白色 支持移动联通电信5G 双卡双待手机,5999.00,,Apple产品京东自营旗舰店,100209267857,"['4800万像素', '自适应高刷', 'A19芯片']",白色,100万+
华为 nova 15 256GB 幻夜黑 麒麟8020芯片 多焦段红枫影像 鸿蒙AI 臻彩OLED直屏华为手机【赠话费券】,2499.00,1万+,京东手机自营旗舰店,100310638736,"['轻薄设计', '鸿蒙AI', 'FHD+显示', '5000万像素']",幻夜黑,2000+
华为（HUAWEI）华为mate80Pro 版本选购 70X尊享版 2026新品上市24期免息 6100mAh巨鲸续航 麒麟8000芯片鸿蒙手机 曜金黑【512GB】 豪礼套餐版+2年店铺延保+90天,2840.00,,唯绅手机专营店,10211456028455,"['政策补贴15%', '华为麒麟8000', '华为新机旗舰']",曜金黑【512GB】,0
华为mate80pro手机 5G旗舰新品手机,2685.00,200+,华选手机店,10209202438477,"['红外遥控', '超级快充', '4千+手机达人加购']",幻夜黑12GB+512GB,100+
华为mete70pro手机 可选畅享70x  5G全网通 鸿蒙系统一键北斗 曲屏NFC 麒麟芯片 长续航闪充 防水防摔 512GB【湖光青】+送蓝牙耳机,2499.00,600+,慕霖轩手机专营店,10206652352215,"['IP64防护', '商务三防', '512GB大存', 'NFC便捷', '超耐摔机', '双曲护眼']",512GB【湖光青】+送蓝牙耳机,500+
华为（HUAWEI）2026热销 华为70X 尊享新机上市 麒麟8000一键北斗 6100mAh巨鲸长续航 华为免息80Pro补贴80X 曜金黑【512GB】 豪礼套餐版+2年延保服务+90天碎屏险+,2838.82,,德凯英顿手机专营店,10211759557906,"['华为巨鲸电池', '华为鸿蒙旗舰', '华为麒麟8000']",曜金黑【512GB】,0
华为（HUAWEI）Mate80 Pro 版本选购24期【免息】70X 尊享版6100mAh华为巨鲸长续航麒麟8000芯片鸿蒙手机 星海蓝【512GB】 耳机套装【90天碎屏险+两年延保+运费险】,3095.00,100+,福购手机专营店,10210093795735,"['麒麟8000芯片', '鸿蒙系统', 'IP64防护', '巨鲸续航']",星海蓝【512GB】,78
荣耀X70 12+512 朱砂红  金标十面抗摔 80W无线超级快充 IP69防水 荣耀绿洲护眼屏 AI手机 国家补贴,1999.00,90万+,荣耀京东自营旗舰店,100189191015,"['高频调光', '8300mAh', 'IP69防水', '绿洲护眼']",朱砂红,50万+
华为 nova 15 256G,2599.00,4000+,京东手机直营旗舰店,100310722766,"['高频PWM', '臻彩OLED', '鸿蒙AI', 'IP65防护']",幻夜黑,2000+
华为2026热销手机 鸿蒙新品70X 北斗卫星通信 支持NFC 玄甲机身抗跌耐摔 大电池长续航 地震预警 Mate 耀金黑【512GB】 蓝牙套装版丨3年质保+180天只换不...,2999.00,9000+,品宴手机通讯专营店,10122791293735,"['北斗卫星通信', '华为鸿蒙系统', '超长续航', '高性能处理']",耀金黑【512GB】,5000+
华为（HUAWEI）手机华为mate80 pro版本选购 70X尊享版 24期免息 6100mAh巨鲸续航 麒麟8000芯片鸿蒙手机 星海蓝【512GB】 耳机套餐版【赠一年延保+180天碎屏险】,2599.00,,迪旺手机专营店,10211073832318,"['超级NFC', '麒麟8000芯片', '大电池巨鲸续航', '鸿蒙系统', '简约风格', '轻薄机身', '星海蓝色', '麒麟芯片', '高频PWM', '巨鲸续航']",星海蓝【512GB】,3
华为手机华为智选 5G新品 Hi畅享 80 Pro 昆仑玻璃十倍耐摔 护眼屏 6100mAh+40W巨鲸续航店内Mate可选 星空黑【512GB】 官方标配+蓝牙耳机,2749.00,100+,联讯手机专营店,10210364079049,"['1千+手机达人浏览', '护眼屏', '官方标配']",星空黑【512GB】,100+
华为（HUAWEI）nova 15 12GB+256GB 幻夜黑 麒麟8020芯片 多焦段红枫影像 臻彩OLED直屏鸿蒙智能手机 支架套装,2528.00,1000+,1号会员店,100232381081,"['轻薄设计', '高频PWM', '麒麟芯片', '红枫影像']",nova15,500+
华为5G智选手机华为80pro【国家补贴】2025新机上市 24期免息 6100mAh续航 十倍耐摔 补贴华为mate80 24GB(12+12)+512GB星空黑 耳机套装版【赠1年延保+季度碎屏险,2416.00,300+,迪旺手机专营店,10211027867259,"['大电池长续航', '昆仑玻璃十倍耐摔', 'OLED 护眼屏']",24GB(12+12)+512GB星空黑,34
华为2025上市 5G新品 智选80 pro  昆仑玻璃十倍耐摔 长续航红外遥控 男女士新款手机 晨光白 12GB+512GB 官方标配【180天只换不修+三年保修+碎屏保】,2518.00,1000+,鸿福手机专营店,10183666739244,"['大气外观', '昆仑玻璃', '十倍耐摔', '高频PWM']",晨光白 12GB+512GB,1000+
华为手机智选80pro新品5G旗舰 红外遥控 昆仑玻璃 海量双存 鸿蒙守护五星级防水抗摔巨量电池+极速快充 星空黑12+512GB 蓝牙耳机套装版|180天只换不修+3年保修+碎屏险,3031.00,7000+,京贸手机专营店,10199103516102,"['近7日热卖好货', '60万+人浏览', '15万+人加购']",星空黑12+512GB,5000+
华为智选新品5G手机 70plus 鸿蒙生态24期免息 智能红外线 40W巨鲸续航 抗摔防水耐用 选mate补贴80 曜金黑【12+256GB】 官方标配【赠季度碎屏险+延保+蓝牙耳机】,1863.00,200+,乾诚手机专营店,10210918743831,"['大气外观', '鸿蒙生态', '巨鲸续航', '大容量存储']",曜金黑【12+256GB】,100+
华为 nova 15 256GB 好搭紫 麒麟8020芯片 多焦段红枫影像北斗卫星消息 100W超级快充华为手机鸿蒙系统,2549.00,,华为京东自营旗舰店,100307090428,"['多焦段红枫影像', '北斗卫星消息', '麒麟芯片', '北斗卫星']",好搭紫,5万+
华为手机华为 新品70X 活力新机2025上市一键北斗 大电池长续航 纯血鸿蒙 五星抗跌耐摔 补贴 Mate80 曜金黑【256GB】热销爆款 官方标配【赠季度碎屏险+延保+蓝牙耳机】,1745.00,200+,乾诚手机专营店,10211346562613,"['巨鲸长续航', '五星抗跌耐摔', '新品鸿蒙旗舰']",曜金黑【256GB】热销爆款,100+
一加 15T oppo智能手机 9.9元权益包 9.9元预约价值299元 OPPO Enco R4 蓝牙耳机,9.90,,一加手机京东自营旗舰店,100245397441,,【9.9元权益包】OPPO蓝牙耳机,100+
华为5G智选手机 80pro新机2025上市 24期免息 6100mAh大电池 红外遥控 昆仑玻璃 华为补贴手机mate80 星空黑 24GB(12+12)+256GB 24期白条| 365天只换不修,3599.00,,唯绅手机专营店,10208656492486,"['红外遥控', '防尘防水', '昆仑玻璃', '巨鲸续航']",星空黑 24GB(12+12)+256GB,15
华为（HUAWEI）手机华为 Mate70Pro 24期免息可选 2026新机X60 GT骁龙旗舰芯片 6300mAh青海湖电池 绿洲护眼屏 AI 幻夜黑 16GB+512GB 官方标配【180天只换,2944.00,200+,麒源手机专营店,10210908243102,"['OLED直屏', '绿洲护眼屏', '旗舰芯片', 'AI拍摄']",幻夜黑 16GB+512GB,200+
华为手机华为 新品70X 活力新机2025上市一键北斗 大电池长续航 纯血鸿蒙 五星抗跌耐摔 补贴 Mate80 雪域白【512GB】 官方标配【赠季度碎屏险+延保+蓝牙耳机】,2334.00,200+,乾诚手机专营店,10211346562625,"['五星抗跌耐摔', '巨鲸长续航', '新品鸿蒙旗舰']",雪域白【512GB】,100+
华为智选X70 十面抗摔防水 80W无线快充 华为智选手机 新品5G NFC OLED护眼屏 8300mAh电池 AI防抖拍照 8GB+128GB-朱砂红,1583.00,300+,雅领手机专营店,10178606050651,"['护眼屏', '3千+手机达人加购', '3千+人加购']",8GB+128GB-朱砂红,200+
华为手机华为 2025新机上市 70X 官方正品6100mAh巨鲸长续航地震预警北斗卫星通信超级NFC 补贴mate 湖光青【512GB】 官方标配【赠季度碎屏险+延保+蓝牙耳机】,2569.00,200+,乾诚手机专营店,10210359726926,"['OLED曲面', '北斗通信', '巨鲸续航', '防水防尘']",湖光青【512GB】,200+
华为Mate80pro版本选购24期【免息】70X 活力 2026新机上市手机华为一键北斗大电池长续航五星抗摔补贴 【雪域白 512GB】 24期免息【180天只换不修+三年质保+碎屏险】,2868.00,200+,越尔庆手机专营店,10205593844868,"['鸿蒙系统', 'FHD+显示', '防水防尘', '大电池续航']",【雪域白 512GB】,200+
华为 nova 15 512G,2899.00,4000+,京东手机直营旗舰店,100310722768,"['多焦段影像', '鸿蒙AI', '高频PWM', '红外遥控']",幻夜黑,2000+
小米（MI）REDMI Turbo 5 Max 天玑9500s 9000mAh大电池 1.5K阳光屏 12+256祥云白 小米红米5G手机,2199.00,,小米京东自营旗舰店,100316653558,"['100万+店铺粉丝浏览', '近30日热卖好货']",祥云白,10万+
华为畅享 70X 尊享版512GB 曜金黑 6100mAh华为巨鲸长续航 麒麟8000芯片 鸿蒙系统华为手机,1899.00,,华为京东自营旗舰店,100224902259,"['OLED显示', '鸿蒙系统', '曲面屏幕', 'IP64防护']",曜金黑,5万+
华为手机华为 新品70X 活力新机2025上市 一键北斗 大电池长续航 纯血鸿蒙 五星抗跌耐摔 补贴 Mate 曜金黑【512GB】 官方标配+三年延保+蓝牙耳机,2451.00,1000+,乾诚手机专营店,10209339017578,"['五星抗跌耐摔', '巨鲸长续航', '大电池续航', '鸿蒙系统', '防水防尘', '曲面屏幕', '北斗导航', '五星抗跌', '新品鸿蒙手机']",曜金黑【512GB】,1000+
华为 nova 15 512GB 好搭紫 麒麟8020芯片 多焦段红枫影像 鸿蒙AI 臻彩OLED直屏华为手机【赠话费券】,2799.00,1万+,京东手机自营旗舰店,100232782561,"['北斗卫星图片消息', '麒麟8020芯片', '鸿蒙AI']",好搭紫,1000+
华为手机智选80pro新品5G旗舰 红外遥控 昆仑玻璃 海量双存 鸿蒙守护五星级防水抗摔巨量电池+极速快充 星空黑12+512GB 蓝牙耳机套装版|180天只换不修+3年保修+碎屏保,3013.00,,智果手机专营店,10210906733237,"['新品5G旗舰', '400+手机达人浏览']",星空黑12+512GB,100+
华为Pura 70 12GB+512GB,3799.00,70万+,华为京东自营旗舰店,100106087181,"['第二代昆仑玻璃', '卫星通信', '双超级快充', '潜望长焦']",雪域白,5万+
华为手机华为 新品70X 活力新机2025上市 一键北斗 大电池长续航 纯血鸿蒙 五星抗跌耐摔 补贴 Mate 曜金黑【256GB】 官方标配+三年延保+蓝牙耳机,1745.00,1000+,乾诚手机专营店,10209339017569,"['新品鸿蒙手机', '巨鲸长续航', '五星抗跌耐摔']",曜金黑【256GB】,1000+
华为新机2026上市 畅享80plus,2288.00,300+,京浩手机专营店,10208816910592,"['快充技术', '高内存配置', '流畅运行', '耐摔防水']",【幻夜黑】24(12+12)+512【同款低价】,200+
华为手机新品mate70pro上市,1488.00,1万+,卓选数码手机店,10163252658600,"['95万+人浏览', '20万+人加购', '近7日人气商品']",曜石黑 6GB+128GB,5000+
华为 nova 15 512GB 好搭紫 麒麟8020芯片 多焦段红枫影像 鸿蒙AI 臻彩OLED直屏鸿蒙手机【京东快递】,2899.00,4000+,京东手机直营旗舰店,100232845579,"['高频PWM', '臻彩OLED', '红枫影像', '麒麟芯片']",好搭紫,2000+
华为 nova 15 512GB 好搭紫 麒麟8020芯片 多焦段红枫影像北斗卫星消息 100W超级快充华为手机鸿蒙系统,2849.00,,华为京东自营旗舰店,100307090460,"['北斗卫星消息', 'AI大模型', '5000万像素', 'IP65防护']",好搭紫,5万+
华为 nova 15 512GB 零度白 麒麟8020芯片 多焦段红枫影像 鸿蒙AI 臻彩OLED直屏华为手机【赠话费券】,2799.00,1万+,京东手机自营旗舰店,100310638774,"['麒麟8020芯片', '北斗卫星图片消息', '红枫影像', '高频PWM']",零度白,500+
HUAWEI Mate 80 第二代红枫影像鸿蒙AI 华为直屏鸿蒙手机华为mate80 官方正品 曜石黑 16GB+512GB 全网通 官方标配,5499.00,3000+,京联通达旗舰店,10199736736359,"['第二代红枫影像', '超可靠玄武架构']",曜石黑,2000+
华为（HUAWEI）Mate80 Pro 版本选购24期【免息】70X 尊享版6100mAh华为巨鲸长续航麒麟8000芯片鸿蒙手机 曜金黑【512GB】 耳机套装【90天碎屏险+两年延保+运费险】,3095.00,100+,福购手机专营店,10210093795732,"['鸿蒙系统', '巨鲸续航', '曲面屏幕', '麒麟8000芯片']",曜金黑【512GB】,78
华为Pura 70 12GB+512GB,3799.00,70万+,华为京东自营旗舰店,100123450364,"['双超级快充', '高频调光', '潜望长焦距', '轻薄便携带']",羽砂黑,50万+
REDMI K90 12GB+256GB 白色,2598.99,30万+,小米京东自营旗舰店,100215674663,"['5000万像素', '时尚设计', '大电池续航', '7100毫安电池']",白色,20万+
HUAWEI Mate X7 折叠屏手机 超可靠折叠玄武架构 华为折叠屏鸿蒙 华为matex7手机 官方正品 现货速发 曜石黑 12GB+512GB全网通,13999.00,1000+,炜东电商旗舰店,10200281263496,"['4千+店铺粉丝浏览', '超20万人店内购买']",曜石黑,1000+
华为手机 华为畅享70 X 华为2026新机上市手机 尊享版 大电池长续航 五星耐摔补贴 Mate 80 曜金黑 512GB 官方标配【赠1年延保+碎屏险+运费险】,2399.00,,迪旺手机专营店,10211526122281,"['双曲五星超耐摔', '超级NFC', '鸿蒙智慧通信']",曜金黑 512GB,0
HUERIAI旗舰顶配80Pro 5G手机 1TB超薄大屏 骁龙8+芯 8000mAh电池游戏电竞高刷全网通双卡双待百元便宜 鎏金色【补贴秒杀 | 今日特价】 20GB+1TB【1024GB】 官方标,1199.00,1万+,HUERI智趣专卖店,10208813121271,"['一亿像素超清拍照', '8000mAh电池', '26-49W快充', '超薄大屏']",鎏金色【补贴秒杀 | 今日特价】,500+
华为（HUAWEI）华为pura80 pro 24期免息可选 2025新机Power 8000mAh电池 自研C1+通讯芯片十面抗摔 防水防尘 雪原白 8GB+256GB 【荣耀power】 蓝牙套装,2489.00,200+,理妙实手机专营店,10206920748085,"['8000Ah电池', '大底主摄', 'FHD+屏幕', '自研C1通讯芯片']",雪原白 8GB+256GB 【荣耀power】,200+
小米 REDMI K80 国家补贴 第三代骁龙 8 6550mAh大电池 澎湃OS 雪岩白 12GB+256GB 红米5G手机,1999.00,100万+,小米京东自营旗舰店,100157830512,"['店铺被3000万人种草', '近7日热卖好货']",雪岩白,100万+
华为手机新品5G  mate80pro上市,2733.47,3000+,福购手机专营店,10189949499012,"['十倍耐摔', '华为巨鲸续航', '昆仑抗摔玻璃', 'OLED护眼']",24GB(12+12)+512GB 星空黑,2000+
HUAWEI Mate 80 16GB+512GB晨曦金 麒麟9020 第二代红枫影像鸿蒙AI 华为直屏鸿蒙手机,5499.00,8000+,京东手机直营旗舰店,100226469453,"['红外遥控', '大内存储', 'LTPO屏幕', 'AI智慧']",晨曦金,5000+
华为（HUAWEI）Mate60 正品智能手机旗舰鸿蒙智能AI手机男女正品国行pro补贴 Mate60【雅川青】 12GB+256GB 赠运费险|详情咨询客服,3098.00,2000+,速捷手机经营部,10191251968851,"['鸿蒙系统', '三防设计', '时尚外观', '商务风范']",Mate60【雅川青】,1000+
华为手机2025新机上市畅享 70X鸿蒙【12期|免息】五星超耐摔6100mAh巨鲸长续航地震预警北斗卫星通信 曜金黑 256GB 【官方标配】【赠：季度碎屏险】,1461.05,5000+,好机汇手机旗舰店,10194750378880,"['5万+手机达人加购', '25万+人浏览']",曜金黑,2000+
华为手机5G新品 畅享80 Pro【国家补贴】24期免息手机华为昆仑玻璃十倍耐摔OLED护眼屏 补贴mate80 24GB(12+12)+512GB 星海蓝 耳机套装【运费险+碎屏险+两年延保】,2733.47,3000+,福购手机专营店,10189949499015,"['华为新机上市', '昆仑抗摔玻璃', '华为巨鲸续航', 'IP64防护', '十倍耐摔', '红外遥控', '昆仑玻璃', 'OLED护眼']",24GB(12+12)+512GB 星海蓝,2000+
小米（MI）REDMI K80 至尊版 天玑9400+ 7410mAh大电池 砂岩灰 12GB+512GB 红米5G手机 国家补贴,2799.00,,小米京东自营旗舰店,100182833371,"['高像素拍摄', 'OLED直屏', '大电池续航', '拍照出色']",砂岩灰,20万+
华为5G新品 Hi畅享80 Pro 24期【免息】华为2025新机上市 昆仑玻璃十倍耐摔 OLED护眼屏 补贴80 星空黑【12+512GB】 蓝牙耳机套装|送3年保修+180天只换不修+碎屏险,2849.00,200+,云铸手机专营店,10195036476565,"['轻薄设计', 'OLED护眼', '大内存储', '高频PWM']",星空黑【12+512GB】,200+
HUAWEI Mate 80  第二代红枫影像 鸿蒙AI 超可靠玄武架构 华为直屏鸿蒙手机 曜石黑 12GB+512GB 官方标配,5399.00,3000+,华为礼象专卖店,10199734921579,"['第二代红枫影像', '超可靠玄武架构', '第二代']",曜石黑,2000+
华为手机5G新品 畅享80 Pro【国家补贴】24期免息手机华为昆仑玻璃十倍耐摔OLED护眼屏 补贴mate80 24GB(12+12)+512GB 晨光白 12期白条免息【运费险+碎屏险+两年延保】,2969.41,3000+,福购手机专营店,10189949499019,"['华为新机上市', '昆仑抗摔玻璃', '华为巨鲸续航']",24GB(12+12)+512GB 晨光白,2000+
HUERIAI旗舰顶配80Pro 5G手机 1TB超薄大屏 骁龙8+芯 8000mAh电池游戏电竞高刷全网通双卡双待百元便宜 雅黑色【补贴秒杀 | 今日特价】 20GB+1TB【1024GB】 官方标,1199.00,1万+,HUERI智趣专卖店,10208813121263,"['8000mAh', '一亿像素高清拍照', '骁龙8+处理器', '高刷电竞']",雅黑色【补贴秒杀 | 今日特价】,500+
荣耀Power2 12+512 旭日橙 10080mAh青海湖电池 天玑8500 Elite 电梯信号 5G AI 长续航手机,2999.00,6000+,荣耀通讯京东自营专区,100316982524,"['三防设计', '高频PWM', 'OLED屏', '超长续航', '大内存大存储', 'AI智能']",旭日橙,5000+
华为（HUAWEI）nova 15 华为手机新品上市 麒麟8020芯片 多焦段红枫影像 鸿蒙AI 臻彩OLED直屏鸿蒙智能手机 幻夜黑 12GB+256GB 官方标配,2699.00,900+,华为大鹏专卖店,10205546013078,,幻夜黑,500+
华为手机5G新品 畅享80 Pro【国家补贴】24期免息手机华为昆仑玻璃十倍耐摔OLED护眼屏 补贴mate80 24GB(12+12)+512GB 晨光白 耳机套装【运费险+碎屏险+两年延保】,2733.47,3000+,福购手机专营店,10189949499018,"['华为新机上市', '昆仑抗摔玻璃', '华为巨鲸续航', 'IP64防护', '红外遥控', '快充续航', '十倍耐摔', '防尘防水', '昆仑玻璃', 'OLED护眼']",24GB(12+12)+512GB 晨光白,2000+
华为（HUAWEI）手机华为Pura80pro 24期免息可选 2026新机Power 8000mAh电池 power2 自研C1+通讯芯片 十面抗摔 旭日橙 12GB+256GB【荣耀power2】,3799.00,200+,麒源手机专营店,10210836207383,"['高频PWM', '自研通讯芯', '8000mAh', '十面抗摔']",旭日橙 12GB+256GB【荣耀power2】,200+
小米（MI）REDMI K80 至尊版 天玑9400+ 7410mAh大电池 砂岩灰 16GB+512GB 红米5G手机 国家补贴,3098.99,,小米京东自营旗舰店,100182833365,"['大电池续航', 'OLED直屏', '三防标准', 'D2独显芯片']",砂岩灰,20万+
华为Mate 70 Pro 重磅新品上市,2225.00,1000+,良纽手机专营店,10193265006857,"['只换不修', '2万+人加购', '安全守护', '300+人收藏']",晴空蓝8GB+256GB,1000+
【肖战同款】荣耀500 2亿人像,2699.00,,荣耀京东自营旗舰店,100296990470,"['荣耀绿洲护眼屏', '2亿人像全能实况', '青海湖电池', '三防标准']",曜石黑,10万+
【国家补贴】OPPO Reno14 5G手机,2799.00,30万+,OPPO京东自营旗舰店,100164968409,"['轻薄机身', 'AI拍照', '长寿耐用大电池', 'Live图神机']",人鱼姬,20万+
华为手机5G新品 畅享80 Pro【国家补贴】24期免息手机华为昆仑玻璃十倍耐摔OLED护眼屏 补贴mate80 24GB(12+12)+256GB 晨光白 耳机套装【运费险+碎屏险+两年延保】,2381.35,3000+,福购手机专营店,10189949499009,"['华为巨鲸续航', 'IP64防护', 'FHD+屏幕', '26-49W快充', '红外遥控', '华为新机上市', 'OLED护眼', '十倍耐摔', '昆仑抗摔玻璃', '昆仑玻璃']",24GB(12+12)+256GB 晨光白,2000+
OPPO Reno15 12GB+512GB 星光蝴蝶结 2亿像素 实况拼图 5G智能小直屏学生游戏AI拍照手机 新品国家补贴,3299.00,,OPPO京东自营旗舰店,100219066095,"['AI拍照', 'OLED屏', '512GB存', '天玑8450芯片']",星光蝴蝶结,10万+
荣耀Power2 12+512 旭日橙 10080mAh青海湖电池 天玑8500 Elite 电梯信号 5G AI 长续航手机,2999.00,,荣耀京东自营旗舰店,100310496358,"['天玑芯片', '续航持久', '10080mAh', '信号强劲']",旭日橙,5000+
华为手机新品5G  mate80pro上市,2322.53,3000+,福购手机专营店,10189949499003,"['十倍耐摔', '华为巨鲸续航', 'OLED护眼', 'IP64防护']",24GB(12+12)+256GB 星空黑,2000+
华为mete70pro手机 可选畅享70x  5G全网通 鸿蒙系统一键北斗 曲屏NFC 麒麟芯片 长续航闪充 防水防摔 512GB【湖光青】+送蓝牙耳机,2499.00,600+,慕霖轩手机专营店,10206652352215,"['IP64防护', '商务三防', '512GB大存', 'NFC便捷', '超耐摔机', '双曲护眼']",512GB【湖光青】+送蓝牙耳机,500+
华为手机2025新机上市畅享 70X鸿蒙【12期|免息】五星超耐摔6100mAh巨鲸长续航地震预警北斗卫星通信 曜金黑 256GB 【官方标配】【赠：季度碎屏险】,1461.05,5000+,好机汇手机旗舰店,10194750378880,"['5万+手机达人加购', '25万+人浏览']",曜金黑,2000+
华为智选新品5G手机 70plus 鸿蒙生态24期免息 智能红外线 40W巨鲸续航 抗摔防水耐用 选mate补贴80 雪域白【12+256GB】 官方标配【赠季度碎屏险+延保+蓝牙耳机】,1863.00,200+,乾诚手机专营店,10210918743834,"['智能红外遥控', '鸿蒙生态', '新品5G手机', '大气外观']",雪域白【12+256GB】,100+
Apple/苹果 iPhone 17 256GB 白色 支持移动联通电信5G 双卡双待手机,5999.00,,Apple产品京东自营旗舰店,100209267857,"['4800万像素', '自适应高刷', 'A19芯片']",白色,100万+
华为 nova 15 512GB 幻夜黑 麒麟8020芯片 多焦段红枫影像 鸿蒙AI 臻彩OLED直屏华为手机【赠话费券】,2799.00,1万+,京东手机自营旗舰店,100310638776,"['北斗卫星图片消息', '5000万像素', '鸿蒙AI', '轻薄设计']",幻夜黑,1000+
华为mate80pro手机 5G旗舰新品手机,2685.00,200+,华选手机店,10209202438477,"['红外遥控', '超级快充', '4千+手机达人加购']",幻夜黑12GB+512GB,100+
华为新品5G手机 2025智选新机上市 80pro 24期免息 6100mAh长续航红外遥控昆仑玻璃华为补贴手机mate80 星空黑【24GB(12+12)+512GB】 24期白条| 365天只换不,3298.00,400+,德凯英顿手机专营店,10186192915517,"['昆仑玻璃', '巨鲸续航', '红外遥控', '快充技术']",星空黑【24GB(12+12)+512GB】,200+
荣耀WIN 16+512 指定赢 第五代骁龙8至尊版 荣耀东风涡轮散热 10000mAh电池 AI 游戏手机 国家补贴,4799.00,,荣耀京东自营旗舰店,100231090931,"['东风涡轮散热', '绿洲护眼电竞屏', '高效处理', '海量空间']",指定赢,2万+
华为 nova 15 256GB 幻夜黑 麒麟8020芯片 多焦段红枫影像 鸿蒙AI 臻彩OLED直屏华为手机【赠话费券】,2499.00,1万+,京东手机自营旗舰店,100310638736,"['轻薄设计', '鸿蒙AI', 'FHD+显示', '5000万像素']",幻夜黑,2000+
华为（HUAWEI）Mate 80 新品旗舰手机 第二代红枫影像鸿蒙AI 华为直屏鸿蒙手机 曜石黑 12GB+512GB 官方标配,5199.00,4000+,华为京臻选专卖店,10199756342670,"['第二代', '400+手机达人收藏', '拍尽明暗冷暖']",曜石黑,2000+
HUAWEI Pura 80 12GB+256GB 丝绒黑 丝绒直屏 红枫原色影像 全新鸿蒙AI 鸿蒙系统华为手机,4299.00,,华为京东自营旗舰店,100253433048,"['红枫原色', '丝绒直屏', '潜望长焦', '个性色卡']",丝绒黑,10万+
小米REDMI K90 骁龙®8至尊版 7100mAh大电池 青山护眼 黑色 12GB+256GB 红米5G手机国家补贴,2598.99,30万+,小米京东自营旗舰店,100287758128,"['防水防尘', '7100毫安电池', '骁龙8至尊版', '超清主摄']",黑色,20万+
荣耀Power2 12+512 旭日橙 10080mAh青海湖电池 电梯信号 5G AI 长续航手机【赠话费券】,2999.00,2000+,京东手机自营旗舰店,100314808810,"['高频调光', '长续航能力', '5G网络支持', 'AI大模型']",旭日橙,2000+
HUAWEI Mate 80 Pro 旗舰手机 第二代红枫影像鸿蒙AI直屏鸿蒙手机 华为mate80pro手机 官方正品 现货速发 曜石黑 12+512GB 全网通,6799.00,2000+,炜东电商旗舰店,10199737138325,"['现货速发', '50万+人浏览', '第二代', '700+人已买']",曜石黑,1000+
华为（HUAWEI）nova 15 12GB+512GB 幻夜黑 麒麟8020芯片 多焦段红枫影像 臻彩OLED直屏鸿蒙智能手机 支架套装,2829.00,1000+,1号会员店,100232381111,"['臻彩OLED', '麒麟芯片', '红枫影像', '鸿蒙智能']",nova15,500+
华为（HUAWEI）华为手机Mate70pro 24期免息可选 2025新机X60 pro十面抗摔防水 6600mAh 大电池一亿像素 AI影像 天海清【8GB+128GB】[荣耀x60pro] 蓝牙,1757.00,300+,理妙实手机专营店,10206834951372,"['OLED曲面', 'AI影像', '大电池一亿像素', '十面抗摔防水']",天海清【8GB+128GB】[荣耀x60pro],200+
小米（MI）REDMI Note15 Pro 天玑7400-Ultra 7000mAh 龙晶玻璃十倍抗摔 IP68 8+256 天青蓝 红米 5G手机,1349.00,,小米京东自营旗舰店,100265421820,"['IP68防护', '超长续航', '天玑芯片', 'OLED直屏']",天青蓝,20万+
OPPO Find X9 旗舰手机 4K 超清实况照片 7025mAh 冰川电池 丹霞色彩还原镜头 国家补贴 大内存性价比 追光红 12GB+256GB,4399.00,,OPPO官方旗舰店,10183916572001,"['5万+店铺粉丝浏览', '国家补贴', '性价比']",追光红,5000+
荣耀Power2 12+256 旭日橙 10080mAh青海湖电池 天玑8500 Elite 电梯信号 5G AI 长续航手机,2699.00,6000+,荣耀通讯京东自营专区,100316982508,"['OLED屏', 'AI智能', '高频PWM', '防水防尘']",旭日橙,5000+
华为畅享 70X 尊享版 256GB 曜金黑 6100mAh华为巨鲸长续航 麒麟8000芯片鸿蒙系统华为手机,1699.00,,华为京东自营旗舰店,100300133968,"['OLED曲面', '麒麟8000芯片', '鸿蒙智能手机', '高像素摄']",曜金黑,5万+
荣耀500 Pro 肖战同款 12+256,3599.00,,荣耀京东自营旗舰店,100296990504,"['三防科技', '骁龙8至尊旗舰芯', '高频调光', 'FHD+屏']",月光银,2万+
甄选荣耀P80Pro手机1TB大内存7800mAh快充长续航骁龙8电竞学生原装 香颂绿 12G运行+128G内存 官方标配,1168.00,2万+,国货全网通经营部,10152206694263,,香颂绿,1万+
小米（MI）REDMI K80 至尊版 天玑9400+ 7410mAh大电池 月岩白 12GB+256GB 红米5G手机 国家补贴,2599.00,,小米京东自营旗舰店,100238569994,"['高存储空间', '大电池续航', '防水防尘', '高性能芯片']",月岩白,20万+
OPPO K13 Turbo Pro 16GB+512GB 骑士银 疾风散热引擎 第四代骁龙8s 5G防水游戏 OPPO手机 国家补贴,2699.00,10万+,OPPO京东自营旗舰店,100186787561,"['三防标准', '疾风散热引擎', '骁龙8s芯', '潮汐引擎']",骑士银,10万+
REDMI K80 16+1TB 玄夜黑,3199.00,100万+,小米京东自营旗舰店,100129016839,"['已售50w+', '累计加购百万', '快充技术', '超大电池']",玄夜黑,100万+
华为手机华为 2025新品旗舰上市手机活力版 70x 超清影像双五星超耐摔北斗巨鲸电池长续航店内Mate可选 512GB【曜金黑】 官方标配,2577.00,,京祥手机专营店,10204678838557,"['官方标配', '5千+手机达人浏览', '长续航']",512GB【曜金黑】,16
OPPO Reno15 12GB+512GB 可露丽棕 2亿像素 实况拼图 5G智能小直屏 学生游戏 AI拍照手机 新品国家补贴,3299.00,,OPPO京东自营旗舰店,100292355088,"['潜望长焦', '运动芭蕾美学', '大内存储', '防水防尘']",可露丽棕,10万+
小米（MI）REDMI K80 至尊版 天玑9400+ 7410mAh大电池 冰锋蓝 16GB+512GB 红米5G手机 国家补贴,3099.00,,小米京东自营旗舰店,100182833353,"['5000万像素', 'D2独显芯片', '大电池续航', 'IP69三防']",冰锋蓝,20万+
荣耀Power2 12+512 幻夜黑 10080mAh青海湖电池 天玑8500 Elite 电梯信号 5G AI 长续航手机,2999.00,,荣耀京东自营旗舰店,100232677443,"['荣耀鸿燕通信', '电梯信号强', '512GB存储', '高性能芯片']",幻夜黑,2万+
华为2026热销手机 鸿蒙新品70X 北斗卫星通信 支持NFC 玄甲机身抗跌耐摔 大电池长续航 地震预警 Mate 雪域白【512GB】 蓝牙套装版丨3年质保+180天只换不修+碎屏险,2999.00,9000+,品宴手机通讯专营店,10122791293737,"['长续航', '7万+人加购', '800+人收藏', '只换不修']",雪域白【512GB】,5000+
OPPO Reno15 12GB+256GB 星光蝴蝶结 2 亿像素超清影像 超出圈的实况神机 AI智能 5G拍照手机 国家补贴,2649.00,,OPPO京东自营专卖店,100294010406,"['游戏超帧超画', 'AI智能', '2亿超清影像', '高频PWM']",星光蝴蝶结,1万+
荣耀X70 12+512 月影白  金标十面抗摔 80W无线超级快充 IP69防水 荣耀绿洲护眼屏 AI手机 国家补贴,1999.00,90万+,荣耀京东自营旗舰店,100248102670,"['80W快充', '5000万像素', 'IP69防水', '绿洲护眼']",月影白,50万+
荣耀Power2 12+512 幻夜黑 10080mAh青海湖电池 电梯信号 5G AI 长续航手机【赠话费券】,2999.00,2000+,京东手机自营旗舰店,100235908603,"['高像素摄像', '超长续航', '大内存空间', '三防设计']",幻夜黑,2000+
华为手机华为70pro 择购H0N0R×70 5G新品旗舰 2025款上市  快充 硬核抗摔防水 支持NFC 红外遥控 幻夜黑12GB+512GB 蓝牙耳机版|送3年保修+180只换不修+碎屏保,2928.00,1000+,智果星手机专营店,10172489306018,,幻夜黑12GB+512GB,1000+
OPPO K13 Turbo Pro 16GB+512GB 黑武士 变频主动散热风扇 第四代骁龙8s 5G防水游戏OPPO手机 国家补贴,2699.00,10万+,OPPO京东自营旗舰店,100244498476,"['长续航电池', '疾风散热引擎', '第四代骁龙8s', 'OLED直屏']",黑武士,10万+
荣耀500 超级标准版 肖战同款 2亿人像全能实况 青海湖电池 5G AI 学生 新款拍照手机 12+512曜石黑,2999.00,,荣耀京东自营旗舰店,100222544127,"['高频PWM', '三防科技', '80-119W快充', 'AI大模型']",曜石黑,10万+
华为手机5G新品 畅享80 Pro【国家补贴】24期免息手机华为昆仑玻璃十倍耐摔OLED护眼屏 补贴mate80 24GB(12+12)+256GB 星海蓝 耳机套装【运费险+碎屏险+两年延保】,2381.35,3000+,福购手机专营店,10189949499006,"['华为新机上市', '昆仑抗摔玻璃', '华为巨鲸续航', 'IP64防护', '26-49W快充', '红外遥控', '十倍耐摔', '昆仑玻璃', 'OLED护眼']",24GB(12+12)+256GB 星海蓝,2000+
HUAWEI Mate X7 折叠屏手机 超可靠折叠玄武架构 华为折叠屏鸿蒙 华为matex7手机 官方正品 现货速发 曜石黑 12GB+512GB全网通,13999.00,1000+,炜东电商旗舰店,10200281263496,"['4千+店铺粉丝浏览', '超20万人店内购买']",曜石黑,1000+
小米REDMI K90 骁龙®8至尊版 7100mAh大电池 青山护眼 黑色 12GB+512GB 红米5G手机国家补贴,2899.00,30万+,小米京东自营旗舰店,100287792994,"['防水防尘', 'OLED直屏', '3D冰封散热', '青山护眼']",黑色,20万+
一加 Ace 6 12GB+256GB 闪白 oppo 骁龙 8 至尊版 165Hz 超高刷护眼电竞屏 游戏电竞5G手机 国家补贴,2599.00,,一加手机京东自营旗舰店,100285599282,"['护眼模式', '超高刷护眼屏', '风驰游戏内核', 'OLED直屏']",闪白,10万+
OPPO Reno15 12GB+512GB 星光蝴蝶结 2 亿像素超清影像 超出圈的实况神机 AI智能 5G拍照手机 国家补贴,2949.00,,OPPO京东自营专卖店,100220307323,"['游戏超帧超画', '出圈实况拼图', '2亿超清影像']",星光蝴蝶结,1万+
华为手机新品mate70pro上市,1488.00,1万+,卓选数码手机店,10163252658600,"['95万+人浏览', '20万+人加购', '近7日人气商品']",曜石黑 6GB+128GB,5000+
华为手机2026热销 华为5G智选新品80 Pro 24期免息 昆仑玻璃 6100mAh大电池 OLED护眼屏补贴华为mate80 星空黑【24G(12+12)+256GB】 12期免息【季度碎屏险+,2299.00,700+,德凯英顿手机专营店,10209823072244,"['昆仑玻璃耐摔', '柔光护眼屏', '智能红外遥控', '大电池续航', '快充技术', '红外遥控', '星空黑色', '昆仑玻璃', '轻薄设计', 'OLED护眼']",星空黑【24G(12+12)+256GB】,200+
小米（MI）REDMI Turbo 5 Max 天玑9500s 9000mAh大电池 1.5K阳光屏 12+256祥云白 小米红米5G手机,2199.00,,小米京东自营旗舰店,100316653558,"['1.5K阳光屏', 'Turbo系列', '新品上市', '天玑9500s']",祥云白,10万+
一加 Ace 6T 16GB+256GB 闪速黑 oppo 第五代骁龙 8 165Hz 超高刷电竞屏 学生游戏拍照手机 国家补贴,2899.00,,一加手机京东自营旗舰店,100298246492,"['冰川电池', '超高刷电竞屏', '第五代骁龙8', '红外遥控']",闪速黑,10万+
华为 HUAWEI Mate 70 Air 6.6mm薄长续航7英寸华为临境大屏红枫原色摄影鸿蒙手机 羽衣白 12GB+512GB 官方标配,4699.00,200+,华为手机专卖店,10197057690376,"['红枫原色影像', '2万+手机达人加购', '长续航']",羽衣白,200+
华为手机2026热销 华为5G智选新品80 Pro 24期免息 昆仑玻璃 6100mAh大电池 OLED护眼屏补贴华为mate80 晨光白【24G(12+12)+256GB】 豪礼套装版【季度碎屏险+,2368.23,700+,德凯英顿手机专营店,10209823072246,"['智能红外遥控', '昆仑玻璃耐摔', '柔光护眼屏', '大电池续航', '防水防尘', 'OLED护眼', '轻薄设计', '红外遥控', '昆仑玻璃']",晨光白【24G(12+12)+256GB】,200+
荣耀X70 12+256 朱砂红  金标十面抗摔 8300mAh青海湖电池 IP69防水 荣耀绿洲护眼屏 AI手机 国家补贴,1799.00,90万+,荣耀京东自营旗舰店,100248102688,"['IP69防水', '荣耀绿洲屏', '简约大气', '十面抗摔']",朱砂红,50万+
【国家补贴】荣耀Play10T AI手机,999.00,10万+,荣耀京东自营旗舰店,100277046648,"['AI 一键直达', '超长续航', '抗摔防水', '超强防摔']",幻夜黑,5万+
华为手机华为 2025新品旗舰上市手机活力版 70x 超清影像双五星超耐摔北斗巨鲸电池长续航店内Mate可选 512GB【曜金黑】 官方标配,2577.00,,京祥手机专营店,10204678838557,"['官方标配', '5千+手机达人浏览', '长续航']",512GB【曜金黑】,16
小米（MI）REDMI K80 至尊版 天玑9400+ 7410mAh大电池 砂岩灰 16GB+256GB 红米5G手机 国家补贴,2799.00,,小米京东自营旗舰店,100182833357,"['OLED直屏', 'D2独显芯片', '5000万像素', '大内存储']",砂岩灰,20万+
REDMI K90 16GB+256GB 黑色,2899.00,30万+,小米京东自营旗舰店,100215674637,"['80-119W快充', '5000万像素', '骁龙8至尊版', '7100毫安电池']",黑色,20万+
小米REDMI K90 骁龙®8至尊版 7100mAh大电池 青山护眼 水蓝色 12GB+256GB 红米5G手机国家补贴,2598.99,30万+,小米京东自营旗舰店,100287793026,"['超级像素护眼屏', '1.5K高清屏', '5000万像素', '简约风设计']",水蓝色,20万+
华为mate80pro手机 5G旗舰新品手机,2685.00,200+,华选手机店,10209202438477,"['红外遥控', '超级快充', '4千+手机达人加购']",幻夜黑12GB+512GB,100+
华为手机2026热销 华为5G智选新品80 Pro 24期免息 昆仑玻璃 6100mAh大电池 OLED护眼屏补贴华为mate80 晨光白【24G(12+12)+512GB】 豪礼套装版【季度碎屏险+,2616.47,700+,德凯英顿手机专营店,10209823072255,"['昆仑玻璃耐摔', '智能红外遥控', '柔光护眼屏', '大电池续航', '昆仑玻璃', '红外遥控', '轻薄设计', 'OLED护眼']",晨光白【24G(12+12)+512GB】,200+
OPRDX16Pro手机2026新品6年质保5G双卡全网通1TB大内存7800mAh快充大电池抗摔防水高清护眼拍照 钛沙金 12G运行+256G内存,1398.00,1万+,OPRD官方旗舰店,10144477677036,"['已售10万+', 'OP旗舰新品', '抗摔防水', '三防标准']",钛沙金,5000+
荣耀X70 12+256 幻夜黑  金标十面抗摔 8300mAh青海湖电池 IP69防水 荣耀绿洲护眼屏 AI手机 国家补贴,1799.00,90万+,荣耀京东自营旗舰店,100248102668,"['红外遥控', '高频PWM', 'OLED直屏', 'IP69防水']",幻夜黑,5万+
华为（HUAWEI）nova 15 12GB+512GB 幻夜黑 麒麟8020芯片 多焦段红枫影像 臻彩OLED直屏鸿蒙智能手机 支架套装,2829.00,1000+,1号会员店,100232381111,,nova15,500+
荣耀X70 8+256 竹韵青 金标十面抗摔 8300mAh青海湖电池 IP69防水 荣耀绿洲护眼屏 AI手机 国家补贴,1599.00,90万+,荣耀京东自营旗舰店,100189191001,"['高频PWM', '5000万像素', '十面抗摔', '大容量电池']",竹韵青,10万+
荣耀X70 8+256 朱砂红 金标十面抗摔 8300mAh青海湖电池 IP69防水 荣耀绿洲护眼屏 AI手机 国家补贴,1599.00,90万+,荣耀京东自营旗舰店,100248102684,"['金标十面抗摔', '8300mAh', '青海湖电池']",朱砂红,50万+
荣耀X70 12+256 月影白  金标十面抗摔 8300mAh青海湖电池 IP69防水 荣耀绿洲护眼屏 AI手机 国家补贴,1799.00,90万+,荣耀京东自营旗舰店,100189191019,"['金标十面抗摔', '8300mAh', '青海湖电池']",月影白,50万+
华为智选2025新机上市 80 Pro 华为鸿蒙生态5G手机 昆仑玻璃十倍耐摔 6100mAh+40W续航 OLED臻彩护眼屏 12GB+512GB 星空黑 官方标配 180天只换不修+3年质保+碎屏,2699.00,1000+,京之优手机专营店,10166668187953,"['900+人已买', '只换不修', '官方标配']",12GB+512GB 星空黑,500+
华为 nova 15 512GB 零度白 麒麟8020芯片 多焦段红枫影像北斗卫星消息 100W超级快充华为手机鸿蒙系统,2849.00,,华为京东自营旗舰店,100307090434,"['麒麟8020芯片', '多焦段红枫影像', '北斗卫星消息']",零度白,5万+
荣耀X70 8+128 月影白 金标十面抗摔 8300mAh青海湖电池 IP69防水 荣耀绿洲护眼屏 AI手机 国家补贴,1399.00,90万+,荣耀京东自营旗舰店,100248102682,"['金标十面抗摔', '8300mAh', '青海湖电池']",月影白,50万+
荣耀X70 12+512 竹韵青 金标十面抗摔 80W无线超级快充 IP69防水 荣耀绿洲护眼屏 AI手机 国家补贴,1999.00,90万+,荣耀京东自营旗舰店,100248102656,"['金标十面抗摔', '8300mAh', '80W无线快充']",竹韵青,50万+
华为（HUAWEI） 2026新品 智选畅享80Plus 5G手机【玄甲架构超级抗摔】 6620mAh巨鲸电池 40W快充 红外遥控 补贴 12GB+512GB 幻夜黑 24期免息【赠180天只换不修,2999.00,200+,优品手机通讯专营店,10209218399839,"['超1万人店内购买', '店铺被1万人种草']",12GB+512GB 幻夜黑,100+
vivoX300 Pro 16GB+512GB  天玑9500拍照Ai手机 2026新品 蔡司2亿APO超级长焦 蓝图影像双芯 玄武黑Y500 12GB＋512GB,2029.00,100+,京狐科技小店,10208862364956,"['蔡司镜头', 'IP68防护', '轻薄设计', 'OLED直屏']",玄武黑Y500,100+
vivo iQOO Z11 Turbo 12GB+512GB 光晕粉骁龙8Gen5 自研电竞芯片Q2 2亿大底超级主摄 学生游戏手机,2999.00,,iQOO京东自营旗舰店,100312801452,"['骁龙8Gen5', 'OLED直屏', '轻奢设计', '电竞芯片']",光晕粉,5万+
荣耀X70 8+128 竹韵青 金标十面抗摔 8300mAh青海湖电池 IP69防水 荣耀绿洲护眼屏 AI手机 国家补贴,1399.00,90万+,荣耀京东自营旗舰店,100248102686,"['NFC功能', '抗摔认证', 'OLED直屏', 'IP69防水']",竹韵青,50万+
华为（HUAWEI）手机 华为畅享80s 2025新机上市 红外遥控 鸿蒙系统5G全网通 抗摔防水 大电池 超级快充长续航  （8+8）16GB+256GB 曜石黑 24期 免息【赠1年碎屏险+2年店铺延保】,1439.00,300+,全亮手机专营店,10212215044467,,（8+8）16GB+256GB 曜石黑,200+
荣耀X70 8+256 月影白 金标十面抗摔 8300mAh青海湖电池 IP69防水 荣耀绿洲护眼屏 AI手机 国家补贴,1599.00,90万+,荣耀京东自营旗舰店,100189191017,"['OLED直屏', '青海湖电池', '8300mAh', '金标十面抗摔']",月影白,50万+
小米（MI）REDMI Turbo 4 Pro 第四代骁龙8s 7550mAh长续航 16GB+1TB 白色 小米红米5G手机,2999.00,100万+,小米京东自营旗舰店,100158171903,"['7550毫安续航', '轻薄设计', '高频PWM', '3D冰封散热']",白色,50万+
小米（MI）REDMI Turbo 5 Max 天玑9500s 9000mAh大电池 1.5K阳光屏 16+512 阳光橙 小米红米5G手机,2799.00,,小米京东自营旗舰店,100317402418,"['大电池续航', '苹果风后摄', '高频PWM', '1.5K阳光屏']",阳光橙,10万+
华为手机新品mate70pro上市,1488.00,1万+,卓选数码手机店,10163252658600,"['95万+人浏览', '20万+人加购', '近7日人气商品']",曜石黑 6GB+128GB,5000+
小米（MI）REDMI Turbo 5 Max 天玑9500s 9000mAh大电池 1.5K阳光屏 12+512 阳光橙 小米红米5G手机,2499.00,,小米京东自营旗舰店,100317402428,"['1.5K阳光屏', '天玑9500s', '大电池续航', '高频调光']",阳光橙,10万+
华为 nova 15 256GB 零度白 麒麟8020芯片 多焦段红枫影像北斗卫星消息 100W超级快充华为手机鸿蒙系统,2549.00,,华为京东自营旗舰店,100307090458,"['北斗卫星消息', '鸿蒙系统', '5000万像素', '零度白色']",零度白,5万+
vivo iQOO Z11 Turbo 12GB+512GB 天光白骁龙8Gen5 自研电竞芯片Q2 2亿大底超级主摄 学生游戏手机,2999.00,,iQOO京东自营旗舰店,100312801470,"['骁龙8Gen5', '天光白色', '512GB存储', '12GB大内存']",天光白,5万+
一加 15 第五代骁龙 8 至尊版旗舰智能手机  165Hz 超高刷东方屏 OPPO旗舰游戏5G手机 原色沙丘 12GB+256GB 官方标配,3999.00,1000+,炜东电商旗舰店,10193524027021,"['超20万人店内购买', '4万+手机达人浏览']",原色沙丘,1000+
华为手机 80pro 新机2025上市 Hi智选系列 24期免息 6100mAh大电池 红外遥控 昆仑玻璃 补贴手机mate80 星海蓝 24GB(12+12)+512GB 官方标配【赠1年延保+碎屏,2517.00,,唯绅手机专营店,10211413408503,"['官方原封正品', '鸿蒙安全守护', '双五星超耐摔']",星海蓝 24GB(12+12)+512GB,1
OPPO Reno15 AI智能 5G拍照手机,2649.00,,OPPO京东自营专卖店,100220307331,"['2亿超清影像', '出圈实况拼图', '游戏超帧超画']",可露丽棕,1万+
小米REDMI K90 骁龙®8至尊版 7100mAh大电池 青山护眼 浅紫色 12GB+256GB 红米5G手机国家补贴,2598.99,30万+,小米京东自营旗舰店,100215674651,"['超快充电', '1.5K高清摄', '7100毫安电池', '骁龙8至尊版']",浅紫色,20万+
华为手机2025新机上市 鸿蒙智选5G手机80 Pro 大电池长续航 昆仑玻璃护眼 防水防尘 抗跌耐摔补贴Ma te 星空黑 12GB+512GB 12期免息【180天只换不修+三年质保+碎屏险】,2098.00,300+,泓朗手机通讯专营店,10170196189435,,星空黑 12GB+512GB,200+
荣耀Power2 12+256 旭日橙 10080mAh青海湖电池 天玑8500 Elite 电梯信号 5G AI 长续航手机,2699.00,,荣耀京东自营旗舰店,100232677431,"['顶级防水', '荣耀鸿燕通信', '旭日橙配色', '强劲性能']",旭日橙,2万+
一加 Ace 6 7800mAh 冰川电池,2599.00,,一加手机京东自营旗舰店,100285599238,"['防尘防水', 'NFC功能', '电竞体验', '风驰游戏内核']",竞黑,10万+
REDMI Note15 Pro+ 12+256 紫色 ,1799.00,,小米京东自营旗舰店,100200729827,"['7000mAh电池', '12GB内存', '十倍抗摔', '第四代骁龙7s']",烟霞紫,5万+
HUAWEI Mate 80 第二代红枫影像鸿蒙AI 华为直屏鸿蒙手机华为mate80 官方正品 曜石黑 16GB+512GB 全网通 官方标配,5499.00,3000+,京联通达旗舰店,10199736736359,"['第二代红枫影像', '超可靠玄武架构']",曜石黑,2000+
华为智选X70 十面抗摔 8300mAh青海湖电池 IP69防水 智选5G手机 80W无线快充 NFC 红外功能 AI智能拍照 朱砂红 12GB+512GB,2276.00,1000+,兴鑫业手机专营店,10167269598124,"['IP69防水', '红外遥控', '512GB存储', '十面抗摔']",朱砂红,1000+
OPPO Reno14 12GB+512GB 礁石黑 高清长焦实况 全新小直屏Live图 AI拍照5G智能手机 学生游戏 国家补贴,3099.00,30万+,OPPO京东自营旗舰店,100212441628,"['长寿耐用大电池', 'Live图神机', '满级防水', 'OLED屏']",礁石黑,20万+
小米（MI）REDMI Note15 Pro+ 第四代骁龙7s 7000mAh 龙晶玻璃十倍抗摔 IP68防水 12+256 子夜黑 红米 5G手机,1799.00,,小米京东自营旗舰店,100200659593,"['十倍抗摔', '12GB内存', 'IP68防水', '第四代骁龙7s']",子夜黑,5万+
华为手机智选80s新品5G旗舰 红外遥控鸿 蒙安全守护 海量存储 五星防水抗摔 臻彩护眼大屏巨量电池mate 曜石黑8GB+256GB 官方|标配 180天只换不修+3年质保+碎屏保,2392.00,600+,京创手机专营店,10211079885082,"['500+手机达人加购', '护眼大屏', '碎屏保']",曜石黑8GB+256GB,500+
华为5G智选手机华为80pro【国家补贴】2025新机上市 24期免息 6100mAh续航 十倍耐摔 补贴华为mate80 24GB(12+12)+512GB星海蓝 耳机套装版【赠1年延保+季度碎屏险,2416.00,300+,迪旺手机专营店,10211027867256,"['OLED 护眼屏', '昆仑玻璃十倍耐摔', '大电池长续航', 'FHD+显示', '5000万像素', 'OLED直屏', '高频PWM', '大气外观', '100W快充']",24GB(12+12)+512GB星海蓝,34
华为（HUAWEI）手机华为Pura80pro 24期免息可选 2026新机Power 8000mAh电池 power2 自研C1+通讯芯片 十面抗摔 幻夜黑 12GB+512GB 官方标配【180天,3548.00,200+,麒源手机专营店,10210836207374,"['十面抗摔', '青海湖电池', 'PWM调光', 'AI加持']",幻夜黑 12GB+512GB,200+
新品鸿蒙旗舰 华为mate70pro选购,1745.00,1000+,乾诚手机专营店,10209339017575,"['IP64防护', 'FHD+显示', '冰晶蓝色', '8GB内存', '鸿蒙系统流畅', '大电池续航', '6000mAh电量', '五星抗跌耐摔', '巨鲸长续航', '新品鸿蒙手机']",冰晶蓝【256GB】,1000+
华为手机2025新机上市 鸿蒙智选5G手机80 Pro 大电池长续航 昆仑玻璃护眼 防水防尘 抗跌耐摔补贴Ma te 星空黑 12GB+512GB 12期免息【180天只换不修+三年质保+碎屏险】,2098.00,300+,泓朗手机通讯专营店,10170196189435,,星空黑 12GB+512GB,200+
华为新品5G手机 华为畅享80 S 24期免息 华为智选2025新机上市鸿蒙生态耐摔防水华为补贴手机70pro 曜石黑16GB(8+8)+256GB 官方标配【季度碎屏险+两年质保+运费险】,1789.00,1000+,德凯英顿手机专营店,10203500003484,"['长续航电池', '防水防尘', '轻薄机身', '流畅运行', 'LCD屏幕', '纯色设计', '时尚外观', '耐摔防水', '天玑芯片', '鸿蒙生态']",曜石黑16GB(8+8)+256GB,1000+
vivo手机5G新品 Y500pro 全新2亿HP5旗舰级主摄 持久流畅7000mAh蓝海电池 IP68+IP69防水选X300补贴pro 12+512GB 祥云金 官方标配【赠季度碎屏险+延保+蓝牙,2922.00,200+,乾诚手机专营店,10210850157005,"['2亿像素', '简约风格', '红外遥控', '7000mAh电池']",12+512GB 祥云金,100+
小米 Turbo 4 Pro 16+512,2499.00,100万+,小米京东自营旗舰店,100201589724,"['高频调光', '三防标准']",黑色,50万+
华为nova 12 Pro 512GB 曜金黑#4K超广角镜头前置6000万人像追焦双摄 100W快充手机【赠流量卡】,2499.00,2000+,中国电信京东自营旗舰店,100160994040,"['出色影像', '1万+手机达人加购']",曜金黑,2000+
vivo iQOO Z11 Turbo 12GB+512GB 极夜黑骁龙8Gen5 自研电竞芯片Q2 2亿大底超级主摄 学生游戏手机,2999.00,,iQOO京东自营旗舰店,100234402249,"['高清主摄', '骁龙8Gen5', '高速性能', '自研电竞芯片']",极夜黑,5万+
OPPO A6 GT 12GB+512GB 岩雾蓝 IP69防水 抗摔耐用流畅 5G智能手机 长续航 骁龙 自营正品 国家补贴,2099.00,3万+,OPPO京东自营旗舰店,100269753886,"['5000万像素', '7000mAh', 'FHD+屏幕', '360° 抗摔']",岩雾蓝,2万+
荣耀400 AI 2亿超清写真人像 7200mAh青海湖大电池 12+512 幻夜黑 5G AI 新款 学生 拍照手机 国家补贴,2599.00,30万+,荣耀京东自营旗舰店,100172364637,"['大电池续航', '高频PWM', '2亿写真人像', 'OLED直屏']",幻夜黑,20万+
华为2026新机上市 5G旗舰手机 80Plus 双五星耐摔防水 鸿蒙AI防诈 玄甲架构 智能红外遥控 mate80 12GB+256GB 珍珠白 蓝牙套装版【365天只换不修+质保3年+碎屏保】,2088.00,500+,京易达手机专营店,10210006663330,"['100+手机达人浏览', '只换不修', '200+人浏览']",12GB+256GB 珍珠白,500+
华为手机2026热销 华为5G智选新品80 Pro 24期免息 昆仑玻璃 6100mAh大电池 OLED护眼屏补贴华为mate80 星空黑【24G(12+12)+512GB】 12期免息【季度碎屏险+,2499.00,700+,德凯英顿手机专营店,10209823072253,"['昆仑玻璃耐摔', '柔光护眼屏', '智能红外遥控', '大电池续航', '防水防尘', '快充技术', '红外遥控', '昆仑玻璃', '轻薄设计', 'OLED护眼']",星空黑【24G(12+12)+512GB】,200+
HUERIAI旗舰顶配80Pro 5G手机 1TB超薄大屏 骁龙8+芯 8000mAh电池游戏电竞高刷全网通双卡双待百元便宜 鎏金色【补贴秒杀 | 今日特价】 16GB+256GB 官方标配,1099.00,1万+,HUERI智趣专卖店,10208813121267,"['骁龙8+处理器', '一亿像素超清拍照', '2026旗舰新款', '8000mAh', '高刷屏幕', '大气外观', '超薄大屏', '双卡双待']",鎏金色【补贴秒杀 | 今日特价】,500+
荣耀WIN 16+512 快开黑 第五代骁龙8至尊版 荣耀东风涡轮散热 10000mAh电池 AI 游戏手机 国家补贴,4799.00,,荣耀京东自营旗舰店,100231090911,"['绿洲护眼电竞屏', '10000mAh', '超大电池', 'AI游戏']",快开黑,1万+
HAIUWEI补贴30%手机1024GB大内存7800mAh快充大电池电竞拍照防水新机 暗夜黑 16GB+512GB 官方标配,1368.00,5000+,享科经营部,10153999144980,,暗夜黑,2000+
新品鸿蒙旗舰 华为mate70pro选购,1745.00,1000+,乾诚手机专营店,10209339017572,"['FHD+高清', '巨鲸长续航', '五星抗跌耐摔', 'IP64三防']",雪域白【256GB】,1000+
华为 nova 14 Ultra  512GB 曜金黑 全焦段红枫质感人像 天通北斗双卫星通信 华为手机鸿蒙系统,2949.00,,华为京东自营旗舰店,100224796944,"['鸿蒙AI', '大底主摄', '全焦段拍摄', '双卫星通信']",曜金黑,5万+
荣耀X70 8+128 幻夜黑 金标十面抗摔 8300mAh青海湖电池 IP69防水 荣耀绿洲护眼屏 AI手机 国家补贴,1399.00,90万+,荣耀京东自营旗舰店,100248102702,"['金标十面抗摔', '8300mAh', '青海湖电池']",幻夜黑,50万+
华为nova 15 国家补贴 麒麟8020芯片 多焦段红枫影像 鸿蒙AI 臻彩OLED直屏鸿蒙智能手机 带感绿 12GB+256GB 官方标配,2549.00,100+,来话旗舰店,10206377383219,,带感绿,73
【16G+256G】华为mate70pro,1389.00,1000+,德凯英顿手机专营店,10203500003475,"['时尚外观', '巨鲸续航', '鸿蒙生态', '耐摔防水']",曜石黑12GB(6+6)+128GB,1000+
华为（HUAWEI）手机华为mate80 pro版本选购 70X尊享版 24期免息 6100mAh巨鲸续航 麒麟8000芯片鸿蒙手机 流沙金【512GB】 耳机套餐版【赠一年延保+180天碎屏险】,2599.00,,迪旺手机专营店,10211073832321,"['超级NFC', '麒麟8000芯片', '大电池巨鲸续航', '鸿蒙系统', '轻薄机身', '简约风格', 'OLED曲面', '流沙金色', '高频PWM', '麒麟芯片']",流沙金【512GB】,3
华为手机华为 2025新机上市 70X 官方正品6100mAh巨鲸长续航地震预警北斗卫星通信超级NFC 补贴mate 曜金黑【512GB】 官方标配【赠季度碎屏险+延保+蓝牙耳机】,2569.00,200+,乾诚手机专营店,10210359726920,"['巨鲸续航', 'FHD+屏', '地震预警', '北斗通信']",曜金黑【512GB】,200+
华为智选2025新机上市 80 Pro 华为鸿蒙生态5G手机 昆仑玻璃十倍耐摔 6100mAh+40W续航 OLED臻彩护眼屏 12GB+512GB 星空黑 官方标配 180天只换不修+3年质保+碎屏,2699.00,1000+,京之优手机专营店,10166668187953,"['900+人已买', '只换不修', '官方标配']",12GB+512GB 星空黑,500+
小米（MI）REDMI Turbo 5 Max 天玑9500s 9000mAh大电池 1.5K阳光屏 16+512 暗影黑 小米红米5G手机,2799.00,,小米京东自营旗舰店,100317402376,"['天玑9500s', '1.5K阳光屏']",暗影黑,10万+
华为手机5G智选新品 80plus 2026新机上市 6620mAh巨鲸续航 红外遥控 玄甲架构 华为补贴手机mate80 幻夜黑 24GB(12+12)+512GB 耳机套餐【365天只换不修+碎屏,2184.00,100+,迪旺手机专营店,10208271518916,"['巨鲸续航', '玄甲架构', '红外遥控', '大内存储']",幻夜黑 24GB(12+12)+512GB,100+
华为（HUAWEI）手机华为Mate70pro 24期免息可选 2026新机 X70金标十面抗摔 8300mAh青海湖电池 IP69防水 护眼屏 幻夜黑 12GB+512GB 蓝牙套装版【180天只换,2694.00,200+,麒源手机专营店,10210832498272,"['十面抗摔', '8300mAh', '三防标准', '5000万像素', '抗摔认证', 'OLED直屏', 'IP69防水', '红外遥控']",幻夜黑 12GB+512GB,200+
华为手机2025新机上市畅享 70X鸿蒙【12期|免息】五星超耐摔6100mAh巨鲸长续航地震预警北斗卫星通信 曜金黑 256GB 【官方标配】【赠：季度碎屏险】,1461.05,5000+,好机汇手机旗舰店,10194750378880,"['5万+手机达人加购', '25万+人浏览']",曜金黑,2000+
一加 Ace 6T 16GB+1TB 闪速黑 oppo 第五代骁龙 8 165Hz 超高刷电竞屏 学生游戏拍照手机 国家补贴,3899.00,,一加手机京东自营旗舰店,100298246556,"['第五代骁龙8', '超高刷电竞屏', '冰川电池', '高像素摄像']",闪速黑,10万+
华为（HUAWEI）手机华为 Mate70Pro 24期免息可选 2026新机X60 GT骁龙旗舰芯片 6300mAh青海湖电池 绿洲护眼屏 AI 钛影蓝 16GB+512GB 官方标配【180天只换,2944.00,200+,麒源手机专营店,10210908243108,"['6300mAh', '防水防尘', '绿洲护眼屏', '16GB大内存', '轻薄机身', '骁龙旗舰芯', 'OLED直屏', '6300mAh电池']",钛影蓝 16GB+512GB,200+
新品鸿蒙旗舰 华为mate70pro选购,1745.00,1000+,乾诚手机专营店,10209339017572,"['FHD+高清', '巨鲸长续航', '五星抗跌耐摔', 'IP64三防']",雪域白【256GB】,1000+
华为智选 400 Pro 华为智选手机 2亿超清像素写真人像 5G手机 AI 无线充电 NFC 红外线 7200mAh大电池  12GB+256GB-幻夜黑,3563.00,700+,雅领手机专营店,10178603738645,"['1万+手机达人加购', '续航全天在线']",12GB+256GB-幻夜黑,500+
vivo iQOO Z11 Turbo 16GB+512GB 沧浪浮光骁龙8Gen5 自研电竞芯片Q2 2亿大底超级主摄 学生游戏手机,3299.00,,iQOO京东自营旗舰店,100234402245,"['自研电竞芯片', '时尚外观', '沧浪浮光色', '16GB大内存']",沧浪浮光,5万+
HUERIAI旗舰顶配80Pro 5G手机 1TB超薄大屏 骁龙8+芯 8000mAh电池游戏电竞高刷全网通双卡双待百元便宜 鎏金色【补贴秒杀 | 今日特价】 16GB+256GB 官方标配,1099.00,1万+,HUERI智趣专卖店,10208813121267,"['骁龙8+处理器', '一亿像素超清拍照', '2026旗舰新款', '8000mAh', '高刷屏幕', '大气外观', '超薄大屏', '双卡双待']",鎏金色【补贴秒杀 | 今日特价】,500+
华为（HUAWEI）手机华为 Mate70Pro 24期免息可选 2026新机X60 GT骁龙旗舰芯片 6300mAh青海湖电池 绿洲护眼屏 AI 钛影银 16GB+512GB 官方标配【180天只换,2944.00,200+,麒源手机专营店,10210908243105,"['防水防尘', '6300mAh', '绿洲护眼屏', '骁龙8+芯', '5000万像素', 'IP65防护', 'OLED直屏', '6300mAh电']",钛影银 16GB+512GB,200+
华为nova 12 Pro 512GB 曜金黑#4K超广角镜头前置6000万人像追焦双摄 100W快充手机【赠流量卡】,2499.00,2000+,中国电信京东自营旗舰店,100160994040,"['出色影像', '1万+手机达人加购']",曜金黑,2000+
小米 Turbo 4 Pro 16+512,2499.00,100万+,小米京东自营旗舰店,100201589724,"['高频调光', '三防标准']",黑色,50万+
华为手机2026热销 华为5G智选新品80 Pro 24期免息 昆仑玻璃 6100mAh大电池 OLED护眼屏补贴华为mate80 星空黑【24G(12+12)+512GB】 12期免息【季度碎屏险+,2499.00,700+,德凯英顿手机专营店,10209823072253,"['昆仑玻璃耐摔', '柔光护眼屏', '智能红外遥控', '大电池续航', '防水防尘', '快充技术', '红外遥控', '昆仑玻璃', '轻薄设计', 'OLED护眼']",星空黑【24G(12+12)+512GB】,200+
华为Mate80pro版本选购24期【免息】70X 活力 2026新机上市手机华为一键北斗大电池长续航五星抗摔补贴 【曜金黑 512GB】 蓝牙套装版【180天只换不修+三年质保+碎屏险】,2468.00,200+,越尔庆手机专营店,10205593844863,"['大电池续航', '防水防尘', '一键北斗', '五星抗摔']",【曜金黑 512GB】,200+
华为Mate80pro版本选购24期【免息】70X 活力 2026新机上市手机华为一键北斗大电池长续航五星抗摔补贴 【冰晶蓝 128GB】 蓝牙套装版【180天只换不修+三年质保+碎屏险】,1968.00,1000+,泓朗手机通讯专营店,10203084068431,,【冰晶蓝 128GB】,1000+
小米（MI）REDMI Turbo 4 Pro 第四代骁龙8s 7550mAh长续航 16GB+512GB 粉金色 小米红米5G手机,2499.00,100万+,小米京东自营旗舰店,100191176323,"['OLED屏', '高频PWM']",粉金色,50万+
荣耀GT 荣耀幻影引擎 第三代骁龙8 荣耀AI绿洲护眼电竞屏 12+512 冰晶白 5G AI 新款游戏手机 国家补贴,1999.00,40万+,荣耀京东自营旗舰店,100162469372,"['荣耀幻影引擎', '绿洲护眼电竞屏', '80-119W快充', '高速反应']",冰晶白,20万+
一加 Turbo 6 12GB+256GB 追光银 oppo 9000mAh冰川电池  165Hz高刷东方屏 智能游戏电竞手机 国家补贴,2299.00,7万+,一加手机京东自营旗舰店,100309764698,"['追光银设计', '电竞三芯', '超高刷东方屏', '性能超新星']",追光银,5万+
HUAYAI手机P70 Pro2026旗舰新款上市16+1TB大内存 持久流畅144Hz高刷大屏7900大电池超长续航5G全网通 冰晶蓝 旗舰版12+256G【官方标配+质保三年】,1799.00,2000+,HUAY旗舰店,10161531873105,"['3万+手机达人浏览', '1万+手机达人加购']",冰晶蓝,1000+
vivo iQOO Z11 Turbo 12+256,2499.00,,iQOO京东自营旗舰店,100310978328,"['2亿大底超级主摄', '自研电竞芯片Q', '新品上市', '骁龙8Gen5']",天光白,5万+
vivo iQOO Z10 Turbo+ 16GB+512GB 极地灰 天玑9400+旗舰芯  8000mAh超薄蓝海电池 国家补贴 电竞手机,2999.00,,iQOO京东自营旗舰店,100255132186,"['轻薄便携', '8000mAh电池', '自研芯片Q2', '轻奢风格']",极地灰,20万+
荣耀GT 荣耀幻影引擎 第三代骁龙8 荣耀AI绿洲护眼电竞屏 12+256 极光绿 5G AI 新款游戏手机 国家补贴,1799.00,40万+,荣耀京东自营旗舰店,100162425358,"['NFC便捷', '大底主摄', '高频PWM', '荣耀幻影引擎']",极光绿,20万+
VERTU【新品 咨询专属特惠】威图纬图官方奢品手机META全面屏AI智能体手机新机上市5g高端加密商务手机 浅金款-碳纤维 12GB+1TB,36800.00,300+,VERTU官方旗舰店,10128247690440,,浅金款-碳纤维,200+
华为畅享 70X 尊享版 512GB 星海蓝 6100mAh华为巨鲸长续航 麒麟8000芯片鸿蒙系统华为手机,1899.00,,华为京东自营旗舰店,100300133994,"['OLED曲面', '鸿蒙智能手机', '麒麟8000芯片', '鸿蒙智能']",星海蓝,5万+
华为新品5G手机 2025智选新机上市 80pro 24期免息 6100mAh长续航红外遥控昆仑玻璃华为补贴手机mate80 星空黑【24GB(12+12)+512GB】 豪礼套装 | 365天只换不,2796.00,400+,德凯英顿手机专营店,10186192915515,"['巨鲸续航', '红外遥控', '快充技术', '防水防尘']",星空黑【24GB(12+12)+512GB】,200+
vivo iQOO Z11 Turbo 12GB+256GB 极夜黑骁龙8Gen5 自研电竞芯片Q2 2亿大底超级主摄 学生游戏手机,2499.00,,iQOO京东自营旗舰店,100312801490,"['自研电竞芯片Q', '2亿大底超级主摄', '轻奢设计', '快速充电']",极夜黑,5万+
HUAWEI Mate 80 Pro 第二代红枫影像鸿蒙AI直屏鸿蒙手机华为mate80pro手机 官方正品 晨曦金 16GB+512GB 全网通 官方标配,6999.00,900+,京联通达旗舰店,10199737737707,"['现货速发', '8万+人浏览', '100+人已买']",晨曦金,200+
华为（HUAWEI）手机华为Pura80pro 24期免息可选 2026新机Power 8000mAh电池 power2 自研C1+通讯芯片 十面抗摔 旭日橙 12GB+512GB【荣耀power2】,4099.00,200+,麒源手机专营店,10210836207392,"['十面抗摔', '青海湖电池', '8000mAh', '大电池续航', 'SGS认证', '12GB内存', 'NFC功能', '曲面屏幕', '抗摔设计']",旭日橙 12GB+512GB【荣耀power2】,200+
华为 nova 14  512GB 凝霜白 后置多焦段质感人像 鸿蒙AI 100W超级快充 华为手机【赠话费券】国家补贴,2299.00,8万+,京东手机自营旗舰店,100229686896,"['鸿蒙AI', '100W快充', '多焦段人像三摄', '大底主摄']",凝霜白,5000+
华为智选新品5G手机 70plus 鸿蒙生态24期免息 智能红外线 40W巨鲸续航 抗摔防水耐用 选mate补贴80 冰晶蓝【12+256GB】 12期|免息【赠季度碎屏险+延保+蓝牙耳机】,2199.00,200+,乾诚手机专营店,10210918743838,"['新品5G手机', '鸿蒙生态', '智能红外遥控', '简约风格', '40W快充', '冰晶蓝色', 'LCD屏幕', '大气外观', '抗摔防水', '巨鲸续航']",冰晶蓝【12+256GB】,100+
HUAWEI Mate X7 折叠屏手机 超可靠折叠玄武架构 华为折叠屏鸿蒙 华为matex7手机 官方正品 现货速发 曜石黑 12GB+512GB全网通,13999.00,1000+,炜东电商旗舰店,10200281263496,"['4千+店铺粉丝浏览', '超20万人店内购买']",曜石黑,1000+
华为手机5G智选新品 80plus 2026新机上市 6620mAh巨鲸续航 红外遥控 玄甲架构 华为补贴手机mate80 幻夜黑 24GB(12+12)+512GB 耳机套餐【365天只换不修+碎屏,2184.00,100+,迪旺手机专营店,10208271518916,"['巨鲸续航', '玄甲架构', '红外遥控', '大内存储']",幻夜黑 24GB(12+12)+512GB,100+
vivo iQOO Z10 Turbo+ 12GB+512GB 云海白 天玑9400+旗舰芯  8000mAh超薄蓝海电池 国家补贴 电竞手机,2699.00,,iQOO京东自营旗舰店,100193879475,"['时尚外观', '自研芯片Q2', '超大电池', '旗舰芯片']",云海白,20万+
华为（HUAWEI）手机华为Pura80pro 24期免息可选 2026新机Power 8000mAh电池 power2 自研C1+通讯芯片 十面抗摔 雪原白 12GB+512GB【荣耀power2】,4099.00,200+,麒源手机专营店,10210836207398,"['8000mAh', '青海湖电池', '十面抗摔', '12GB内存', '大电池续航', '高频PWM', '曲面屏设计', '抗摔防护强', 'NFC功能']",雪原白 12GB+512GB【荣耀power2】,200+
华为手机华为70pro 择购 X70 5G新品旗舰手机2025款上市 无线快充 硬核抗摔防水 支持NFC 红外遥控 12GB+512GB 朱砂红 官方标配【180天只换不修+碎屏保+蓝牙耳机】,2788.00,500+,之优品手机专营店,10210560030231,"['10万+人浏览', '新品', '只换不修', '200+人收藏']",12GB+512GB 朱砂红,200+
华为（HUAWEI）华为手机mate70 Pro 24期【免息】可选 2025新机x70金标 8300mAh青海湖电池 十面抗摔 ip69防水NFC 幻夜黑 12GB+512GB [送蓝牙耳机] 24,3099.00,200+,理妙实手机专营店,10206658856854,"['pi69防水', '十面抗摔NFC', '青海湖电池']",幻夜黑 12GB+512GB [送蓝牙耳机],200+
华为5G智选手机华为80pro【国家补贴】2025新机上市 24期免息 6100mAh续航 十倍耐摔 补贴华为mate80 24GB(12+12)+512GB星海蓝 12期白条【赠1年延保+季度碎屏险,2652.00,300+,迪旺手机专营店,10211027867257,"['OLED 护眼屏', '昆仑玻璃十倍耐摔', '大电池长续航']",24GB(12+12)+512GB星海蓝,34
iQOO13 16GB+512GB 骁龙8至尊版 5G手机 2025新款 选购24期 星芒白z9x 8GB＋256GB,1299.00,6000+,创利科技小店,10142124390097,"['星芒白色', '骁龙8优质', 'IP68防护', '16GB内存']",星芒白z9x,2000+
HUAWEI Mate 80 Pro Max 全金属玄武架构 超透亮灵珑屏鸿蒙手机华为mate80promax官方正品 极夜黑 16GB+512GB 官方标配,8799.00,1000+,京联通达旗舰店,10199739030166,"['5万+人加购', '500+店铺会员浏览', '当天发']",极夜黑,500+
小米 REDMI Note14,888.00,30万+,小米京东自营旗舰店,100119685899,"['OLED直屏', '轻薄设计', '高效处理器', '超强续航']",星辉白,20万+
华为 nova 15 256GB 带感绿 麒麟8020芯片 多焦段红枫影像北斗卫星消息 100W超级快充华为手机鸿蒙系统,2549.00,,华为京东自营旗舰店,100307090472,"['北斗卫星消息', '麒麟8020芯片', '北斗卫星', '麒麟芯片']",带感绿,5万+
华为 nova 15 Ultra 1TB 零度白麒麟9系芯片前后红枫影像6.8mm超薄机身 天通北斗双卫星通信华为手机,4849.00,,华为京东自营旗舰店,100230122947,"['前后红枫影像', '100W超级快充', '红枫影像', 'OLED直屏']",零度白,2万+
OPRDP80pro手机1024G大内存7800mAh快充大电池5G全网通骁龙888全新原装正品防水防摔拍照手机 香颂绿 16G运行+1024G（1TB）内存,1498.00,5000+,OPRD官方旗舰店,10159325252592,"['防水防摔', '原装正品', '大容量电池', '900+人已买']",香颂绿,2000+
荣耀畅玩70 Plus  12+512幻夜黑,1439.00,3万+,京东手机自营旗舰店,100200300263,"['AI功能方便', '耐用抗造', '超大电池', '大屏体验']",幻夜黑,2万+
华为mete70pro手机 可选畅享70x  5G全网通 鸿蒙系统一键北斗 曲屏NFC 麒麟芯片 长续航闪充 防水防摔 512GB【曜金黑】+送蓝牙耳机,2499.00,600+,慕霖轩手机专营店,10206652352213,"['鸿蒙曲面', '超耐摔机', '512GB大存', 'IP64防护']",512GB【曜金黑】+送蓝牙耳机,500+
华为手机5G智选新品 80Plus 2026新机上市 6620mAh巨鲸续航 红外遥控 玄甲架构 华为补贴手机mate70pro 雅川青 24GB(12+12)+512GB 耳机套餐【365天只换不修,2099.00,300+,迪旺手机专营店,10208270930828,"['巨鲸续航', '玄甲架构强劲', '防水防尘设计', '红外遥控便捷', '大电池续航', '高内存流畅', '红外遥控', '玄甲架构']",雅川青 24GB(12+12)+512GB,200+
HAIUWEI手机1024G大内存5G双卡9800mAh快充大电池抗摔防水拍照 雅青 16GB运行+128GB内存 官方标配,1198.00,4000+,享科经营部,10153995638976,"['200+手机达人收藏', '抗摔防水']",雅青,1000+
华为2026上市新款智选5G手机 80Plus 24期免息 6620mAh巨鲸续航 红外遥控 玄甲架构华为补贴手机mate80 幻夜黑 24GB(12+12)+512GB 耳机套餐【365天只换不修+,3199.00,,德凯英顿手机专营店,10209820347203,"['大气设计', '巨鲸续航', 'IP64防护', '玄甲架构']",幻夜黑 24GB(12+12)+512GB,48
华为（HUAWEI）手机华为Mate70pro 24期免息可选 2026新机 X70金标十面抗摔 8300mAh青海湖电池 IP69防水 护眼屏 幻夜黑 12GB+512GB 蓝牙套装版【180天只换,2694.00,200+,麒源手机专营店,10210832498272,"['十面抗摔', '8300mAh', '三防标准', '5000万像素', '抗摔认证', 'OLED直屏', 'IP69防水', '红外遥控']",幻夜黑 12GB+512GB,200+
华为（HUAWEI）手机Mate70 pro 24期免息可选 400 2025新品上市 2亿超清写真人像 7200mAh大电池 学生 拍照5G手机 流沙粉【12GB+256GB】【荣耀400】 蓝牙套,2699.00,300+,越尔庆手机专营店,10205709579463,"['蓝牙套装版', '超清写真人像', '大电池续航', '5G高速网络']",流沙粉【12GB+256GB】【荣耀400】,200+
HUAWEI Mate 80 Pro 第二代红枫影像鸿蒙AI直屏鸿蒙手机华为mate80pro手机 官方正品 晨曦金 16GB+512GB 全网通 官方标配,6999.00,900+,京联通达旗舰店,10199737737707,"['现货速发', '8万+人浏览', '100+人已买']",晨曦金,200+
华为5G智选手机 80pro新机2025上市 24期免息 6100mAh大电池 红外遥控 昆仑玻璃 华为补贴手机mate80 晨光白 24GB(12+12)+512GB 24期白条| 365天只换不修,3799.00,,唯绅手机专营店,10208656492498,"['红外遥控', '巨鲸续航', '昆仑玻璃']",晨光白 24GB(12+12)+512GB,15
华为（HUAWEI）Pura70Pro+国行原装机5G正品麒麟9010芯片pura70pro拍照便宜手机 Pura_70_羽砂黑 12GB+256GB,4918.00,,讯捷数码演示机店,10208902826872,"['时尚屏幕', '5G高速网', '强劲性能', '大内存运行', '麒麟芯片']",Pura_70_羽砂黑,1
vivo Y300t 12GB+512GB 岩白 国家补贴 6500mAh超薄蓝海电池 天玑7300长久流畅芯 全功能NFC AI手机,1699.00,9万+,vivo京东自营旗舰店,100154164101,"['长久流畅', '全功能NFC', '天玑7300', 'AI智能']",岩白,5万+
OPPO【国家补贴+12期】OPPO Reno15 Pro 直播神器手机新款 opporeno15pro 全网通5g拍照学生手机oppo 可露丽棕 12GB+256GB 官方标配【全国联保】,3699.00,1000+,OPPO数码手机旗舰店,10197337760980,"['国家补贴', '4千+手机达人加购', '直播超稳超清']",可露丽棕,500+
iQOO13 16GB+512GB 骁龙8至尊版 5G手机 2025新款 选购24期 星芒白z9 12GB＋256GB,1599.00,6000+,创利科技小店,10142124390110,"['5G网络支持', 'IP68防水', '骁龙8优质版', '星芒白配色']",星芒白z9,2000+
华为2026上市新款智选5G手机 80Plus 24期免息 6620mAh巨鲸续航 红外遥控 玄甲架构华为补贴手机mate80 幻夜黑 24GB(12+12)+256GB 耳机套餐【365天只换不修+,2969.00,,德凯英顿手机专营店,10209820347194,"['大气外观', 'HD+屏幕', 'IP64三防', '5000万像素', '防水防尘', '红外遥控', '玄甲架构', '巨鲸续航']",幻夜黑 24GB(12+12)+256GB,48
vivo S50 12GB+512GB 悠悠蓝 主摄级长焦Live 高通第三代骁龙8s 湿手秒开超声波指纹2.0 AI拍照手机,3099.00,,vivo通讯京东自营专区,100227012441,"['AI拍照', '超声波指纹', '红外遥控', 'NFC功能']",悠悠蓝,1万+
OPPO【国家补贴15%】Reno15新品上市opporeno15新款oppo手机5g全网通拍照手机 超清2亿像素 满级防水 极光蓝 12+256GB 官方标配,2999.00,4000+,OPPO智能数码旗舰店,10196624110243,"['3万+手机达人浏览', '满级防水', '400+人已买']",极光蓝,2000+
vivo iQOO 15 16+1TB 三星珠峰屏,5499.00,,iQOO京东自营旗舰店,100212926095,"['自研芯片Q3', '2K三星珠峰屏', '时尚钛色', '第五代骁龙']",凌云,10万+
华为5G智选手机 80pro新机2025上市 24期免息 6100mAh大电池 红外遥控 昆仑玻璃 华为补贴手机mate80 星空黑 24GB(12+12)+512GB 24期白条| 365天只换不修,3799.00,,唯绅手机专营店,10208656492495,"['巨鲸续航', '防尘防水', '高清屏幕', '快充技术', '大电池续航', '红外遥控', '昆仑玻璃']",星空黑 24GB(12+12)+512GB,15
华为2026热销 5G新品 80 Pro智选手机 红外遥控 AI智慧助手昆仑玻璃+玄甲机身 华为鸿蒙生态手机 星海蓝 12G+512GB 官方标配【180天只换不修+2年保修+碎屏保】,2718.00,2000+,华良数码手机店,10161205998035,"['轻薄机身', '高频调光', '5000万像素', 'OLED直屏']",星海蓝 12G+512GB,1000+
华为（HUAWEI）智选畅享80Pro 5G手机【限时补贴】昆仑玻璃10倍耐摔 鸿蒙 6100mAh+40W巨鲸续航护眼屏 游戏学生 12GB+512GB 星空黑 标配 【赠延保+碎屏保】,2899.00,1万+,优品手机通讯专营店,10173971058239,"['抗摔防水', '本店手机热销第1名', '鸿蒙安全守护']",12GB+512GB 星空黑,1万+
华为手机5G新品 畅享80 Pro【国家补贴】24期免息手机华为昆仑玻璃十倍耐摔OLED护眼屏 补贴mate80 24GB(12+12)+512GB 晨光白 24期白条免息【运费险+碎屏险+两年延保】,3204.70,3000+,福购手机专营店,10189949499020,"['华为新机上市', '昆仑抗摔玻璃', '华为巨鲸续航', '5000万像素', '昆仑玻璃', '红外遥控', 'IP64防护', '十倍耐摔', '512GB存储', 'OLED护眼']",24GB(12+12)+512GB 晨光白,2000+
vivo S50 12GB+512GB 深空黑 主摄级长焦Live 高通第三代骁龙8s 湿手秒开超声波指纹2.0 AI拍照手机,3099.00,,vivo通讯京东自营专区,100302941932,"['OLED直屏', '主摄级长焦', '超声波指纹', '80-119W快充']",深空黑,1万+
17promax【0首付24期免息】17pro 17ProMax 17 双卡双待 全网通5G手机 苹果17pro 星宇橙色 256GB全网通+配件礼包,7728.00,1000+,智选数码买手店,10205395495092,"['配件礼包', '256GB存储', '星宇橙色', '双卡双待']",苹果17pro 星宇橙色,500+
华为畅享 70X 尊享版 256GB 曜金黑 6100mAh华为巨鲸长续航 麒麟8000芯片华为手机【赠话费券】 京东自营,1699.00,1万+,京东手机自营旗舰店,100226583809,"['9千+店铺粉丝浏览', '2万+手机达人加购']",曜金黑,2万+
华为 nova 15 256GB 好搭紫 麒麟8020芯片 多焦段红枫影像 鸿蒙AI 臻彩OLED直屏鸿蒙手机【京东快递】,2599.00,4000+,京东手机直营旗舰店,100310722738,"['轻薄设计', '高频PWM', 'AI影像', '5000万像素']",好搭紫,2000+
HAIUWEI手机1TB内存9800mAh快充,1198.00,4000+,享科经营部,10153995638976,"['高清拍照', '生活防水防尘', 'OLED屏', '大内存畅享', '快充技术加持', '三防标准时尚', '双卡双待']",雅青,1000+
华为2026年新款5G手机 华为畅享80 Plus 【国家补贴】0首付12/24免息 玄甲架构6620mAh40W快充 补贴 【珍珠白】24(12+12)GB+512GB 全新官方正品【赠碎屏险+运费,2288.00,300+,京浩手机专营店,10208816910595,"['耐摔防水', '红外遥控', '超大电池', '40W快充', '珍珠白色', 'LCD屏幕', '2026最新款', '512GB存储']",【珍珠白】24(12+12)GB+512GB,200+
华为智选2025新机上市 80 Pro 华为鸿蒙生态5G手机 昆仑玻璃十倍耐摔 6100mAh+40W续航 OLED臻彩护眼屏 12GB+512GB 星空黑 官方标配 180天只换不修+3年质保+碎屏,2699.00,1000+,京之优手机专营店,10166668187953,"['900+人已买', '只换不修', '官方标配']",12GB+512GB 星空黑,500+
华为手机5G新品80 Pro 24期免息手机华为2026新机上市昆仑玻璃十倍耐摔臻彩护眼屏 巨鲸续航补贴80 12+512GB 星海蓝 官方标配【赠90碎屏险+3年保修+蓝牙耳机】,2216.00,100+,乾诚手机专营店,10211336121078,"['新品5G手机', '昆仑玻璃护眼屏', '鸿蒙生态']",12+512GB 星海蓝,100+
华为5G智选手机 80pro新机2025上市 24期免息 6100mAh大电池 红外遥控 昆仑玻璃 华为补贴手机mate80 星空黑 24GB(12+12)+256GB 礼包套装 | 365天只换不修,2999.00,,唯绅手机专营店,10208656492484,"['巨鲸续航', '昆仑玻璃', '大电池续航', '红外遥控', '快速充电', '时尚外观']",星空黑 24GB(12+12)+256GB,15
荣耀X70 8+128 幻夜黑 金标十面抗摔 8300mAh青海湖电池 IP69防水 荣耀绿洲护眼屏 AI手机 国家补贴,1399.00,90万+,荣耀京东自营旗舰店,100248102702,"['高像素拍摄', '大屏显示', '大内存储存', '防水防尘']",幻夜黑,50万+
OPPO【国家补贴+12期】OPPO Reno15 Pro 直播神器手机新款 opporeno15pro 全网通5g拍照学生手机oppo 可露丽棕 12GB+256GB 官方标配【全国联保】,3699.00,1000+,OPPO数码手机旗舰店,10197337760980,"['国家补贴', '4千+手机达人加购', '直播超稳超清']",可露丽棕,500+
华为2026新机上市 智选80 Plus 5G旗舰手机 鸿蒙生态 超级快充 红外遥控 昆仑玻璃+玄甲机身 巨鲸续航 12GB+512GB 幻夜黑 蓝牙套装版| 365天只换不修+碎屏险+3年质保,2499.00,5000+,京之优手机专营店,10209066114010,"['鸿蒙安全守护', '华为巨鲸长续航', '双五星耐摔防水', '优质快充']",12GB+512GB 幻夜黑,2000+
荣耀400 AI 2亿超清写真人像 7200mAh青海湖大电池 12+512 幻夜黑 5G AI 新款 学生 拍照手机 国家补贴,2599.00,30万+,荣耀京东自营旗舰店,100172364637,"['大电池续航', '高频PWM', '2亿写真人像', 'OLED直屏']",幻夜黑,20万+
华为（HUAWEI）手机华为Mate70pro 24期免息可选 2026新机 X70金标十面抗摔 8300mAh青海湖电池 IP69防水 护眼屏 朱砂红 12GB+512GB 蓝牙套装版【180天只换,2694.00,200+,麒源手机专营店,10210832498275,"['IP69防水', '朱砂红色', '8300mAh', '护眼屏幕']",朱砂红 12GB+512GB,200+
华为手机2025新机上市畅享 70X鸿蒙【12期|免息】五星超耐摔6100mAh巨鲸长续航地震预警北斗卫星通信 曜金黑 256GB 【官方标配】【赠：季度碎屏险】,1461.05,5000+,好机汇手机旗舰店,10194750378880,"['5万+手机达人加购', '25万+人浏览']",曜金黑,2000+
vivo S50 16GB+512GB 深空黑 主摄级长焦Live 高通第三代骁龙8s 湿手秒开超声波指纹2.0 AI拍照手机,3599.00,,vivo京东自营旗舰店,100302941938,"['OLED直屏', 'AI拍照', '长焦Live', '超声波指纹']",深空黑,5万+
vivo iQOO 15 12GB+256GB凌云 第五代骁龙8至尊版 2K 三星珠峰屏 国家补贴 iqoo15游戏电竞手机,4199.00,,iQOO京东自营旗舰店,100283677974,"['轻奢风格', '2K三星珠峰屏', '自研芯片Q3', '5代骁龙8至尊']",凌云,10万+
vivo iQOO Z11 Turbo 12+256GB,2499.00,,iQOO京东自营旗舰店,100234402267,"['光晕粉外观', '骁龙8Gen5', '自研电竞芯片Q', '快充技术']",光晕粉,5万+
华为智选 70 Plus  华为智选手机 5G手机 防水 防摔 NFC  五星超抗摔 7000mAh超耐用长续航  双扬大音量  幻夜黑8+256GB-70 Plus,1335.00,100+,亿冠手机专营店,10210262481491,"['大音量', '长续航', '400+手机达人加购']",幻夜黑8+256GB-70 Plus,100+
华为手机华为 新品70X 活力新机2025上市 一键北斗 大电池长续航 纯血鸿蒙 五星抗跌耐摔 补贴 Mate 冰晶蓝【512GB】 官方标配+三年延保+蓝牙耳机,2451.00,1000+,乾诚手机专营店,10209339017584,"['五星抗跌耐摔', '巨鲸长续航', '新品鸿蒙手机', '大电池续航', '防水防尘设计', '时尚机身', '鸿蒙系统流畅', '北斗一键定位']",冰晶蓝【512GB】,1000+
华为智选新品5G手机 70plus 鸿蒙生态24期免息 智能红外线 40W巨鲸续航 抗摔防水耐用 选mate补贴80 雪域白【8+256GB】 官方标配【赠季度碎屏险+延保+蓝牙耳机】,1816.00,200+,乾诚手机专营店,10210918743825,"['新品5G手机', '鸿蒙生态', '智能红外遥控', '大内存储', '大气外观', '时尚摄像', '抗摔防水', '红外线遥控', '巨鲸续航', '快速充电']",雪域白【8+256GB】,100+
华为5G智选手机 80pro新机2025上市 24期免息 6100mAh大电池 红外遥控 昆仑玻璃 华为补贴手机mate80 星海蓝 24GB(12+12)+512GB 礼包套装 | 365天只换不修,3199.00,,唯绅手机专营店,10208656492499,"['昆仑玻璃', '巨鲸续航', '红外遥控', '大电池续航', '超清摄像头', '简约设计', '昆仑玻璃屏', '防尘防水']",星海蓝 24GB(12+12)+512GB,15
华为nova 12 Pro 512GB 曜金黑#4K超广角镜头前置6000万人像追焦双摄 100W快充手机【赠流量卡】,2499.00,2000+,中国电信京东自营旗舰店,100160994040,"['出色影像', '1万+手机达人加购']",曜金黑,2000+
华为 nova 14  512GB 冰晶蓝 后置多焦段质感人像 鸿蒙AI 100W超级快充 华为手机【赠话费券】国家补贴,2299.00,8万+,京东手机自营旗舰店,100229686894,"['北斗卫星图片消息', '多焦段人像三摄', '高清大屏', '长续航电池']",冰晶蓝,5000+
华为（HUAWEI）Mate60 华为 mate60pro 国行正品激活 Mate60 雅丹黑 12+256GB,2709.00,1000+,华鸿手机拼购店,10188894758268,"['WQHD+', '流畅体验', '高清屏幕']",Mate60 雅丹黑,500+
华为手机5G新品 华为新机2026上市 畅享80 plus Hi智选系列 24期免息 红外遥控 玄甲架构补贴80Pro 幻夜黑【12+512】热销 官方标配【365天只换不修+碎屏险+运费险】,2059.00,,迪旺手机专营店,10211389300857,"['新品5G手机', '智能红外遥控', '双五星玄甲架构']",幻夜黑【12+512】热销,2
华为（HUAWEI）手机2026新品上市 24期可选wikox70 大屏AI 10倍耐摔北斗通信6100mAh大电池 5G手机 补贴Mate70pro 【12GB+256GB】曜金黑【晒单礼品13选2】 12期免息【180天只换不修+碎屏险】,2819.00,200+,泽盛手机专营店,10209752805166,,【12GB+256GB】曜金黑【晒单礼品13选2】,200+
vivo Y300t手机12GB+512GB,1699.00,9万+,vivo京东自营旗舰店,100154164105,"['天玑7300', 'FHD+屏幕', '6500mAh', '军标测试']",海蓝,5万+
华为Mate80pro版本选购24期【免息】70X 活力 2026新机上市手机华为一键北斗大电池长续航五星抗摔补贴 【曜金黑 512GB】 24期免息【180天只换不修+三年质保+碎屏险】,2868.00,200+,越尔庆手机专营店,10205593844865,"['内存充足', '曲面屏幕', '防水防尘', '五星抗摔', '北斗导航', '大电池续航']",【曜金黑 512GB】,200+
华为手机5G新品 畅享80 Pro【国家补贴】24期免息手机华为昆仑玻璃十倍耐摔OLED护眼屏 补贴mate80 24GB(12+12)+256GB 星空黑 12期白条免息【运费险+碎屏险+两年延保】,2616.47,3000+,福购手机专营店,10189949499004,"['26-49W快充', '十倍耐摔', 'OLED护眼', '华为巨鲸续航']",24GB(12+12)+256GB 星空黑,2000+
一加 13 16GB+512GB 蓝调时刻 oppo 国家补贴 高通骁龙®8至尊版 6000mAh 冰川电池 智能AI游戏5G手机 京东自营,4199.00,30万+,一加手机京东自营旗舰店,100123790095,"['100万+人浏览', '2K高刷护眼屏', '3万+人已买']",蓝调时刻,20万+
vivo S50 16GB+256GB 灵感紫 主摄级长焦Live 高通第三代骁龙8s 湿手秒开超声波指纹2.0 AI拍照手机,3198.00,,vivo通讯京东自营专区,100227012453,"['第三代骁龙8s', '长焦Live', '超声波指纹', 'OLED直屏']",灵感紫,1万+
华为 nova 15 512GB 幻夜黑,2799.00,2000+,,100310741566,"['12GB内存', '麒麟8020芯片', '高频调光', '6.6英寸屏']",幻夜黑,2000+
荣耀GT 荣耀幻影引擎 第三代骁龙8 荣耀AI绿洲护眼电竞屏 12+256 冰晶白 5G AI 新款游戏手机 国家补贴,1799.00,40万+,荣耀京东自营旗舰店,100162425472,"['荣耀幻影引擎', 'OLED直屏', 'FHD+显示', 'IP65防护']",冰晶白,20万+
华为畅享 70X活力版 256GB 曜金黑 华为巨鲸超能长续航 双五星超耐摔 华为手机【赠话费券】国家补贴 京东自营,1349.00,8万+,京东手机自营旗舰店,100210604060,,曜金黑,2万+
Apple/苹果 iPhone 17 Pro Max 256GB 星宇橙色 支持移动联通电信5G 双卡双待手机,9999.00,,Apple产品京东自营旗舰店,100278221408,"['8倍变焦', 'VC 均热板', 'A19 Pro']",星宇橙色,200万+
华为（HUAWEI）nova 15 手机【国家补贴15%+晒单送华为蓝牙耳机】 幻夜黑 512GB,2999.00,200+,京华手机旗舰店,10208075893704,"['100W快充', '轻薄设计', '麒麟8020芯片', '5000万像素']",幻夜黑,100+
华为Mate 80 12GB+512GB,5199.00,,华为京东自营旗舰店,100224133333,"['LTPO屏幕', '全焦段拍摄', '第二代红枫影像', '鸿蒙AI']",晨曦金,10万+
华为Mate 70 Pro 重磅新品上市,2225.00,1000+,良纽手机专营店,10193265006857,"['只换不修', '2万+人加购', '安全守护', '300+人收藏']",晴空蓝8GB+256GB,1000+
华为（HUAWEI）Mate60 正品智能手机旗舰鸿蒙智能AI手机男女正品国行pro补贴 Mate60【白沙银】 12GB+256GB 赠运费险|详情咨询客服,3098.00,2000+,速捷手机经营部,10191251968857,"['近3千人加购', '近2万人浏览', '累计好评5百+', 'OLED直屏', '三防标准']",Mate60【白沙银】,1000+
华为（HUAWEI）手机Mate70 pro 24期免息可选 400 2025新品上市 2亿超清写真人像 7200mAh大电池 学生 拍照5G手机 流沙粉【16GB+512GB】【荣耀400】 蓝牙套,3199.00,300+,越尔庆手机专营店,10205709579487,"['大电池续航', '5000万像素', '超清写真', 'OLED直屏', 'NFC功能', '轻薄设计', 'IP68防护']",流沙粉【16GB+512GB】【荣耀400】,200+
华为手机2026热销 华为5G智选新品80 Pro 24期免息 昆仑玻璃 6100mAh大电池 OLED护眼屏补贴华为mate80 星海蓝【24G(12+12)+256GB】 豪礼套装版【季度碎屏险+,2368.23,700+,德凯英顿手机专营店,10209823072249,"['昆仑玻璃耐摔', '柔光护眼屏', '智能红外遥控', '大电池续航', 'OLED护眼', '轻薄机身', '简约设计', '红外遥控', '昆仑玻璃']",星海蓝【24G(12+12)+256GB】,200+
华为2026热销 5G新品 智选80 Pro手机红外遥控AI智慧助手昆仑玻璃+玄甲机身华为鸿蒙生态国家补贴 mate 星空黑  12GB+512GB 蓝牙套装版丨送3年保修+180天只换不修+碎屏保,2499.00,500+,京臻手机专营店,10193708584999,"['国家补贴', '鸿蒙AI智慧助手', '5G新款手机']",星空黑  12GB+512GB,200+
华为手机新品【国家补贴】70X 畅享活力版 巨鲸超能长续航鸿蒙双五星超耐摔鸿蒙手机mate全国联保1年 曜金黑【赠180只换不修+90天碎屏险+运费险】 8G+512GB 全网通 12期免息+蓝牙耳机,2399.00,800+,优选手机通讯专营店,10210169031788,"['简约风格', '防水防尘', '超能续航', 'IP64三防', 'OLED曲面']",曜金黑【赠180只换不修+90天碎屏险+运费险】,500+
华为手机华为 2025新机上市 70X 官方正品6100mAh巨鲸长续航地震预警北斗卫星通信超级NFC 补贴mate 雪域白【512GB】 官方标配【赠季度碎屏险+延保+蓝牙耳机】,2569.00,200+,乾诚手机专营店,10210359726923,"['巨鲸续航', '快充体验', '高像素摄', '曲面屏幕']",雪域白【512GB】,200+
华为（HUAWEI）手机华为Pura80pro 24期免息可选 2026新机Power 8000mAh电池 power2 自研C1+通讯芯片 十面抗摔 沙漠金 8GB+256GB 官方标配【180天只,2999.00,200+,麒源手机专营店,10210836207359,"['8000mAh', '青海湖电池', '十面抗摔', '大电池续航', '曲面屏幕', '高频调光', 'NFC功能全', '自研通讯芯', '抗摔十面体']",沙漠金 8GB+256GB,200+
vivo iQOO 15 12GB+256GB凌云 第五代骁龙8至尊版 2K 三星珠峰屏 国家补贴 iqoo15游戏电竞手机,4199.00,,iQOO京东自营旗舰店,100283677974,,凌云,10万+
华为5G智选手机 80pro新机2025上市 24期免息 6100mAh大电池 红外遥控 昆仑玻璃 华为补贴手机mate80 晨光白 20GB(8+12)+256GB 24期白条| 365天只换不修+,3399.00,,唯绅手机专营店,10208656492480,"['昆仑玻璃', '红外遥控', '巨鲸续航']",晨光白 20GB(8+12)+256GB,15
华为（HUAWEI）Mate60 华为 mate60pro 国行正品激活 Mate60  Pro雅丹黑 12+512GB,3199.00,1000+,华鸿手机拼购店,10188894758257,"['高像素摄像', '大屏显示', '流畅运行', '大内存储', '时尚外观', '雅丹黑色']",Mate60  Pro雅丹黑,500+
华为（HUAWEI）手机华为Pura80pro 24期免息可选 2025新机Power 8000mAh电池 自研C1+通讯芯片 十面抗摔 沙漠金 8GB+256GB【荣耀power】 官方标配【180,2469.00,500+,星际浩云手机专营店,10198363070778,"['8000mAh', '青海湖电池', 'FHD+显示', '沙漠金外观', '抗摔十面体', '三防标准', '十面抗摔', '大电池续航']",沙漠金 8GB+256GB【荣耀power】,200+
华为Mate80 Pro 旗舰新品 重磅上市,2459.00,100+,良纽手机专营店,10210085804955,"['旗舰', '400+手机达人浏览', '只换不修']",珍珠白12+256GB,100+
vivo iQOO Z11 Turbo 12+256GB,2499.00,,iQOO京东自营旗舰店,100234402221,"['2亿大底超级主摄', '80-119W快充', '自研电竞芯片', 'IP69三防']",沧浪浮光,5万+
华为（HUAWEI）华为手机Mate70pro 24期免息可选 2025新机X60 pro十面抗摔防水 6600mAh 大电池一亿像素 AI影像 玄武灰【12GB+512GB】荣耀x60pro 12期,2999.00,300+,理妙实手机专营店,10206834951415,"['AI影像5G手机', '大电池一亿像素', '十面抗摔防水']",玄武灰【12GB+512GB】荣耀x60pro,200+
小米 REDMI K80 国家补贴 第三代骁龙 8 6550mAh大电池 澎湃OS 雪岩白 12GB+256GB 红米5G手机,1999.00,100万+,小米京东自营旗舰店,100157830512,"['澎湃性能', '大电池续航', '高像素拍摄', '已售50w+']",雪岩白,100万+
HAIUWEI补贴30%手机1024GB大内存7800mAh快充大电池电竞拍照防水新机 月影白 16GB+1024GB 官方标配,1468.00,5000+,享科经营部,10153999144989,,月影白,2000+
小米（MI）REDMI Turbo 4 Pro 第四代骁龙8s 7550mAh长续航 16GB+1TB 黑色 小米红米5G手机,2999.00,100万+,小米京东自营旗舰店,100201589726,"['AI大模型', '轻薄机身', '高频PWM', '红外遥控']",黑色,50万+
华为（HUAWEI）Mate60 华为 mate60pro 国行正品激活 Mate60  Pro雅川青 12+512GB,3199.00,1000+,华鸿手机拼购店,10188894758251,"['OLED直屏', '青色时尚', '高像素摄像', '流畅运行']",Mate60  Pro雅川青,500+
华为手机智选80pro新品5G旗舰 红外遥控 昆仑玻璃 海量双存 鸿蒙守护五星级防水抗摔巨量电池+极速快充 星海蓝12+512GB 蓝牙耳机套装版|180天只换不修+3年保修+碎屏险,3031.00,7000+,京贸手机专营店,10199103516108,"['鸿蒙安全守护', '海量内存大电池', '新品5G旗舰', '鸿蒙守护', '海量双存', '高速快充', '红外遥控', '昆仑玻璃']",星海蓝12+512GB,5000+
vivo X300 12GB+256GB 自在蓝 蔡司2亿超级主摄 蔡司APO超级长焦 5年持久流畅OriginOS 6 拍照 AI手机,4249.00,,vivo京东自营旗舰店,100278983596,"['近7日热销商品', '20万+人加购', '近30日热销商品']",自在蓝,10万+
小米 Turbo 4 Pro 16+1T,2999.00,100万+,小米京东自营旗舰店,100251079998,"['简约风设计', '5000万像素', 'OLED直屏', '7550mAh电池']",粉金色,50万+
小米（MI）REDMI Turbo 5 Max 天玑9500s 9000mAh大电池 1.5K阳光屏 16+512 暗影黑 小米红米5G手机,2799.00,,小米京东自营旗舰店,100317402376,"['暗影黑色', '1.5K阳光屏', '天玑9500s', '大电池续航']",暗影黑,10万+
华为5G智选手机华为80pro【国家补贴】2025新机上市 24期免息 6100mAh续航 十倍耐摔 补贴华为mate80 24GB(12+12)+512GB星海蓝 24期白条【赠1年延保+季度碎屏险,2886.00,300+,迪旺手机专营店,10211027867258,"['OLED 护眼屏', '昆仑玻璃十倍耐摔', '大电池长续航', '大容量电池', '大气外观', '时尚设计', '红外遥控', '十倍耐摔', '超长续航']",24GB(12+12)+512GB星海蓝,34
华为2026热销 5G新品 智选80 Pro手机红外遥控AI智慧助手昆仑玻璃+玄甲机身华为鸿蒙生态国家补贴 mate 星空黑  12GB+512GB 蓝牙套装版丨送3年保修+180天只换不修+碎屏保,2499.00,500+,京臻手机专营店,10193708584999,"['国家补贴', '鸿蒙AI智慧助手', '5G新款手机']",星空黑  12GB+512GB,200+
华为nova14 12+256 羽砂黑,2049.00,8万+,京东手机自营旗舰店,100176903645,"['全焦段影像', '北斗卫星图片消息', '鸿蒙AI', '多焦段人像三摄']",羽砂黑,1万+
vivo iQOO Z11 Turbo 12GB+512GB 极夜黑骁龙8Gen5 自研电竞芯片Q2 2亿大底超级主摄 学生游戏手机,2999.00,,iQOO京东自营旗舰店,100234402249,"['高清主摄', '骁龙8Gen5', '高速性能', '自研电竞芯片']",极夜黑,5万+
华为手机华为 2025新机上市 70X 官方正品6100mAh巨鲸长续航地震预警北斗卫星通信超级NFC 补贴mate 曜金黑【512GB】 官方标配【赠季度碎屏险+延保+蓝牙耳机】,2569.00,200+,乾诚手机专营店,10210359726920,"['巨鲸续航', 'FHD+屏', '地震预警', '北斗通信']",曜金黑【512GB】,200+
vivo iQOO 15 12GB+256GB凌云 第五代骁龙8至尊版 2K 三星珠峰屏 国家补贴 iqoo15游戏电竞手机,4199.00,,iQOO京东自营旗舰店,100283677974,,凌云,10万+
【16G+256G】华为mate70pro,1389.00,1000+,德凯英顿手机专营店,10203500003475,"['时尚外观', '巨鲸续航', '鸿蒙生态', '耐摔防水']",曜石黑12GB(6+6)+128GB,1000+
华为（HUAWEI）手机华为Pura80pro 24期免息可选 2026新机Power 8000mAh电池 power2 自研C1+通讯芯片 十面抗摔 沙漠金 12GB+256GB 官方标配【180天,3168.00,200+,麒源手机专营店,10210836207368,"['8000mAh', '十面抗摔', '青海湖电池', '大电池续航', '骁龙7处理器', '沙漠金外观', '高频PWM', '抗摔十面体']",沙漠金 12GB+256GB,200+
华为 nova 15 256GB 好搭紫 麒麟8020芯片 多焦段红枫影像 鸿蒙AI 臻彩OLED直屏华为手机【赠话费券】,2499.00,1万+,京东手机自营旗舰店,100310638814,"['AI影像', '大屏显示', '麒麟8020芯片', '轻薄设计']",好搭紫,500+
华为畅享 70X 尊享版 256GB 曜金黑 6100mAh华为巨鲸长续航 麒麟8000芯片华为手机【赠话费券】 京东自营,1699.00,1万+,京东手机自营旗舰店,100226583809,"['9千+店铺粉丝浏览', '2万+手机达人加购']",曜金黑,2万+
华为5G智选手机华为80pro【国家补贴】2025新机上市 24期免息 6100mAh续航 十倍耐摔 补贴华为mate80 24GB(12+12)+256GB晨光白 耳机套装版【赠1年延保+季度碎屏险,2180.00,300+,迪旺手机专营店,10211027867253,"['OLED 护眼屏', '昆仑玻璃十倍耐摔', '大电池长续航']",24GB(12+12)+256GB晨光白,34
华为（HUAWEI）手机华为Pura80pro 24期免息可选 2026新机Power 8000mAh电池 power2 自研C1+通讯芯片 十面抗摔 沙漠金 12GB+512GB 官方标配【180天,3548.00,200+,麒源手机专营店,10210836207377,"['十面抗摔', '青海湖电池', '8000mAh', '大电池续航', '智能芯片', 'NFC功能', '精准通讯', '抗摔设计']",沙漠金 12GB+512GB,200+
华为 nova 15 512GB 幻夜黑,2769.00,1000+,运营商京东自营专区,100310741546,"['OLED直屏', '高频PWM', '多焦段红枫影像', '麒麟8020芯片']",幻夜黑,1000+
华为手机2025新机上市 鸿蒙智选5G手机80 Pro 大电池长续航 昆仑玻璃护眼 防水防尘 抗跌耐摔补贴Ma te 星空黑 12GB+512GB 24期免息【180天只换不修+三年质保+碎屏险】,2298.00,300+,泓朗手机通讯专营店,10172234762050,,星空黑 12GB+512GB,200+
华为 nova 14 Ultra  512GB 曜金黑 全焦段红枫质感人像 天通北斗双卫星通信 华为手机鸿蒙系统,2949.00,,华为京东自营旗舰店,100224796944,"['鸿蒙AI', '大底主摄', '全焦段拍摄', '双卫星通信']",曜金黑,5万+
华为畅享70X 尊享版512GB 星海蓝,1889.00,1万+,京东手机自营旗舰店,100302372810,"['麒麟芯片', '高清摄影', '双曲护眼屏', '巨鲸长续航']",星海蓝,2万+
vivo iQOO Z10 Turbo+ 12GB+256GB 极地灰 天玑9400+旗舰芯  8000mAh超薄蓝海电池 国家补贴 电竞手机,2299.00,,iQOO京东自营旗舰店,100193879479,"['轻奢风格', '旗舰芯片', '自研芯片Q2', '高像素摄像头']",极地灰,20万+
HUAWV官方正品 P70Pro手机2026新款上市16+1T内存7900大电池长续航5G全网通学生老人性价比千元机快充 冰晶蓝 豪华版：16+1024G 【全新未拆封+送豪华礼品+质保三年】,2399.00,400+,熊猫专营店,10175310932429,"['100+手机达人已买', '全新原装未拆封']",冰晶蓝,200+
【国家补贴】荣耀GT 5G游戏手机,1799.00,40万+,荣耀京东自营旗舰店,100162425356,"['绿洲护眼电竞屏', '第三代骁龙8', 'IP65防护', '超强续航']",幻影黑,10万+
vivoX300 Pro 16GB+1TB 天玑9500 新品电竞手机12期 免息 店内补贴选购 玄武黑 12GB+512GB,2149.82,,惊奇科技小店,10211325322018,,玄武黑,9
一加 Ace 6T 16GB+1TB 闪速黑 oppo 第五代骁龙 8 165Hz 超高刷电竞屏 学生游戏拍照手机 国家补贴,3899.00,,一加手机京东自营旗舰店,100298246556,"['第五代骁龙8', '超高刷电竞屏', '冰川电池', '高像素摄像']",闪速黑,10万+
【官方智选】超大巨屏5G手机全网通90HZ高刷2K高清大屏一体金属机身八核畅玩游戏办公学习娱乐备用机,599.00,2000+,飞利浦网络产品旗舰店,10165420719191,"['补贴20%', '90HZ高刷', '500+人已买', '8.68超大屏']",深空灰,1000+
华为手机华为 新品 Nova14 鸿蒙活力系列 前后双5000万超清影像 鸿蒙安全 66W超级快充  补贴14pro 12+256GB 羽纱黑 官方标配【赠季度碎屏险+延保+蓝牙耳机】,2432.00,200+,京晟鑫手机专营店,10209011595489,"['100W快充', '光学防抖', '新品鸿蒙旗舰', '超清影像']",12+256GB 羽纱黑,100+
华为 nova 15 256GB 零度白 麒麟8020芯片 多焦段红枫影像 鸿蒙AI 臻彩OLED直屏鸿蒙手机【京东快递】,2599.00,4000+,京东手机直营旗舰店,100232845605,"['麒麟8020芯', 'FHD+显示', '防水防尘', 'OLED直屏']",零度白,2000+
华为畅享 70X活力版  256GB 曜金黑 华为巨鲸超能长续航鸿蒙安全双五星超耐摔华为鸿蒙手机,1349.00,,华为京东自营旗舰店,100205122338,"['FHD+屏幕', '鸿蒙系统', '超能长续航', '双五星超耐摔']",曜金黑,10万+
华为智选 X70 华为智选手机 新品5G 十面抗摔防水 80W无线快充 NFC  OLED护眼屏 8300mAh电池 AI防抖拍照  12GB+512GB-朱砂红,2177.00,100+,凡欧手机专营店,10203538560976,"['2千+人浏览', '400+手机达人加购', '600+人加购']",12GB+512GB-朱砂红,100+
小米（MI）REDMI Turbo 5 Max 天玑9500s 9000mAh大电池 1.5K阳光屏 12+512 祥云白 小米红米5G手机,2499.00,,小米京东自营旗舰店,100317402436,"['OLED直屏', '1.5K阳光屏', '12GB内存', '三防标准']",祥云白,10万+
华为 nova 15 Pro 256GB幻夜黑,3349.00,,华为京东自营旗舰店,100232754967,"['LTPO屏幕', '超薄机身', '前后红枫影像', '麒麟9系芯片']",幻夜黑,2万+
小米（MI）REDMI K90 6.59英寸手机红米k90 骁龙8至尊版 2.5X长焦 7100mAh大电池 Bose联合调音 IP68防尘防水 白色 12GB+256GB,2599.00,1万+,小米手机官方旗舰店,10190208183279,"['商务风格', '长焦拍摄', '大电池续航', '100W快充']",白色,1万+
华为手机2025新机上市 鸿蒙智选5G手机80 Pro 大电池长续航 昆仑玻璃护眼 防水防尘 抗跌耐摔补贴Ma te 星空黑 12GB+512GB 24期免息【180天只换不修+三年质保+碎屏险】,2298.00,300+,泓朗手机通讯专营店,10172234762050,,星空黑 12GB+512GB,200+
华为5G智选手机华为80pro【国家补贴】2025新机上市 24期免息 6100mAh续航 十倍耐摔 补贴华为mate80 24GB(12+12)+512GB星空黑 12期白条【赠1年延保+季度碎屏险,2652.00,300+,迪旺手机专营店,10211027867260,"['OLED 护眼屏', '昆仑玻璃十倍耐摔', '大电池长续航']",24GB(12+12)+512GB星空黑,34
华为智选新品5G手机 70plus 鸿蒙生态24期免息 智能红外线 40W巨鲸续航 抗摔防水耐用 选mate补贴80 雪域白【12+256GB】 12期|免息【赠季度碎屏险+延保+蓝牙耳机】,2199.00,200+,乾诚手机专营店,10210918743835,"['智能红外遥控', '新品5G手机', '鸿蒙生态', '大容量存储']",雪域白【12+256GB】,100+
华为手机5G新品 畅享80 Pro【国家补贴】24期免息手机华为昆仑玻璃十倍耐摔OLED护眼屏 补贴mate80 24GB(12+12)+256GB 晨光白 24期白条免息【运费险+碎屏险+两年延保】,2851.77,3000+,福购手机专营店,10189949499011,"['华为新机上市', '昆仑抗摔玻璃', '华为巨鲸续航']",24GB(12+12)+256GB 晨光白,2000+
HUAWEI Pura 80 丝绒直屏 红枫原色影像 全新鸿蒙AI 华为智能手机 丝绒黑 12GB+256GB,4299.00,,华为官方旗舰店,10164941667136,"['全新鸿蒙AI', '100+店铺会员已买', '丝绒直屏']",丝绒黑,2000+
vivo iQOO Z11 Turbo 16GB+256GB 极夜黑骁龙8Gen5 自研电竞芯片Q2 2亿大底超级主摄 学生游戏手机,2799.00,,iQOO京东自营旗舰店,100312801472,"['16GB内存', '电竞芯片', 'OLED直屏', '轻奢设计']",极夜黑,5万+
vivo S50 12GB+256GB 告白 主摄级长焦Live 高通第三代骁龙8s 湿手秒开超声波指纹2.0 AI拍照手机,2999.00,,vivo京东自营旗舰店,100302941914,"['轻薄设计', 'AI拍照', '第三代骁龙8s', '超声波指纹']",告白,5万+
HUMEAI手机1TB超大内存9800mAh快充长续航骁龙888学生电竞老人AI智能拍照  全新 青色 16GB运行+1TB (1024GB)内存 官方标配,1998.00,1000+,HUMEAI旗舰店,10162377762456,"['热销榜第1名', '6400W拍照', '三防标准', '抗摔防水', 'AI拍照', 'OLED曲面', '超大内存', '1TB大内存', '快充续航']",青色,1000+
一加 13 16GB+512GB 蓝调时刻 oppo 国家补贴 高通骁龙®8至尊版 6000mAh 冰川电池 智能AI游戏5G手机 京东自营,4199.00,30万+,一加手机京东自营旗舰店,100123790095,"['100万+人浏览', '2K高刷护眼屏', '3万+人已买']",蓝调时刻,20万+
华为 nova 15 Pro 512GB 幻夜黑 麒麟9系前后红枫影像鸿蒙AI超动态臻彩护眼屏昆仑玻璃【京东快递】,3699.00,2000+,京东手机直营旗舰店,100310722700,"['轻薄设计', 'AI护眼', '高频调光', '大内存储']",幻夜黑,1000+
小米REDMI Note14 金刚品质 5110mAh大电量 大光圈超感相机 8GB+128GB子夜黑 红米5G手机 国家补贴,888.00,30万+,小米京东自营旗舰店,100143837568,"['超长续航', '快速充电', '轻薄设计', '强劲性能']",子夜黑,20万+
华为（HUAWEI）手机2026新机上市鸿蒙5G智选新品80Pro 手机华为 昆仑玻璃护眼屏 超窄边框防水防尘 补贴Mate80pro 星空黑【12GB+512GB】赠品13选2 官方标配【180天只,2642.00,300+,汇智手机专营店,10190193935932,"['超窄边框', '防水防尘', '昆仑玻璃', '十倍耐摔']",星空黑【12GB+512GB】赠品13选2,200+
5G旗舰 华为Mate80pro手机上市,2998.00,1000+,京臻智选手机专营店,10185577636286,,店长推荐-曜金黑【512G】,2000+
华为手机华为70X 2026热销尊享新机上市 麒麟8000芯片 北斗卫星 6100mAh巨鲸续航 华为补贴手机mate80 曜金黑【512GB】 24期免息【365天店铺延保+碎屏险+蓝牙耳机】,2899.00,,福购手机专营店,10211347373341,"['北斗卫星', '麒麟8000', '巨鲸续航']",曜金黑【512GB】,0
华为手机5G新品 畅享80 Pro【国家补贴】24期免息手机华为昆仑玻璃十倍耐摔OLED护眼屏 补贴mate80 24GB(12+12)+512GB 星空黑 24期白条免息【运费险+碎屏险+两年延保】,3204.70,3000+,福购手机专营店,10189949499014,"['华为新机上市', '昆仑抗摔玻璃', '华为巨鲸续航', 'IP64防护', '红外遥控', '快充续航', '高清屏幕', '十倍耐摔', 'OLED护眼']",24GB(12+12)+512GB 星空黑,2000+
华为手机5G新品80 Pro 24期免息手机华为2026新机上市昆仑玻璃十倍耐摔臻彩护眼屏 巨鲸续航补贴80 12+512GB 晨光白 官方标配【赠90碎屏险+3年保修+蓝牙耳机】,2216.00,100+,乾诚手机专营店,10211336121075,"['新品5G手机', '昆仑玻璃护眼屏', '鸿蒙生态']",12+512GB 晨光白,100+
华为（HUAWEI）2026新款华为畅享70X 活力版 华为巨鲸超能长续航鸿蒙安全双五星超耐摔华为鸿蒙手机 曜金黑-70S 8GB+128GB,969.00,,普华锦讯专营店,10211038264637,"['长续航', '6千+人浏览', '3千+手机达人浏览']",曜金黑-70S,35
华为手机 华为nova15 新机上市2026热销 24期免息】麒麟芯片 多焦段红枫影像北斗卫星消息 100W快充pro 幻夜黑【512GB】 官方标配【2年质保+90天碎屏险】,3399.00,,福购手机专营店,10211074255624,"['红枫影像', '北斗卫星消息', 'OLED直屏', '幻夜黑色', '100W快充', '北斗卫星', '麒麟芯片']",幻夜黑【512GB】,0
华为手机华为 新品 Nova14 鸿蒙活力系列 前后双5000万超清影像 鸿蒙安全 66W超级快充 补贴14pro 12+256GB 羽纱黑 官方标配【赠季度碎屏险+延保+蓝牙耳机】,2569.00,100+,乾诚手机专营店,10209725795176,"['66W超级快充', '红外遥控', '鸿蒙安全', '防水防尘']",12+256GB 羽纱黑,100+
17pro【分期免息】17 17Pro系列iphone17promax 17promax5G全网通手机 苹果17 青雾蓝色 256GB 全网通+配件礼包,5699.00,2000+,智选数码买手店,10198294153802,"['青雾蓝色', '配件礼包', '全网通用', '大容量存储']",苹果17 青雾蓝色,1000+
vivo iQOO 15 12GB+256GB凌云 第五代骁龙8至尊版 2K 三星珠峰屏 国家补贴 iqoo15游戏电竞手机,4199.00,,iQOO京东自营旗舰店,100283677974,,凌云,10万+
OPPO A6 Pro 16GB+512GB 墨玉黑 7000mAh大电池长续航 IP69防水 流畅抗摔耐用 5G智能手机 国家补贴,2499.00,3万+,OPPO京东自营旗舰店,100269753882,"['越级流畅双引擎', '时尚外观', '5000万像素', 'NFC功能']",墨玉黑,2万+
华为手机5G新品80 Pro 24期免息手机华为2026新机上市昆仑玻璃十倍耐摔臻彩护眼屏 巨鲸续航补贴80 12+512GB 星空黑【爆款热销】 官方标配【赠90碎屏险+3年保修+蓝牙耳机】,2216.00,100+,乾诚手机专营店,10211336121072,"['鸿蒙生态', '昆仑玻璃护眼屏', '新品5G手机']",12+512GB 星空黑【爆款热销】,100+
vivo S50 16GB+256GB 深空黑 主摄级长焦Live 高通第三代骁龙8s 湿手秒开超声波指纹2.0 AI拍照手机,3198.00,,vivo通讯京东自营专区,100302941900,"['超声波指纹', 'AI拍照技术', '5000万像素', '轻薄设计', 'OLED直屏', '超声波解锁', '80-119W快充', '第三代骁龙8s', '长焦Live', '主摄级长焦']",深空黑,1万+
华为nova 15 新品手机上市 麒麟8020芯片 前后红枫影像 鸿蒙AI 华为手机nova14升级版  好搭紫 512GB 官方标配,2999.00,1000+,华为手机专卖店,10205534538461,"['北斗卫星图片', '1万+手机达人浏览']",好搭紫,1000+
荣耀WIN 16+512 快开黑 第五代骁龙8至尊版 荣耀东风涡轮散热 10000mAh电池 AI 游戏手机 国家补贴,4799.00,,荣耀京东自营旗舰店,100231090911,"['绿洲护眼电竞屏', '10000mAh', '超大电池', 'AI游戏']",快开黑,1万+
新品鸿蒙旗舰 华为mate70选购,1765.00,800+,京晟鑫手机专营店,10208872822225,"['巨鲸长续航', '双五星安全', '26-49W快充', '一键北斗']",曜金黑【256GB】,500+
荣耀GT 荣耀幻影引擎 第三代骁龙8 荣耀AI绿洲护眼电竞屏 12+512 幻影黑 5G AI 新款游戏手机 国家补贴,1999.00,40万+,荣耀京东自营旗舰店,100162425498,"['FHD+高清', '绿洲护眼电竞屏', 'OLED直屏', '12GB大内存']",幻影黑,2万+
HUAWV官方正品 P70Pro手机2026新款上市16+1T内存7900大电池长续航5G全网通学生老人性价比千元机快充 冰晶蓝 豪华版：16+1024G 【全新未拆封+送豪华礼品+质保三年】,2399.00,400+,熊猫专营店,10175310932429,"['100+手机达人已买', '全新原装未拆封']",冰晶蓝,200+
OPPO Reno15 12GB+256GB 可露丽棕 2亿像素 实况拼图 5G智能小直屏 学生游戏 AI拍照手机 新品国家补贴,2999.00,,OPPO京东自营旗舰店,100219066107,"['潜望长焦', '多功能NFC', '防水防尘', '运动芭蕾美学']",可露丽棕,10万+
华为手机新品【国家补贴】70X 畅享活力版 巨鲸超能长续航鸿蒙双五星超耐摔鸿蒙手机mate全国联保1年 曜金黑【赠180只换不修+90天碎屏险+运费险】 8G+512GB 全网通 6期免息+蓝牙耳机套,2349.00,800+,优选手机通讯专营店,10210169031786,"['鸿蒙系统', '大内存储', '快充技术', '防水防尘', '超能续航', 'OLED曲面']",曜金黑【赠180只换不修+90天碎屏险+运费险】,500+
华为（HUAWEI）华为手机mate70 Pro 24期【免息】可选 2025新机x70金标 8300mAh青海湖电池 十面抗摔 ip69防水NFC 月影白 12GB+512GB [荣耀X70] 蓝牙,2199.00,300+,理妙实手机专营店,10203559321820,"['ip69防水', '8300大电池', '十面抗摔NFC', '12GB内存', '简约设计', '5000万像素', 'FHD+显示', '三防标准', 'OLED直屏', 'IP69防护']",月影白 12GB+512GB [荣耀X70],200+
vivo iQOO15 国家补贴 第五代骁龙8至尊版 2K三星珠峰屏 电竞芯片Q3 7000mAh蓝海大电池 旗舰电竞手机 传奇版 16GB 512GB 官方标配,4999.00,,iQOO官方旗舰店,10187863652622,,传奇版,2万+
华为Mate80pro版本选购24期【免息】70X 活力 2026新机上市手机华为一键北斗大电池长续航五星抗摔补贴 【冰晶蓝 512G】 豪礼套餐版【送3年保修+180天只换不修+碎屏保】,2999.00,200+,美域手机专营店,10210913186688,,【冰晶蓝 512G】,200+
华为 nova 15 256GB零度白,2499.00,1万+,京东手机自营旗舰店,100232782603,"['鸿蒙AI', '北斗卫星图片消息', '麒麟8020芯片', '5000万像素']",零度白,1000+
华为（HUAWEI）Pura70  华为P70Pro P70系列 国行正品激活 P70 冰晶蓝 12GB+256GB,3099.00,1000+,华鸿手机拼购店,10188894987324,"['高频PWM', '大底主摄', '轻薄设计', 'LTPO屏幕']",P70 冰晶蓝,500+
华为手机mate80pro 5G旗舰新品,1495.00,300+,华选手机店,10208425616032,"['地震预警', '1万+手机达人浏览', '只换不修']",【推荐】曜石黑12G(6+6)+128GB,200+
华为智选手机5G新机2026上市Nova 12 SE【24期|免息】hi系列热销榜自拍美肤NFC一亿像素官方原装正品 曜金黑256GB 官方标配,1220.00,6000+,好机汇手机旗舰店,10209807221163,"['3200万前置', '大气三防', '支持NFC', '一亿像素']",曜金黑256GB,5000+
华为（HUAWEI）Mate80 Pro 版本选购【24期|免息】新机2026上市畅享70X尊享版北斗卫星6100mAh长续航NFC曲面屏 曜金黑 512G 【官方标配】,2092.63,1000+,好机汇手机旗舰店,10206629697132,"['512G大存', 'NFC便捷', '巨鲸续航', '麒麟8000旗舰']",曜金黑,1000+
vivo iQOO Neo11 骁龙8至尊版 自研电竞芯片 2K144Hz屏 游戏手机 疾影黑 12GB+256GB国家补贴 联通特惠,2699.00,1000+,中国联通京东自营旗舰店,100320066260,"['骁龙8优质', '2K高清屏', '轻奢风格', '疾影黑色', '电竞芯片']",疾影黑,500+
一加  Ace 6T 【国家补贴】oppo 第五代骁龙 8 165Hz 超高刷电竞屏 学生游戏智能手机 闪速黑 12GB+256GB 官方标配,2599.00,800+,京诚旗舰店,10201507753860,"['性能旗舰新选择', '高性能处理器']",闪速黑,500+
华为（HUAWEI）华为手机mate70 Pro 24期【免息】可选 2025新机x70金标 8300mAh青海湖电池 十面抗摔 ip69防水NFC 竹韵青 12GB+512GB [荣耀X70] 蓝牙,2199.00,300+,理妙实手机专营店,10203559321826,"['ip69防水', '8300大电池', '十面抗摔NFC', 'FHD+显示', 'OLED直屏', 'IP69防护', '三防标准', 'IP69防水']",竹韵青 12GB+512GB [荣耀X70],200+
华为手机5G智选新品 80plus 2026新机上市 6620mAh巨鲸续航 红外遥控 玄甲架构 华为补贴手机mate80 幻夜黑 24GB(12+12)+256GB 耳机套餐【365天只换不修+碎屏,1959.00,100+,迪旺手机专营店,10208271518907,"['幻夜黑色', 'FHD+屏幕', '5000万像素', '玄甲架构']",幻夜黑 24GB(12+12)+256GB,100+
realme真我Neo8 OPPO 第五代骁龙8 165Hz三星高刷屏 5000万潜望长焦 智能AI游戏手机12+256白 国家补贴,2599.00,,真我realme京东自营旗舰店,100234828135,"['165Hz三星屏', '第五代骁龙8', '敬请期待', '新品发布']",起源白,2万+
华为Mate 70 Pro 重磅新品上市,2225.00,1000+,良纽手机专营店,10193265006857,"['只换不修', '2万+人加购', '安全守护', '300+人收藏']",晴空蓝8GB+256GB,1000+
荣耀WIN 12+256 不怕蓝 第五代骁龙8至尊版 荣耀东风涡轮散热 10000mAh电池 AI 游戏手机 国家补贴,3999.00,,荣耀京东自营旗舰店,100308381138,"['10000mAh', '绿洲护眼电竞屏', '东风涡轮散热', '大电池续航']",不怕蓝,5万+
华为手机5G新品 畅享80 Pro【国家补贴】24期免息手机华为昆仑玻璃十倍耐摔OLED护眼屏 补贴mate80 24GB(12+12)+512GB 星空黑 12期白条免息【运费险+碎屏险+两年延保】,2969.41,3000+,福购手机专营店,10189949499013,"['华为新机上市', '昆仑抗摔玻璃', '华为巨鲸续航', 'IP64防护', '快充技术', '红外遥控', '高清屏幕', '十倍耐摔', '昆仑玻璃', 'OLED护眼']",24GB(12+12)+512GB 星空黑,2000+
华为手机新品【国家补贴】70X 畅享活力版 巨鲸超能长续航鸿蒙双五星超耐摔鸿蒙手机mate全国联保1年 曜金黑【赠180只换不修+90天碎屏险+运费险】 8G+512GB 全网通 店长推荐+蓝牙耳机套,2089.00,800+,优选手机通讯专营店,10166930926419,"['6100大电池', '鸿蒙安全', '原装40W极速充', '月销售10W+']",曜金黑【赠180只换不修+90天碎屏险+运费险】,500+
小米（MI）REDMI K90 6.59英寸手机红米k90 骁龙8至尊版 2.5X长焦 7100mAh大电池 Bose联合调音 IP68防尘防水 白色 12GB+512GB,2899.00,1万+,小米手机官方旗舰店,10190208183280,"['骁龙8至尊版', '9万+人加购', '防尘防水', '7100mAh']",白色,1万+
华为（HUAWEI）手机华为mate80 pro版本选购 70X尊享版 24期免息 6100mAh巨鲸续航 麒麟8000芯片鸿蒙手机 流沙金【512GB】 耳机套餐版【赠一年延保+180天碎屏险】,2599.00,,迪旺手机专营店,10211073832321,"['超级NFC', '麒麟8000芯片', '大电池巨鲸续航', '鸿蒙系统', '轻薄机身', '简约风格', 'OLED曲面', '流沙金色', '高频PWM', '麒麟芯片']",流沙金【512GB】,3
华为（HUAWEI）手机华为Mate70Pro 24期免息可选 2025新机X70金标十面抗摔 8300mAh青海湖电池 IP69防水 护眼 月影白 12GB+256GB【荣耀X70】 24期免息【1,2399.00,400+,越尔庆手机专营店,10203054367026,,月影白 12GB+256GB【荣耀X70】,200+
OPPO K12s 12GB+512GB 棱镜黑 7000mAh长续航大电池 OLED 直屏 骁龙学生 5G游戏千元新款手机 国家补贴,1699.00,20万+,OPPO京东自营旗舰店,100163936607,"['120Hz直屏', '红外遥控', '高清显示', '第四代骁龙6']",棱镜黑,10万+
华为手机2025新机上市畅享 70X鸿蒙【12期|免息】五星超耐摔6100mAh巨鲸长续航地震预警北斗卫星通信 曜金黑 256GB 【官方标配】【赠：季度碎屏险】,1461.05,5000+,好机汇手机旗舰店,10194750378880,"['5万+手机达人加购', '25万+人浏览']",曜金黑,2000+
vivo Y37c 超长续航,709.00,10万+,vivo京东自营旗舰店,100165699723,"['大电量持久', '150%大音量', 'AI拍摄精彩', '六面抗摔']",钛金,5万+
华为手机2026热销 卫星通信70X 尊享版 麒麟80 00八核处理器 支持NFC 卫星通信 长续航 抗跌耐摔 Mate 曜金黑【512GB】 蓝牙套装版【送3年质保+180天只换不修+碎屏险】,2884.00,600+,京余手机专营店,10204136417112,"['麒麟八核', 'OLED曲面', '卫星通信', 'NFC支持']",曜金黑【512GB】,500+
iQOO15旗舰手机国家补贴游戏电竞,4199.00,,iQOO京东自营旗舰店,100283677978,"['第五代骁龙8', '5000万像', '2K三星珠峰屏', '2K三星屏']",赛道版,10万+
华为2025上市 5G新品 智选80 pro  昆仑玻璃十倍耐摔 长续航红外遥控 男女士新款手机 星空黑 12GB+512GB 官方标配【180天只换不修+三年保修+碎屏保】,2518.00,1000+,鸿福手机专营店,10183964623168,"['官方标配', '1万+人加购', '9千+手机达人加购']",星空黑 12GB+512GB,1000+
华为手机智选80pro新品5G旗舰 红外遥控 昆仑玻璃 海量双存 鸿蒙守护五星级防水抗摔巨量电池+极速快充 晨光白12+256GB 12期|免息180天只换不修+3年保修+碎屏险,3020.00,7000+,京贸手机专营店,10199103516115,"['海量内存大电池', '鸿蒙安全守护', '新品5G旗舰']",晨光白12+256GB,5000+
vivo iQOO Z10 Turbo+ 12GB+256GB 云海白 天玑9400+旗舰芯 8000mAh超薄蓝海电池 国家补贴 电竞手机,2299.00,,iQOO京东自营旗舰店,100255132148,"['防水防尘', '高像素摄像', '自研芯片Q2', '8000mAh']",云海白,20万+
华为智选新品5G手机 70plus 鸿蒙生态24期免息 智能红外线 40W巨鲸续航 抗摔防水耐用 选mate补贴80 冰晶蓝【12+256GB】 24期|免息【赠季度碎屏险+延保+蓝牙耳机】,2399.00,200+,乾诚手机专营店,10210918743839,"['新品5G手机', '智能红外遥控', '鸿蒙生态', '简约风格', '冰晶蓝色', '大气外观', '巨鲸续航', '抗摔防水']",冰晶蓝【12+256GB】,100+
HVEIAI手机1TB大内存2026全新一代超高性能全网通5G双卡7800mAh快充长续航拍照十面抗摔全国质保6年 香颂绿 16G+1TB（1024G） 官方标配,1598.00,3000+,HVEI旗舰店,10159363665698,,香颂绿,2000+
华为（HUAWEI）手机华为Mate70pro 自选北斗旗舰华为70x手机 6100mAh大电池 北斗通信 超级NFC 抗摔防尘防水 Mate 【曜金黑 512GB】 12期免息丨送三年保修+180天,3549.00,300+,美域手机专营店,10179268231950,"['大电池续航', '抗摔防尘', '防水设计', '北斗通信']",【曜金黑 512GB】,200+
HUAWEI Mate 70 Air 12GB+512GB 金丝银锦 超薄长续航 7英寸华为临境大屏 红枫原色影像 华为手机,4399.00,,华为京东自营旗舰店,100219670881,"['红枫原色影像', '高频调光', '麒麟芯片', '防水防尘']",金丝银锦,2万+
华为手机5G新品 80pro 2025新机上市 24期免息 6100mAh长续航 昆仑玻璃红外遥控华为补贴手机80pro 星空黑20GB(8+12)+256GB 12期免息【季度碎屏险+两年质保+运费,1899.00,,唯绅手机专营店,10201093522024,"['昆仑玻璃', '超长续航', '红外遥控']",星空黑20GB(8+12)+256GB,20
小米15 【国家补贴】  新品5G小米手机 白色 12GB+256GB 官方标配,3599.00,5000+,红米手机旗舰店,10147684899794,"['80万+手机达人浏览', '55万+人加购', '5千+人已买']",白色,2000+
realme真我GT8 OPPO 骁龙8至尊版 2K 144Hz高刷直屏 5000万潜望长焦 电竞游戏学生手机京东自营12+256白,2895.00,,真我realme京东自营旗舰店,100287781646,"['2K高刷直屏', '电竞独显芯片', '高清屏幕', '三防标准']",怀特·白色,5万+
荣耀Power2 12+512 幻夜黑 10080mAh青海湖电池 天玑8500 Elite 电梯信号 5G AI 长续航手机,2999.00,6000+,荣耀通讯京东自营专区,100316982510,"['10080mAh', '超长续航', '5G高速网络', 'AI户外模式']",幻夜黑,5000+
华为（HUAWEI）手机华为Mate70Pro 新机2026上市 24期免息可选 X60 Pro十面抗摔防水 6600mAh 青海湖大电池护眼屏 典雅黑 12GB+256GB 官方标配【180天只换不,2722.00,200+,麒源手机专营店,10210837435532,"['十面抗摔', '护眼屏', '大电池续航', '轻薄机身', '防水耐磨', '护眼屏幕']",典雅黑 12GB+256GB,200+
华为nova 12 Pro 256GB 曜金黑#4K超广角镜头前置6000万人像追焦双摄 100W快充手机【赠流量卡】,2199.00,2000+,中国电信京东自营旗舰店,100160993984,,曜金黑,2000+
华为（HUAWEI）nova 15 256GB 幻夜黑 麒麟8020芯片 多焦段红枫影像 鸿蒙AI 臻彩OLED直屏鸿蒙智能手机,2499.00,600+,华为移动京东自营专卖店,100310737916,"['鸿蒙AI', '直屏设计', '麒麟8020', '臻彩OLED']",幻夜黑,500+
华为（HUAWEI）华为手机mate70 Pro 24期【免息】可选 2025新机x70金标 8300mAh青海湖电池 十面抗摔 ip69防水NFC 幻夜黑 12GB+512GB [荣耀X70] 24,2599.00,300+,理妙实手机专营店,10203559321825,"['8300mAh电池', '高频PWM', '12GB内存', '5000万像素']",幻夜黑 12GB+512GB [荣耀X70],200+
华为（HUAWEI）华为手机mate70 Pro 24期【免息】可选 2025新机x70金标 8300mAh青海湖电池 十面抗摔 ip69防水NFC 月影白 12GB+512GB [荣耀X70] 12,2399.00,300+,理妙实手机专营店,10203559321821,"['ip69防水', '8300大电池', '十面抗摔NFC', '5000万像素', '12GB内存', 'OLED直屏', '三防标准', '高频PWM']",月影白 12GB+512GB [荣耀X70],200+
华为2025上市 5G新品 智选80 pro  昆仑玻璃十倍耐摔 长续航红外遥控 男女士新款手机 星空黑 12GB+512GB 官方标配【180天只换不修+三年保修+碎屏保】,2518.00,1000+,鸿福手机专营店,10183964623168,"['官方标配', '1万+人加购', '9千+手机达人加购']",星空黑 12GB+512GB,1000+
华为手机2025新机上市鸿蒙5G智选新品80Pro 手机华为 昆仑玻璃护眼屏 超窄边框防水防尘 补贴Mate80pro 星空黑 12GB+512GB 24期免息【180天只换不修+三年质保+碎屏险】,2662.00,300+,越尔庆手机专营店,10205430504877,"['轻薄机身', '防水防尘', '超窄边框', '高频PWM', '昆仑玻璃']",星空黑 12GB+512GB,200+
华为手机智选2025上市 5G新品旗舰80pro 红外遥控海量存储五星防水抗摔昆仑玻璃+玄甲机身鸿蒙生态mate 星空黑12GB+512GB 官方|标配 180天只换不修+3年质保+碎屏保,2909.00,1000+,京科手机专营店,10205027678634,"['昆仑玻璃鸿蒙守护', '5000万像素', '生活防水', 'OLED直屏']",星空黑12GB+512GB,1000+
【小米官方旗舰店】REDMI K90,2599.00,1万+,小米手机官方旗舰店,10190208183274,"['骁龙8至尊版', '7100mAh', '100W快充', '2.5X长焦镜']",黑色,1万+
华为（HUAWEI）nova 15 Pro 华为手机新品上市 麒麟9系芯片 前后红枫影像 鸿蒙AI 超动态臻彩护眼屏鸿蒙智能手机 零度白 12GB+256GB 官方标配,3449.00,400+,华为大鹏专卖店,10205546607753,,零度白,200+
vivo Y500 Pro 2亿HP5旗舰级主摄,2599.00,,vivo京东自营旗舰店,100218477411,"['天玑7400芯片', '7000mAh', 'IP68防水', 'OLED屏幕']",祥云金,2万+
华为Mate80pro版本选购24期【免息】70X 活力 2026新机上市手机华为一键北斗大电池长续航五星抗摔补贴 【曜金黑 512GB】 12期免息【180天只换不修+三年质保+碎屏险】,2568.00,200+,和质点手机专营店,10210913742941,"['五星抗摔', '一键北斗', '大电池续航', '防水防尘']",【曜金黑 512GB】,200+
华为5G智选手机 80pro新机2025上市 24期免息 6100mAh大电池 红外遥控 昆仑玻璃 华为补贴手机mate80 星海蓝 20GB(8+12)+256GB 24期白条| 365天只换不修+,3399.00,,唯绅手机专营店,10208656492483,"['红外遥控', '巨鲸续航', '昆仑玻璃']",星海蓝 20GB(8+12)+256GB,15
HONOR荣耀Power2   10080mAh青海湖电池 天玑8500 Elite 电梯信号 新品5G大内存 AI 长续航手机  12GB+256GB 雪原白 12期免息【赠30天碎屏保+2年延保】,3099.00,,优品手机通讯专营店,10211954816417,"['超1万人店内购买', '店铺被1万人种草']",12GB+256GB 雪原白,5000+
华为（HUAWEI）手机华为mate80 pro版本选购24期【免息】70X尊享版 6100mAh巨鲸长续航 麒麟8000芯片鸿蒙手机 曜金黑【512GB】 官方标配【季度碎屏险+2年质保】,2599.00,,德凯英顿手机专营店,10208391808395,"['麒麟8000芯片', '超级NFC', '大电池巨鲸续航', 'IP64防护', '简约风格', 'NFC功能', '大气外观', '巨鲸续航', '麒麟8000', '高频PWM']",曜金黑【512GB】,6
华为5G智选手机 80pro新机2025上市 24期免息 6100mAh大电池 红外遥控 昆仑玻璃 华为补贴手机mate80 星空黑 24GB(12+12)+512GB 礼包套装 | 365天只换不修,3199.00,,唯绅手机专营店,10208656492493,"['巨鲸续航', '昆仑玻璃', '防尘防水', '大电池续航', '大内存流畅', '昆仑玻璃屏', '红外遥控']",星空黑 24GB(12+12)+512GB,15
华为5G智选手机 80pro新机2025上市 24期免息 6100mAh大电池 红外遥控 昆仑玻璃 华为补贴手机mate80 晨光白 24GB(12+12)+512GB 12期白条| 365天只换不修,3499.00,,唯绅手机专营店,10208656492497,"['红外遥控', '巨鲸续航', '昆仑玻璃']",晨光白 24GB(12+12)+512GB,15
【准新机】Apple【至快次日达】苹果17promax 国行正品,10187.00,5万+,聚纹荟手机买手店,10187677543439,,17Promax  6.9英寸    星宇橙色,5000+
真我Neo8 OPPO 第五代骁龙8 大内存性价比 165Hz三星高刷屏 智能游戏拍照手机16+512白 国家补贴,3399.00,,真我realme京东自营旗舰店,100235603497,"['轻薄设计', 'OLED直屏', '潜望长焦', '8000毫安电池']",起源白,2万+
vivo iQOO 15 王者游戏电竞手机,4699.00,,iQOO京东自营旗舰店,100283677984,"['2K三星珠峰屏', '快充技术', '超清画质', '自研芯片Q3']",凌云,10万+
荣耀X70 12+512 幻夜黑 金标十面抗摔 80W无线超级快充 IP69防水 AI手机【赠话费券】国家补贴,1999.00,5万+,京东手机自营旗舰店,100257209568,"['NFC功能', '红外遥控', '荣耀最大电池', '防水防尘']",幻夜黑,2万+
华为pura80pro 手机 官方正品 现货速发,5299.00,1000+,炜东电商旗舰店,10161194027103,,釉黑,500+
iQOO Z11 Turbo 12GB+256GB 天光白 骁龙8Gen5 学生游戏手机 +9.9元赠1年碎屏险,2499.00,,iQOO京东自营旗舰店,100314140846,"['高性能处理器', '骁龙8Gen5', '天光白配色', '256GB存储']",天光白,1万+
小米REDMI Note14 金刚品质 5110mAh大电量 大光圈超感相机 8GB+128GB子夜黑 红米5G手机 国家补贴,888.00,30万+,小米京东自营旗舰店,100143837568,"['超长续航', '快速充电', '轻薄设计', '强劲性能']",子夜黑,20万+
华为 Mate 80 16GB+512GB,5499.00,,华为京东自营旗舰店,100299110308,"['AI智能', '大屏显示', '防水防尘', '超可靠玄武架构']",晨曦金,10万+
华为nova 12 Pro 256GB 曜金黑#4K超广角镜头前置6000万人像追焦双摄 100W快充手机【赠流量卡】,2199.00,2000+,中国电信京东自营旗舰店,100160993984,,曜金黑,2000+
HUAWEI Mate 80 12GB+256GB曜石黑 麒麟9020 第二代红枫影像鸿蒙AI 华为手机【赠话费券】,4699.00,1万+,京东手机自营旗舰店,100226416337,"['第二代红枫影像', '户外探索模式', '第二代昆仑玻璃', 'AI大模型', '防水防尘', 'NFC功能', '全焦段影像', '红外遥控']",曜石黑,200+
vivo S50 16GB+256GB 悠悠蓝 主摄级长焦Live 高通第三代骁龙8s 湿手秒开超声波指纹2.0 AI拍照手机,3199.00,,vivo通讯京东自营专区,100227012465,"['第三代骁龙8s', '超声波指纹', '长焦Live', '主摄级长焦']",悠悠蓝,1万+
vivo iQOO Z11 Turbo 12GB+512GB 极夜黑骁龙8Gen5 自研电竞芯片Q2 2亿大底超级主摄 学生游戏手机,2999.00,,iQOO通讯京东自营专区,100236132043,"['轻奢设计', '快充技术', '高速性能', '电竞芯片', '大内存畅享', '超清主摄']",极夜黑,2000+
华为手机新品mate70pro上市,1478.00,700+,优达数码手机店,10196101933481,"['只换不修', '400+人已买', '抗摔防水', '官方标配']",曜石黑 6GB+128GB,500+
华为新品5G手机 2025智选新机上市 80pro 24期免息 6100mAh长续航红外遥控昆仑玻璃华为补贴手机mate80 星空黑【20GB(8+12)+256GB】 豪礼套装 | 365天只换不修,2499.00,400+,德凯英顿手机专营店,10186192915497,"['红外遥控', '超长续航', '快充技术', '巨鲸续航']",星空黑【20GB(8+12)+256GB】,200+
vivo Y500 Pro 12GB+512GB 钛黑 【通讯】2亿HP5旗舰级主摄 7000mAh蓝海电池 AI影像手机,2399.00,1000+,vivo通讯京东自营专区,100225256233,"['2亿HP5主摄', '持久流畅', 'AI影像', '大气外观', '红外遥控', '7000mAh', '大容量电池', '旗舰主摄']",钛黑,1000+
华为5G智选手机华为80pro【国家补贴】2025新机上市 24期免息 6100mAh续航 十倍耐摔 补贴华为mate80 20GB(8+12)+256GB星空黑 耳机套装版【赠1年延保+季度碎屏险】,1946.00,300+,迪旺手机专营店,10211027867241,"['OLED 护眼屏', '昆仑玻璃十倍耐摔', '大电池长续航', '大容量存储', '十倍耐摔', '大屏显示', '大气外观', '超长续航', '红外遥控']",20GB(8+12)+256GB星空黑,34
HUAWEI Pura 80 Pro+ 旗舰手机  一英寸高动态主摄 个性色卡AI辅助构图 华为pura80pro+手机 现货速发 釉黑 16GB+512GB全网通 官方标配,6099.00,1000+,炜东电商旗舰店,10161195051814,,釉黑,1000+
vivo S50 16GB+512GB 深空黑 主摄级长焦Live 高通第三代骁龙8s 湿手秒开超声波指纹2.0 AI拍照手机,3399.00,,vivo通讯京东自营专区,100302941918,"['OLED直屏', '长焦拍摄', '超清主摄', '第三代骁龙8s']",深空黑,1万+
华为5G智选手机华为80pro【国家补贴】2025新机上市 24期免息 6100mAh续航 十倍耐摔 补贴华为mate80 24GB(12+12)+512GB星空黑 24期白条【赠1年延保+季度碎屏险,2886.00,300+,迪旺手机专营店,10211027867261,"['OLED 护眼屏', '昆仑玻璃十倍耐摔', '大电池长续航']",24GB(12+12)+512GB星空黑,34
华为（HUAWEI）华为手机Mate70pro 24期免息可选 2025新机X60 pro十面抗摔防水 6600mAh 大电池一亿像素 AI影像 玄武灰【12GB+256GB】[荣耀x60pro] 蓝,2262.00,300+,理妙实手机专营店,10206834951402,"['AI影像5G手机', '大电池一亿像素', '十面抗摔防水', '十面抗摔', 'AI影像', '防水设计', '12GB内存', '6600mAh', '一亿像素', 'OLED曲面']",玄武灰【12GB+256GB】[荣耀x60pro],200+
乐易X200 Pro八核纯净系统智能手机6.5英寸高清拍照长续航双卡双待256GB大内存性价比学生老人备用机 蓝色 8GB+128GB 官方标配,568.00,100+,乐易官方旗舰店,10185920620417,"['性价比长续航', '256G大内存', '6.5高清大屏']",蓝色,100+
vivo S50 12GB+256GB 告白 主摄级长焦Live 高通第三代骁龙8s 湿手秒开超声波指纹2.0 AI拍照手机,2799.00,,vivo通讯京东自营专区,100227012415,"['轻薄设计', '主摄级长焦', '长焦Live', '第三代骁龙8s']",告白,1万+
vivo S50 12GB+256GB 悠悠蓝 主摄级长焦Live 高通第三代骁龙8s 湿手秒开超声波指纹2.0 AI拍照手机,2799.00,,vivo通讯京东自营专区,100227012411,"['OLED直屏', '长焦Live', '主摄级长焦', '第三代骁龙8s']",悠悠蓝,1万+
荣耀GT 荣耀幻影引擎 第三代骁龙8 荣耀AI绿洲护眼电竞屏 12+512 幻影黑 5G AI 新款游戏手机 国家补贴,1999.00,40万+,荣耀京东自营旗舰店,100162425498,"['FHD+高清', '绿洲护眼电竞屏', 'OLED直屏', '12GB大内存']",幻影黑,2万+
华为智选手机新机2025上市5Ghi畅享80S系列【12期|免息】原装正品地震预警红外遥控抗摔防水耐用双五星 晴空蓝12G(6+6)+128G 【官方标配】+180天只换不修,899.00,1万+,好机汇手机旗舰店,10160905158187,,晴空蓝12G(6+6)+128G,1万+
华为（HUAWEI）手机华为mate70 pro可选 70X 活力版 24期免息 2026新机上市 6100mAh大电池 五星耐摔鸿蒙通信手机 冰晶蓝【512GB】 12期免息【赠1年延保+季度碎屏险,2699.00,,福购手机专营店,10205970454215,"['5000万影像', '大电池长续航', '玄甲机身五星耐摔', '曲面屏幕', '高清显示', '快充技术', '时尚机身', '大气外观', '巨鲸续航']",冰晶蓝【512GB】,21
vivo S50 16GB+512GB 告白 主摄级长焦Live 高通第三代骁龙8s 湿手秒开超声波指纹2.0 AI拍照手机,3399.00,,vivo通讯京东自营专区,100227012395,"['轻薄机身', '超声波指纹', 'AI拍照', '主摄级长焦']",告白,1万+
华为智选新品5G手机 70plus 鸿蒙生态24期免息 智能红外线 40W巨鲸续航 抗摔防水耐用 选mate补贴80 冰晶蓝【8+256GB】 12期|免息【赠季度碎屏险+延保+蓝牙耳机】,2159.00,200+,乾诚手机专营店,10210918743829,"['新品5G手机', '智能红外遥控', '鸿蒙生态']",冰晶蓝【8+256GB】,100+
一加 13 16GB+512GB 黑曜秘境 oppo 国家补贴 高通骁龙®8至尊版 6000mAh 冰川电池 智能AI游戏5G手机 京东自营,4199.00,30万+,一加手机京东自营旗舰店,100149996442,"['100万+手机达人浏览', '9千+人收藏']",黑曜秘境,20万+
OPPO Reno15 12GB+256GB 极光蓝 2亿像素 实况拼图 5G智能小直屏 学生游戏 AI拍照手机 新品国家补贴,2999.00,,OPPO京东自营旗舰店,100219066041,"['OLED直屏', '防水防尘', '运动芭蕾美学', '高频调光']",极光蓝,10万+
华为（HUAWEI）Mate70pro 24期免息可选 2026新机X60 pro十面抗摔防水 6600mAh 大电池一亿像素 AI影像 典雅黑【12GB+256GB】荣耀X60Pro 24期免息【1,2672.00,400+,理妙实手机专营店,10203572405738,"['十面抗摔防水', '大电池续航', '一亿像素AI影像', '6600毫安电池']",典雅黑【12GB+256GB】荣耀X60Pro,200+
华为nova15Pro/nova15麒麟芯片 前后红枫影像 鸿蒙AI 北斗卫星消息 超动态臻彩护眼屏 新机2025上市 nova15 幻夜黑 12GB+512GB 官方标配,2999.00,,智优选数码经营部,10207928163680,"['红枫影像', '5000万像素', 'OLED直屏', '超动态护眼', '北斗卫星消息', 'LTPO屏幕', '鸿蒙AI智慧']",nova15 幻夜黑,25
HAIUWEI手机1024G大内存5G双卡9800mAh快充大电池抗摔防水拍照 雅青 16GB运行+1TB（1024GB）内存 官方标配,1498.00,4000+,享科经营部,10153995638979,"['5万+手机达人浏览', '200+店铺粉丝浏览']",雅青,1000+
realme真我Neo8 OPPO 第五代骁龙8 165Hz三星高刷屏 5000万潜望长焦 智能AI游戏手机12+256灰 国家补贴,2599.00,,真我realme京东自营旗舰店,100314402880,"['大内存畅享', '5000万长焦', '快充续航', '轻薄便携']",机甲灰,2万+
vivo S50 12GB+256GB 深空黑 主摄级长焦Live 高通第三代骁龙8s 湿手秒开超声波指纹2.0 AI拍照手机,2999.00,,vivo京东自营旗舰店,100302941966,"['第三代骁龙8s', '超声波指纹', '主摄级长焦', 'OLED直屏']",深空黑,5万+
华为（HUAWEI）手机华为Mate70Pro 新机2026上市 24期免息可选 X60 Pro十面抗摔防水 6600mAh 青海湖大电池护眼屏 燃橙色 12GB+256GB 12期免息【180天只换,2922.00,200+,麒源手机专营店,10210837435536,"['护眼屏', '十面抗摔', '防水耐磨']",燃橙色 12GB+256GB,200+
HUAWEI Pura 80 Pro 国家补贴 新品旗舰华为手机 p80pro 一英寸主摄拍照 AI辅助构图 华为鸿蒙智能手机 釉白 12GB+512GB 官方标配,5499.00,1000+,华为大鹏专卖店,10161205549928,,釉白,500+
华为（HUAWEI）Pura 80 系列 华为p80pro/p80Ultra智能手机 红枫原色影像 【Pura80】丝绒黑 12GB+256GB 正品激活赠运费险详情咨询客服,3699.00,1000+,华鸿手机拼购店,10185644046397,"['高端设计', '高清影像', '红枫原色', '流畅运行']",【Pura80】丝绒黑,200+
华为（HUAWEI）Mate70pro 24期免息可选 2026新机X60 pro十面抗摔防水 6600mAh 大电池一亿像素 AI影像 天海清【8GB+256GB】【荣耀X60Pro】 24期免息【,2359.00,400+,理妙实手机专营店,10203572405711,"['6600毫安电池', '一亿像素AI影像', '十面抗摔防水', '大电池续航', '十面抗摔', '防水防尘', 'AI影像', '大底主摄']",天海清【8GB+256GB】【荣耀X60Pro】,200+
华为手机华为 鸿蒙系统 2025新品上市 80 双五星超耐摔 6620电池超能续航 玄甲架构Pura补贴免息80pro 天际白【512GB】 24期|免息【赠季度碎屏险+延保+蓝牙耳机】,2799.00,100+,乾诚手机专营店,10211355836144,"['巨鲸长续航', '新品鸿蒙旗舰', '玄甲架构']",天际白【512GB】,100+
华为（HUAWEI）手机2025新品上市 24期可选wikox70 大屏AI 10倍耐摔北斗通信6100mAh大电池 5G手机 补贴mate80pro 印象青【12GB+512GB】 24期免息【180天只换不修+三年质保+碎屏险】,2720.00,200+,美域手机专营店,10210098021444,,印象青【12GB+512GB】,200+
华为（HUAWEI）华为pura80 pro 24期免息可选 2025新机Power 8000mAh电池 自研C1+通讯芯片十面抗摔 防水防尘 幻夜黑 12GB+512GB 【荣耀power】 蓝牙套,3038.00,200+,理妙实手机专营店,10206920748106,"['十面抗摔防水防尘', '自研C1通讯芯片', '8000Ah电池', 'FHD+显示', '全焦段影像', '大电池续航', '十面抗摔', '防水防尘设计', 'NFC功能', 'LTPO屏幕']",幻夜黑 12GB+512GB 【荣耀power】,200+
OPPO A6 Pro 16GB+512GB 流水生金 耐用新一代 强悍更流畅 7000mAh大电池 IP69防水 5G学生智能手机,2299.00,8000+,OPPO京东自营专卖店,100270329578,"['IP69 防水', '军标测试', '时尚外观', '越级流畅双引擎']",流水生金,5000+
华为（HUAWEI）Mate70pro 24期免息可选 2026新机X60 pro十面抗摔防水 6600mAh 大电池一亿像素 AI影像 天海清【12GB+256GB】荣耀X60Pro 24期免息【1,2672.00,400+,理妙实手机专营店,10203572405735,"['6600毫安电池', '一亿像素AI影像', '十面抗摔防水', '大电池续航', '防水防摔', 'AI影像', '高频PWM', 'NFC功能', '一亿像素']",天海清【12GB+256GB】荣耀X60Pro,200+
ORPO手机官方新款上市M60 Pro 16G运行1024G 120Hz高刷7800mAh长续航大电池游戏5G全网通双卡双待 山川青 旗舰版：12G+1024G,1999.00,4000+,海威格手机通讯专营店,10180700917431,"['3年免费质保', '9千+手机达人浏览', '性价比TOP']",山川青,2000+
荣耀X70 12+512 月影白 金标十面抗摔 80W无线超级快充 IP69防水 荣耀绿洲护眼屏 AI手机 【京东快递】,1899.00,1万+,京东手机直营旗舰店,100195749051,"['OLED直屏', '抗摔耐用', '高频PWM', '80W快充']",月影白,1万+
华为手机华为 2025新机上市 70X 官方正品6100mAh巨鲸长续航地震预警北斗卫星通信超级NFC 补贴mate 雪域白【256GB】 官方标配【赠季度碎屏险+延保+蓝牙耳机】,2334.00,200+,乾诚手机专营店,10210359726914,"['北斗通信', '时尚简约', '巨鲸续航', '大内存储']",雪域白【256GB】,200+
vivo手机X300 pro 新品上市 16GB+512GB 24分期免息可选y500超抗摔护眼直屏 AI手机 16GB+512GB 龙晶紫【12GB+512GB】晒单赠蓝牙耳机 蓝牙套装版【180天,2989.00,300+,理妙实手机专营店,10207549218049,"['ip69防水', '大屏AI手机', '超抗摔护眼直屏', '防水防尘', '潜望长焦', '轻薄设计', '超抗摔屏', '护眼直屏', '超大内存']",龙晶紫【12GB+512GB】晒单赠蓝牙耳机,200+
华为（HUAWEI）2026新机上市 鸿蒙智选5G手机80Plus 双五星耐摔防水巨鲸续航红外遥控鸿蒙生态手机 补贴mate80pro 幻夜黑 12GB+256GB 12期免息【180天只换不修+三年质保+碎屏险】,1799.00,200+,越尔庆手机专营店,10211530187680,,幻夜黑 12GB+256GB,200+
OPPO Reno15 12GB+512GB,3299.00,2万+,OPPO官方旗舰店,10196534823895,"['超清影像', '高频PWM', '运动芭蕾美学', 'AI拍照']",星光蝴蝶结,2万+
华为（HUAWEI）华为手机Mate70pro 24期免息可选 2025新机X60 pro十面抗摔防水 6600mAh 大电池一亿像素 AI影像 玄武灰【12GB+512GB】荣耀x60pro 24期,3199.00,300+,理妙实手机专营店,10206834951416,"['AI影像5G手机', '大电池一亿像素', '十面抗摔防水', 'AI影像', '十面抗摔', '防水设计', 'OLED曲面', '6600mAh', '一亿像素']",玄武灰【12GB+512GB】荣耀x60pro,200+
华为手机智选80pro新品5G旗舰 红外遥控 昆仑玻璃 海量双存 鸿蒙守护五星级防水抗摔巨量电池+极速快充 晨光白12+512GB 蓝牙耳机套装版|180天只换不修+3年保修+碎屏险,3031.00,7000+,京贸手机专营店,10199103516105,"['海量内存大电池', '新品5G旗舰', '鸿蒙安全守护', '巨量电池', '昆仑玻璃', '高频PWM', '海量双存', '红外遥控', 'SGS抗摔', '高速快充']",晨光白12+512GB,5000+
HUAWV官方正品 P70Pro手机2026新款上市16+1T内存7900大电池长续航5G全网通学生老人性价比千元机快充 羽砂黑 旗舰版：12+256G 【全新未拆封+送豪华礼品+质保三年】,1799.00,400+,熊猫专营店,10151378304849,"['1千+手机达人加购', '4千+手机达人浏览']",羽砂黑,200+
荣耀畅玩70 Plus 12+256 幻夜黑 新款大屏AI 7000mAh超大电池 5G手机【赠话费券】国家补贴,1269.00,3万+,京东手机自营旗舰店,100264777540,"['大屏体验', 'AI功能方便', '耐用抗造', '超长续航']",幻夜黑,2万+
荣耀畅玩70 Plus 12+256 晓山青 新款大屏AI 7000mAh超大电池 5G手机【赠话费券】国家补贴,1269.00,3万+,京东手机自营旗舰店,100264777548,"['AI拍摄', '耐用抗造', 'AI功能方便', '超长续航']",晓山青,2万+
荣耀Power2 12+256 雪原白 10080mAh青海湖电池 天玑8500 Elite 电梯信号 5G AI 长续航手机,2699.00,6000+,荣耀通讯京东自营专区,100237543323,"['青海湖电池', 'AI智能', 'AI拍摄', 'AI户外模式']",雪原白,5000+
OPPO  Find X9 旗舰手机 4K超清实况照片 7025mAh大电池 天玑9500 旗舰手机 全网通5G 霜白 12GB+256GB,4399.00,300+,炜东电商旗舰店,10189949342378,"['1万+手机达人加购', '400+店铺粉丝浏览', '旗舰']",霜白,200+
华为手机2026上市【国家补贴】华为80 plus 智选5G新品 6620mAh电池长续航耐摔防水 华为mate补贴80pro 【24G(12+12)+512GB】雅川青 豪礼套装版【365天只换不修,2398.00,,德凯英顿手机专营店,10211119310127,"['鸿蒙AI防诈', '长续航超抗摔', '国家补贴15%', '大容量电池']",【24G(12+12)+512GB】雅川青,18
小米 REDMI K80 第三代骁龙 8 6550mAh大电池 澎湃OS 汐月蓝 12GB+256GB 红米5G手机,1999.00,100万+,小米京东自营旗舰店,100157830530,"['强劲性能', '长效续航', '高清画质', '顺畅操作']",汐月蓝,100万+
华为 nova 15 Pro 512GB 幻夜黑麒麟9系芯片前后红枫影像 6.9mm超薄机身北斗卫星消息华为手机鸿蒙系统,3749.00,,华为京东自营旗舰店,100230122901,"['100W超级快充', '超薄机身', '北斗卫星', '鸿蒙系统']",幻夜黑,2万+
华为手机华为Mate70pro 自选鸿蒙新品手机70X 活力 2025上市 一键北斗 大电池长续航 五星抗摔 补贴 【曜金黑 128GB】 蓝牙套装版【180天只换不修+三年质保+碎屏险】,1968.00,200+,泓朗手机通讯专营店,10195578631435,,【曜金黑 128GB】,200+
华为 nova 15 512GB 带感绿 麒麟8020芯片 多焦段红枫影像 鸿蒙AI 臻彩OLED直屏华为手机【赠话费券】,2799.00,1万+,京东手机自营旗舰店,100232782605,"['红枫影像', '北斗卫星图片消息', '臻彩OLED', '鸿蒙AI']",带感绿,200+
华为（HUAWEI）Mate70pro 24期免息可选 2026新机X60 pro十面抗摔防水 6600mAh 大电池一亿像素 AI影像 燃橙色【12GB+256GB】【荣耀X60Pro】 12期免息,2462.00,400+,理妙实手机专营店,10203572405731,"['6600毫安电池', '一亿像素AI影像', '十面抗摔防水', '大电池续航', 'FHD+屏幕', '十面抗摔', 'NFC功能', 'AI影像技术', '防水设计', '一亿像素']",燃橙色【12GB+256GB】【荣耀X60Pro】,200+
华为手机 华为畅享70 X 华为2026新机上市手机 尊享版 大电池长续航 五星耐摔补贴 Mate 80 星海蓝 512GB 官方标配【赠1年延保+碎屏险+运费险】,2399.00,,迪旺手机专营店,10211526122287,"['双曲五星超耐摔', '鸿蒙智慧通信', '超级NFC']",星海蓝 512GB,0
华为智选手机新机2025上市5Ghi畅享80S系列【12期|免息】原装正品地震预警红外遥控抗摔防水耐用双五星 晴空蓝12G(6+6)+128G 【官方标配】+180天只换不修,899.00,1万+,好机汇手机旗舰店,10160905158187,"['10万+人加购', '近30日人气商品', '抗摔防水']",晴空蓝12G(6+6)+128G,1万+
华为（HUAWEI）Mate70pro 24期免息可选 2026新机X60 pro十面抗摔防水 6600mAh 大电池一亿像素 AI影像 典雅黑【12GB+256GB】荣耀X60Pro 蓝牙套装版【1,2262.00,400+,理妙实手机专营店,10203572405736,"['一亿像素', '512GB存储', '大电池续航', '防水设计']",典雅黑【12GB+256GB】荣耀X60Pro,200+
华为智选新品5G手机 70plus 鸿蒙生态24期免息 智能红外线 40W巨鲸续航 抗摔防水耐用 选mate补贴80 雪域白【8+256GB】 12期|免息【赠季度碎屏险+延保+蓝牙耳机】,2159.00,200+,乾诚手机专营店,10210918743826,"['新品5G手机', '智能红外遥控', '鸿蒙生态', '时尚后摄', '简约屏幕', '大气外观', '巨鲸续航', '抗摔防水']",雪域白【8+256GB】,100+
华为 nova 15 256GB带感绿,2499.00,1万+,京东手机自营旗舰店,100310638812,"['高频调光', '北斗卫星图片消息', '5000万像素', '鸿蒙AI']",带感绿,200+
乐易2026新款M15 pro电竞游戏5G全网通智能手机全网通256GB高清大屏千百元学生价原装旗舰正品官方 黑色 12GB+128GB,608.00,100+,乐易官方旗舰店,10209055153099,"['256G大内存', '百元旗舰新机', '高清护眼大屏']",黑色,100+
荣耀400 AI 2亿超清写真人像 7200mAh青海湖大电池 12+512 海风蓝 5G AI 新款 学生 拍照手机 国家补贴,2599.00,30万+,荣耀京东自营旗舰店,100222882416,"['OLED直屏', '大电池续航', '2亿写真人像', '青海湖电池']",海风蓝,2万+
华为手机 80pro 新机2025上市 Hi智选系列 24期免息 6100mAh大电池 红外遥控 昆仑玻璃 补贴手机mate80 星空黑 24GB(12+12)+256GB 官方标配【赠1年延保+碎屏,2282.00,,唯绅手机专营店,10211413206771,"['官方原封正品', '鸿蒙安全守护', '双五星超耐摔']",星空黑 24GB(12+12)+256GB,1
华为Mate80pro版本选购24期【免息】鸿蒙新品手机70X 活力 2026上市一键北斗大电池长续航五星抗摔补贴 【曜金黑 512GB】 官方标配【180天只换不修+三年质保+碎屏险】,2368.00,300+,和质点手机专营店,10177949098519,"['五星抗摔', 'IP64防护', '大电池续航', '一键北斗']",【曜金黑 512GB】,200+
OPPO  Find X9 旗舰手机 4K超清实况照片 7025mAh大电池 天玑9500 旗舰手机 全网通5G 霜白 12GB+256GB,4399.00,300+,炜东电商旗舰店,10189949342378,"['1万+手机达人加购', '400+店铺粉丝浏览', '旗舰']",霜白,200+
华为手机新升级2026热销 卫星通信70X尊享 支持多场景NFC 电池长续航 双曲护眼屏 五星抗跌耐摔 Mate 耀金黑【512GB】 蓝牙套装版丨【3年保修+180天只换不修+碎屏险】,2946.00,700+,京琅手机专营店,10154232316490,"['北斗卫星通信', '曲面护眼屏', '五星抗跌', '多场景NFC']",耀金黑【512GB】,500+
华为（HUAWEI）华为手机Mate70pro 24期免息可选 2025新机X60 GT骁龙旗舰芯片 6300mAh青海湖电池 绿洲护眼屏 AI 钛影银 16GB+512GB【荣耀x60GT] 蓝牙套,2439.00,200+,理妙实手机专营店,10203755100946,"['骁龙旗舰芯片', '青海湖电池', '绿洲护眼屏', '大容量电池', '旗舰芯片', '高频PWM', '轻薄设计', '护眼屏幕']",钛影银 16GB+512GB【荣耀x60GT],200+
华为手机华为 新品 Nova14 鸿蒙活力系列 前后双5000万超清影像 鸿蒙安全 66W超级快充 补贴14pro 12+512GB 羽纱黑 官方标配【赠季度碎屏险+延保+蓝牙耳机】,2922.00,100+,乾诚手机专营店,10209725795185,"['新品鸿蒙旗舰', '全焦段影像', '鸿蒙安全', '优质快充', '超清影像', '前后双5千万影像', '66W超级快充']",12+512GB 羽纱黑,100+
华为（HUAWEI）2026新机上市 鸿蒙智选5G手机80Plus 双五星耐摔防水巨鲸续航红外遥控鸿蒙生态手机 补贴mate80pro 幻夜黑 12GB+256GB 12期免息【180天只换不修+三年质保+碎屏险】,1799.00,200+,越尔庆手机专营店,10211530187680,,幻夜黑 12GB+256GB,200+
华为手机5G新品 80pro 2025新机上市 24期免息 6100mAh长续航 昆仑玻璃红外遥控华为补贴手机80pro 星空黑24GB(12+12)+256GB 耳机套装【季度碎屏险+两年质保+运费,1899.00,,唯绅手机专营店,10201093522032,"['昆仑玻璃', '超长续航', '红外遥控', 'FHD+显示', '大气外观', 'OLED直屏', '星空黑色']",星空黑24GB(12+12)+256GB,20
华为（HUAWEI）手机华为Mate70pro 24期免息可选 2026新机X60 Pro十面抗摔防水耐磨 6600mAh 青海湖 大电池护眼屏 玄武灰【12GB+256GB】荣耀X60Pro 官方标,2262.00,600+,星际浩云手机专营店,10197101533423,"['十面抗摔', '6600mAh', '防水耐磨', '大电池续航', '曲面护眼屏', '轻薄机身设计', '十面抗摔防', '三防标准高']",玄武灰【12GB+256GB】荣耀X60Pro,500+
华为（HUAWEI）nova 15 512GB 幻夜黑 麒麟8020芯片 多焦段红枫影像 鸿蒙AI 臻彩OLED直屏鸿蒙智能手机,2799.00,600+,华为移动京东自营专卖店,100232856599,"['幻夜黑色', '512GB存储', '臻彩OLED', '多焦段影像']",幻夜黑,500+
HUAWEI Pura 70 Pro 华为手机p70pro 超高速风驰闪拍 超聚光微距长焦北斗卫星图片消息 华为鸿蒙智能手机 羽砂黑 12GB+512G 官方标配,4699.00,2000+,华为大鹏专卖店,10101437755239,,羽砂黑,1000+
华为（HUAWEI）手机华为Mate80 pro选购 畅享70X 活力版 24期免息 6100mAh巨鲸长续航 五星耐摔 鸿蒙补贴华为手机 雪域白【512GB】 耳机套餐【赠1年延保+季度碎屏险】,2500.00,,唯绅手机专营店,10211525140090,"['玄甲机身五星耐摔', '5000万影像', '大电池巨鲸长续航']",雪域白【512GB】,0
华为（HUAWEI）手机华为mate80 pro可选 2026新品上市华为畅享70X 尊享版 6100mAh巨鲸续航 麒麟8000鸿蒙智能手机 流沙金【512GB】 官方标配【季度碎屏险+2年质保】,2399.00,200+,福购手机专营店,10205974609288,"['大电池巨鲸续航', '麒麟8000芯片', '超级NFC', 'IP64防护', '曲面屏幕', 'NFC功能', '星海蓝色', '大气外观', '巨鲸续航', '麒麟芯片']",流沙金【512GB】,100+
华为手机5G新品 华为新机2026上市 畅享80 plus Hi智选系列 24期免息 红外遥控 玄甲架构补贴80Pro 幻夜黑【12+512】热销 12期免息【365天只换不修+碎屏险+运费险】,2299.00,,迪旺手机专营店,10211389300858,"['新品5G手机', '智能红外遥控', '双五星玄甲架构']",幻夜黑【12+512】热销,2
乐易X200 Pro八核纯净系统智能手机6.5英寸高清拍照长续航双卡双待256GB大内存性价比学生老人备用机 蓝色 8GB+128GB 官方标配,568.00,100+,乐易官方旗舰店,10185920620417,"['性价比长续航', '256G大内存', '6.5高清大屏']",蓝色,100+
华为（HUAWEI）华为手机华为Mate70pro 自选北斗通信5G手机70X 分期免息长续航双曲屏五星抗摔 鸿蒙地震预警 补贴 【雪域白 256GB】晒单礼品13选2 蓝牙耳机套餐【180天只换不修,2373.00,200+,泽盛手机专营店,10203309668492,"['北斗卫星消息', '双曲屏五星抗摔', '华为鸿蒙系统', '双曲屏设计', '北斗通信', 'IP64防护', '五星抗摔', '地震预警', '蓝牙耳机']",【雪域白 256GB】晒单礼品13选2,200+
华为（HUAWEI）Mate70pro 24期免息可选 2026新机X60 pro十面抗摔防水 6600mAh 大电池一亿像素 AI影像 玄武灰【12GB+256GB】荣耀X60Pro 蓝牙套装版【1,2262.00,400+,理妙实手机专营店,10203572405739,"['6600毫安电池', '一亿像素AI影像', '十面抗摔防水', '大电池续航', '十面抗摔', 'AI影像', '防水设计', '一亿像素']",玄武灰【12GB+256GB】荣耀X60Pro,200+
华为 nova 15 Pro 512GB 幻夜黑 麒麟9系前后红枫影像鸿蒙AI超动态臻彩护眼屏昆仑玻璃【京东快递】,3699.00,2000+,京东手机直营旗舰店,100310722700,"['轻薄设计', 'AI护眼', '高频调光', '大内存储']",幻夜黑,1000+
华为智选新机2026上市5G手机hi Nova12se系列热销榜nova15可选1亿像素千元机官方原装正品自拍美肤NFC 雪域白 256G 官方标配,1088.00,3000+,好机汇手机旗舰店,10192981593190,"['自拍美肤功能', '2万+手机达人浏览']",雪域白,2000+
2025新品上市 华为Pura80pro选购,1628.00,600+,乾诚手机专营店,10209336941043,"['OLED直屏', '玄甲架构', '抗摔认证', '巨鲸长续航']",曜金黑【256GB】,500+
小米（MI）REDMI Note15 Pro+卫星消息版 第四代骁龙7s 7000mAh 龙晶玻璃 IP68 16+512 子夜黑 红米 5G手机,2199.00,,小米京东自营旗舰店,100200659601,"['IP68防护', '卫星消息', '十倍抗摔', '龙晶玻璃']",子夜黑卫星版,5万+
华为智选手机5G新机2026上市Nova 12 SE【24期|免息】hi系列热销榜自拍美肤NFC一亿像素官方原装正品 雪域白512GB 官方标配,1776.67,6000+,好机汇手机旗舰店,10209807221166,"['支持NFC', '一亿像素', '3200万前置', 'FHD+屏幕', 'OLED直屏', '大气三防', '雪域白色', '自拍美肤', 'NFC功能']",雪域白512GB,5000+
【补贴秒杀】HUERIAI智选60Pro 5G手机 512GB超薄大屏AI 7000毫安旗舰游戏高刷,699.00,5000+,HUERI智趣专卖店,10195645049388,,翡翠绿【补贴秒杀 | 今日特价】,2000+
华为智选新品5G手机 70plus 鸿蒙生态24期免息 智能红外线 40W巨鲸续航 抗摔防水耐用 选mate补贴80 雪域白【12+256GB】 24期|免息【赠季度碎屏险+延保+蓝牙耳机】,2399.00,200+,乾诚手机专营店,10210918743836,"['新品5G手机', '智能红外遥控', '鸿蒙生态', '256GB存储', '简约风格', '大气外观', '巨鲸续航', '抗摔防水', 'LCD屏幕']",雪域白【12+256GB】,100+
小米 REDMI Note15 Pro+ 16+512,2199.00,,小米京东自营旗舰店,100309673064,"['1.5K屏幕', '5000万像素', '7000mAh电池', 'IP68防水防尘']",摩卡棕,5万+
vivo iQOO 15 16GB+512GB 凌云 第五代骁龙8至尊版 2K 三星珠峰屏 国家补贴 iqoo15游戏电竞手机,4999.00,,iQOO京东自营旗舰店,100210928613,"['自研芯片Q3', '2K三星屏', '钛色系外观', '超清5000万']",凌云,10万+
华为（HUAWEI）手机华为Mate70Pro 24期免息可选 2025新机X70金标十面抗摔 8300mAh青海湖电池 IP69防水 护眼 朱砂红 12GB+256GB【荣耀X70】 24期免息【1,2399.00,200+,源士森手机小店,10211543007936,,朱砂红 12GB+256GB【荣耀X70】,200+
【国家补贴】荣耀300 Ultra,2699.00,5万+,荣耀京东自营旗舰店,100159822748,"['超清成像', '流畅体验', '高效运算', '超声波指纹']",墨岩黑,2万+
华为5G智选手机 80pro新机2025上市 24期免息 6100mAh大电池 红外遥控 昆仑玻璃 华为补贴手机mate80 星空黑 20GB(8+12)+256GB 24期白条| 365天只换不修+,3399.00,,唯绅手机专营店,10208656492477,"['昆仑玻璃', 'FHD+屏幕', 'IP64防护', '红外遥控', '巨鲸续航', '26-49W快充', '6.6英寸大屏', '6100mAh电池']",星空黑 20GB(8+12)+256GB,15
华为（HUAWEI）手机华为Mate70Pro 24期免息可选X60 Pro 第五代骁龙8至尊版 2亿超夜神长焦 双3D解锁 5G AI手机 燃橙色 12GB+256GB【荣耀X60Pro】 12期免,2462.00,300+,越尔庆手机专营店,10201841689554,"['大底主摄', '燃橙色彩', 'OLED曲面', '高频PWM', '双3D解锁']",燃橙色 12GB+256GB【荣耀X60Pro】,200+
小米（MI）REDMI Note15 Pro+ 第四代骁龙7s 7000mAh 龙晶玻璃十倍抗摔 IP68防水 16+512 烟霞紫 红米 5G手机,2199.00,,小米京东自营旗舰店,100265421108,"['16+512大内存', '高频PWM', '第四代骁龙7s', 'IP68防水']",烟霞紫,5万+
华为（HUAWEI）手机华为Mate70Pro 新机2026上市 24期免息可选 X60 Pro十面抗摔防水 6600mAh 青海湖大电池护眼屏 燃橙色 8GB+256GB 官方标配【180天只换不修,2419.00,200+,麒源手机专营店,10210837435523,"['护眼屏', '十面抗摔', '大电池续航', '轻薄机身', '防水耐磨', '护眼屏幕']",燃橙色 8GB+256GB,200+
华为手机华为Mate70pro 自选鸿蒙新品手机70X 活力 2025上市 一键北斗 大电池长续航 五星抗摔 补贴 【曜金黑 512GB】 24期免息【180天只换不修+三年质保+碎屏险】,2768.00,200+,泓朗手机通讯专营店,10195578631455,"['五星抗摔', '防水防尘', 'OLED显示', '巨鲸续航', '曲面屏幕', '纯血鸿蒙']",【曜金黑 512GB】,200+
华为nova15Pro/nova15麒麟芯片 前后红枫影像 鸿蒙AI 北斗卫星消息 超动态臻彩护眼屏 新机2025上市 nova15 幻夜黑 12GB+256GB 官方标配,2699.00,,智优选数码经营部,10207928163677,"['LTPO屏幕', '红枫影像', '鸿蒙AI', '高频PWM']",nova15 幻夜黑,25
华为新品5G手机 华为畅享80 S 24期免息 华为智选2025新机上市鸿蒙生态耐摔防水华为补贴手机70pro 珍珠白12GB(6+6)+128GB 官方标配【季度碎屏险+两年质保+运费险】,1389.00,1000+,德凯英顿手机专营店,10203500003478,"['轻薄设计', '防水防尘', '鸿蒙系统', '天玑芯片']",珍珠白12GB(6+6)+128GB,1000+
vivo Y300t 12GB+512GB 海蓝 国家补贴 超薄蓝海电池 天玑7300长久流畅芯 拍照 AI手机【移动补贴】,1699.00,2万+,中国移动京东自营旗舰店,100205029286,"['长久流畅', 'AI拍照', '全功能NFC', '军工级耐用品质']",海蓝,1万+
华为 nova 15 Pro 256GB 幻夜黑 麒麟9系前后红枫影像鸿蒙AI超动态臻彩护眼屏昆仑玻璃【京东快递】,3449.00,2000+,京东手机直营旗舰店,100232845541,"['红外遥控', '高频PWM', '红枫影像', 'AI护眼']",幻夜黑,1000+
华为（HUAWEI）华为手机Mate70pro 24期免息可选 2025新机X60 pro十面抗摔防水 6600mAh 大电池一亿像素 AI影像 典雅黑【12GB+256GB】荣耀x60pro 24期,2662.00,300+,理妙实手机专营店,10206834951413,"['AI影像5G手机', '大电池一亿像素', '十面抗摔防水', '大内存储', '十面抗摔', 'AI影像', '防水设计', '6600mAh', '一亿像素', 'OLED曲面']",典雅黑【12GB+256GB】荣耀x60pro,200+
华为（HUAWEI）nova 15 华为手机新品上市 麒麟8020芯片 多焦段红枫影像 鸿蒙AI 臻彩OLED直屏鸿蒙智能手机 幻夜黑 12GB+256GB 官方标配,2699.00,900+,华为大鹏专卖店,10205546013078,"['多焦段红枫影像', '麒麟8020芯片', '北斗卫星图片消息', '麒麟8020芯']",幻夜黑,500+
华为智选新机2025上市5G手机80Pro新品hi畅享 昆仑玻璃十倍耐摔6100mAh续航红外遥控mate补贴鸿蒙生态 星空黑 24G(12+12)+512G 官方标配+365天只换不修,1749.00,5000+,好机汇手机旗舰店,10167439207579,"['鸿蒙生态', '大电量长续航', '智能红外遥控', '防水防尘']",星空黑,2000+
OPPOFind X8 无影抓拍 超轻薄直屏 AI智能拍照一键问屏手机 星野黑 12GB+256GB 原机+3C配件,2489.00,400+,亿万手机数码经营部,10165177024268,"['超高速无影抓拍', 'AI千里长焦', '天玑9400芯', 'FHD+显示', 'AI智能拍照', '红外遥控', '超轻薄直屏', '无影抓拍', '天玑9400']",星野黑,200+
华为（HUAWEI）手机华为Pura80pro 24期免息可选 2025新机Power 8000mAh电池 自研C1+通讯芯片 十面抗摔 幻夜黑 8GB+256GB【荣耀power】 官方标配【180,2469.00,500+,星际浩云手机专营店,10198363070775,"['青海湖电池', '自研通讯芯', '高频PWM', '大电池续航']",幻夜黑 8GB+256GB【荣耀power】,200+
华为畅享 80 8+256 曜金黑,1149.00,8万+,京东手机自营旗舰店,100167328313,"['5000万像素', '高清拍摄', '玄甲架构', '双五星超耐摔']",曜金黑,2万+
华为Mate60 手机 mate60pro国行手机旗舰鸿蒙智能AI手机麒麟芯片正品国行pro补贴智能 mate60Pro【雅丹黑】 12G+256G 支持7天试用赠送适配充电器,3489.00,8000+,潮机社手机优选拼购店,10190139635870,"['OLED直屏', '鸿蒙系统', '低价特卖', '现货速发']",mate60Pro【雅丹黑】,2000+
华为nova 15 新品手机 麒麟8020芯片 多焦段红枫影像 鸿蒙AI 华为nova15手机 官方正品 幻夜黑 12GB+256GB全网通 官方标配,2549.00,500+,炜东电商旗舰店,10204834650518,"['鸿蒙AI', '北斗卫星消息', '官方正品', '高频PWM']",幻夜黑,200+
华为（HUAWEI）华为手机Mate70pro 24期免息可选 2025新机X60 pro十面抗摔防水 6600mAh 大电池一亿像素 AI影像 燃橙色【12GB+256GB】荣耀x60pro 蓝牙套,2262.00,300+,理妙实手机专营店,10206834951417,"['AI影像5G手机', '大电池一亿像素', '十面抗摔防水', 'AI影像', '十面抗摔', 'OLED曲面', '6600mAh', '防水设计', '一亿像素']",燃橙色【12GB+256GB】荣耀x60pro,200+
华为nova 15 新品手机 麒麟8020芯片 多焦段红枫影像 鸿蒙AI 臻彩OLED直屏鸿蒙智能手机 幻夜黑 12GB+256GB全网通,2699.00,500+,华为京臻选专卖店,10205532557712,"['红枫影像', '100W超级快充', '北斗卫星图片消息', '大气外观']",幻夜黑,200+
vivo Y300t 超长续航,1299.00,9万+,vivo京东自营旗舰店,100195576176,"['全功能NFC', 'AI智能', 'FHD+屏幕', '天玑7300']",海蓝,5万+
华为（HUAWEI）手机华为Mate70Pro 新机2026上市 24期免息可选 X60 Pro十面抗摔防水 6600mAh 青海湖大电池护眼屏 燃橙色 12GB+256GB 官方标配【180天只换不,2722.00,200+,麒源手机专营店,10210837435535,"['十面抗摔', '护眼屏', '防水耐磨', '曲面护眼屏', '大电池续航', '高频调光', '轻薄三防', '燃橙色彩']",燃橙色 12GB+256GB,200+
vivo X300 16GB+512GB 纯粹黑【通讯】 蔡司2亿超级主摄 蔡司APO超级长焦 拍照 AI手机,5299.00,1000+,vivo通讯京东自营专区,100292349442,"['NFC功能', 'OLED直屏', '持久流畅', '蔡司长焦']",纯粹黑,1000+
华为（HUAWEI）Mate80pro版本选购24期【免息】70X 分期免息 长续航 双曲屏五星抗摔鸿蒙预警北斗通信5G手机 补贴 【曜金黑 512GB】 12期免息丨送三年保修+180天只换不修+碎,3549.00,200+,美域手机专营店,10210913752227,,【曜金黑 512GB】,200+
华为（HUAWEI）华为手机Mate70pro 24期免息可选 2025新机X60 pro十面抗摔防水 6600mAh 大电池一亿像素 AI影像 天海清【8GB+256GB】[荣耀x60pro] 蓝牙,1959.00,300+,理妙实手机专营店,10206834951384,"['AI影像5G手机', '大电池一亿像素', '十面抗摔防水', 'FHD+屏幕', '十面抗摔', 'AI影像', '防水设计', '6600mAh', '8GB内存', '一亿像素']",天海清【8GB+256GB】[荣耀x60pro],200+
华为（HUAWEI）华为手机Mate70pro 24期免息可选 2025新机X60 pro十面抗摔防水 6600mAh 大电池一亿像素 AI影像 典雅黑【12GB+256GB】[荣耀x60pro] 蓝,2262.00,300+,理妙实手机专营店,10206834951399,"['AI影像5G手机', '大电池一亿像素', '十面抗摔防水', '十面抗摔', 'AI影像', '防水设计', '6600mAh', '一亿像素', 'OLED曲面']",典雅黑【12GB+256GB】[荣耀x60pro],200+
华为（HUAWEI）手机华为Mate70Pro 新机2026上市 24期免息可选 X70i 一亿像素 AI拍照键 大屏AI 高亮OLED护眼屏幕 绒黑色 12GB+512GB 24期免息【180天只换,3199.00,200+,麒源手机专营店,10210901254264,"['大屏AI', '超轻薄长续航', '一亿像素拍照']",绒黑色 12GB+512GB,200+
HUMEAI手机1TB超大内存9800mAh快充长续航骁龙888学生电竞老人AI智能拍照  全新 黑色 16GB运行+1TB (1024GB)内存 官方标配,1998.00,1000+,HUMEAI旗舰店,10162377762460,"['6400W拍照', '热销榜第1名', '1TB大内存', '6400万像']",黑色,1000+
荣耀X70 12+512 朱砂红 金标十面抗摔 80W无线超级快充 IP69防水 荣耀绿洲护眼屏 AI手机【京东快递】,1899.00,1万+,京东手机直营旗舰店,100257938642,"['十面抗摔', '512GB大存', '高频PWM', 'OLED直屏']",朱砂红,1万+
