评论,分数,产品,名字,评论ID,清洗后评论,分词后评论,来源文件,情感分值,情感倾向
真的很喜欢，完全超出期望值，发货速度非常快，包装非常仔细、严实，运送速度很快，很满意的一次购物这质量真是太意外了，实物美美哒，触感很好，很推荐哦~,5,已购 幻夜黑 12GB+256GB,谭小小吖,0,真的很喜欢完全超出期望值发货速度非常快包装非常仔细严实运送速度很快很满意的一次购物这质量真是太意外了实物美美哒触感很好很推荐哦,真的 喜欢 完全 超出 期望值 发货 速度 非常 包装 非常 仔细 严实 运送 速度 很快 满意 一次 购物 质量 真是太 意外 实物 美美 触感 推荐,商品9.csv,1.0,正向
"目前情况良好，我是跑外卖的，跑一天晚上回去剩35％的电，所以说挺好用的，续航能力强的，
外形外观：看起来换不错，
屏幕音效：一般
拍照效果：有抓拍功能
待机时间：续航能力强",5,已购 幻夜黑 12GB+256GB,大***L,1,"目前情况良好我是跑外卖的跑一天晚上回去剩的电所以说挺好用的续航能力强的
外形外观看起来换不错
屏幕音效一般
拍照效果有抓拍功能
待机时间续航能力强",目前 情况 良好 外卖 一天 晚上 回去 所以 挺好用 续航 能力 外形 外观 看起来 不错 屏幕 音效 一般 拍照 效果 抓拍 功能 待机时间 续航 能力,商品9.csv,1.0,正向
声音很大，给老爸买的完全够用。手感也不错。第一个也是荣耀手机用了5年，品质没的说。屏幕清晰，系统流程，内存足够。老年人用很好。还有国补，划算,5,已购 幻夜黑 8GB+128GB,jd89ome321,2,声音很大给老爸买的完全够用手感也不错第一个也是荣耀手机用了年品质没的说屏幕清晰系统流程内存足够老年人用很好还有国补划算,声音 很大 老爸 完全 够用 手感 不错 第一个 荣耀 手机 品质 屏幕 清晰 系统 流程 内存 足够 老年人 还有 国补 划算,商品9.csv,1.0,正向
续航真的强，一天一充完全够用，屏幕清晰，用着很流畅。手机手感好，反应快，拍照清晰，外观简约大气，续航和抗摔都很顶，这个价位很值。性价比很高，满意！,5,已购 幻夜黑 8GB+128GB,华仔1124,3,续航真的强一天一充完全够用屏幕清晰用着很流畅手机手感好反应快拍照清晰外观简约大气续航和抗摔都很顶这个价位很值性价比很高满意,续航 真的 一天 一充 完全 够用 屏幕 清晰 流畅 手机 手感 反应 拍照 清晰 外观 简约 大气 续航 这个 价位 很值 性价比 满意,商品9.csv,1.0,正向
"京东手机送货快，价格与官网同步，品质有保障，搭载8300mAh超大容量电池，在同价位机型中续航表现突出，可满足重度使用需求，减少频繁充电的烦恼。
​
2.&nbsp;耐用性设计
主打十面抗摔特性，机身结构经过强化处理，日常使用中更耐磕碰、跌落，适合注重设备耐用性的人群。
​
3.&nbsp;网络体验
明确支持5G网络，能够提供更快的下载、更低的延迟，适配当下高速网络场景与多任务并行的使用需求。",5,已购 竹韵青 12GB+256GB,hangzhixiong,4,"京东手机送货快价格与官网同步品质有保障搭载超大容量电池在同价位机型中续航表现突出可满足重度使用需求减少频繁充电的烦恼

耐用性设计
主打十面抗摔特性机身结构经过强化处理日常使用中更耐磕碰跌落适合注重设备耐用性的人群

网络体验
明确支持网络能够提供更快的下载更低的延迟适配当下高速网络场景与多任务并行的使用需求",京东 手机 送货 价格 官网 同步 品质 保障 搭载 超大 容量 电池 同价位 机型 续航 表现 突出 满足 重度 使用 需求 减少 频繁 充电 烦恼 耐用性 设计 主打 十面 特性 机身 结构 经过 强化 处理 日常 使用 磕碰 跌落 适合 注重 设备 耐用性 人群 网络 体验 明确 支持 网络 能够 提供 更快 下载 延迟 适配 当下 高速 网络 场景 多任务 并行 使用 需求,商品9.csv,1.0,正向
这款手机真的绝了！销量高磨砂质感拿在手里超舒服，金属边框设计高级感满满，保护性也超强，摔了好几次都没事。背面的摄像头模组防护得刚刚好，细节满分！简直完美，颜值党狂喜！强烈推荐！,5,已购 竹韵青 8GB+128GB,jd_186605430,5,这款手机真的绝了销量高磨砂质感拿在手里超舒服金属边框设计高级感满满保护性也超强摔了好几次都没事背面的摄像头模组防护得刚刚好细节满分简直完美颜值党狂喜强烈推荐,手机 真的 销量 磨砂 质感 手里 舒服 金属 边框 设计 高级 满满 保护性 超强 几次 没事 背面 摄像头 模组 防护 刚刚 细节 满分 简直 完美 颜值 狂喜 强烈推荐,商品9.csv,0.9998,正向
"手机收到了，包装的很好👌这个红色很高级，老妈很喜欢。
运行速度：使用简单，运行也很流畅，适合老人使用。
待机时间：待机时间很长，可以几天一充。价格也很实惠！",5,已购 朱砂红 8GB+128GB,j***c,6,"手机收到了包装的很好这个红色很高级老妈很喜欢
运行速度使用简单运行也很流畅适合老人使用
待机时间待机时间很长可以几天一充价格也很实惠",手机 收到 包装 这个 红色 高级 老妈 喜欢 运行 速度 使用 简单 运行 流畅 适合 老人 使用 待机时间 待机时间 很长 可以 几天 一充 价格 实惠,商品9.csv,1.0,正向
这款荣耀x70手机已经购买了一段时间了，也已经使用了一段时间才来这里评价的，这部手机是给自己父亲买的，经过家人这一段时间的使用总体来说都挺好的也都挺不错的，各项功能也都挺均衡的，给家人使用平时光刷刷抖音足足的够用了，京东商城也都挺好的棒棒哒666666,5,已购 幻夜黑 8GB+128GB,j***g,7,这款荣耀手机已经购买了一段时间了也已经使用了一段时间才来这里评价的这部手机是给自己父亲买的经过家人这一段时间的使用总体来说都挺好的也都挺不错的各项功能也都挺均衡的给家人使用平时光刷刷抖音足足的够用了京东商城也都挺好的棒棒哒,荣耀 手机 已经 购买 一段时间 已经 使用 一段时间 这里 评价 部手机 自己 父亲 经过 家人 一段时间 使用 总体 来说 挺不错 各项 功能 均衡 家人 使用 平时 刷刷 抖音 足足 够用 京东 商城 棒棒,商品9.csv,1.0,正向
手机收到了，很好很喜欢这荣耀X70简直是我的掌上&ldquo;小鲜肉&rdquo;，拿在手里轻巧又顺手，屏幕亮得像会发光的糖果，拍照也超清晰，自拍都美到想发朋友圈。包装精致得像送礼用的，快递速度还快得飞起！下次换机还得选它，稳了！,5,已购 月影白 8GB+128GB,tp3s7tmfa981b5,8,手机收到了很好很喜欢这荣耀简直是我的掌上小鲜肉拿在手里轻巧又顺手屏幕亮得像会发光的糖果拍照也超清晰自拍都美到想发朋友圈包装精致得像送礼用的快递速度还快得飞起下次换机还得选它稳了,手机 收到 喜欢 荣耀 简直 掌上 鲜肉 手里 轻巧 顺手 屏幕 亮得 发光 糖果 拍照 清晰 自拍 美到 想发 朋友圈 包装 精致 送礼 快递 速度 飞起 下次 换机,商品9.csv,1.0,正向
手机整体使用体验非常出色，外放声音清晰洪亮，待机时间持久，日常使用完全不用担心电量问题。操作流畅不卡顿，自拍效果自然好看，成像质量令人满意。快递包装严实，配送迅速，服务周到，值得推荐。,5,已购 幻夜黑 8GB+256GB,曦***T,9,手机整体使用体验非常出色外放声音清晰洪亮待机时间持久日常使用完全不用担心电量问题操作流畅不卡顿自拍效果自然好看成像质量令人满意快递包装严实配送迅速服务周到值得推荐,手机 整体 使用 体验 非常 出色 外放 声音 清晰 洪亮 待机时间 持久 日常 使用 完全 不用 担心 电量 问题 操作 流畅 不卡顿 自拍 效果 自然 好看 成像 质量 令人满意 快递 包装 严实 配送 迅速 服务周到 值得 推荐,商品9.csv,1.0,正向
荣耀X70 12+512幻夜黑质感高级，金标十面抗摔+IP69防水超耐用，80W无线快充回血快，绿洲护眼屏舒适不伤眼，AI流畅好用，大内存够用很久，享国家补贴性价比拉满，入手超值！,5,已购 幻夜黑 12GB+512GB,yilei,10,荣耀 幻夜黑质感高级金标十面抗摔防水超耐用无线快充回血快绿洲护眼屏舒适不伤眼流畅好用大内存够用很久享国家补贴性价比拉满入手超值,荣耀 夜黑 质感 高级 金标 十面 防水 耐用 无线 快充 回血快 绿洲 护眼 舒适 伤眼 流畅 好用 内存 够用 很久享 国家补贴 性价比 拉满 入手 超值,商品9.csv,1.0,正向
当天买下午就到了，非常快， 给老爸买的，屏幕大看着很方便，看这很细腻，系统还可以流畅的，拍照还可以，就是因为电池很大选择了这个手机，很好的一个手机,5,已购 幻夜黑 12GB+256GB,E***y,12,当天买下午就到了非常快 给老爸买的屏幕大看着很方便看这很细腻系统还可以流畅的拍照还可以就是因为电池很大选择了这个手机很好的一个手机,当天 下午 非常 老爸 屏幕 看着 方便 细腻 系统 可以 流畅 拍照 可以 就是 因为 电池 很大 选择 这个 手机 一个 手机,商品9.csv,0.9999,正向
物流速度很快，前一天购买第2天就到了，而且包装完好，里面的手机有拿了这个泡沫装的，没有任何破损，是给家里父母买的。父母收到之后也对于外观，还有这个型号都很喜欢，也是不错的购物体验,5,已购 幻夜黑 12GB+256GB,超级无敌大怪兽1,13,物流速度很快前一天购买第天就到了而且包装完好里面的手机有拿了这个泡沫装的没有任何破损是给家里父母买的父母收到之后也对于外观还有这个型号都很喜欢也是不错的购物体验,物流 速度 很快 前一天 购买 第天 而且 包装 完好 里面 手机 这个 泡沫 没有 任何 破损 家里 父母 父母 收到 之后 对于 外观 还有 这个 型号 喜欢 不错 购物 体验,商品9.csv,0.9999,正向
这个价位，这个质量，确实是性价比拉满，第二次购买了，买给爸爸妈妈长辈，非常合适，一千多，真的还要什么自行车，同价位几乎已经是无敌的存在，运行流畅，屏幕也大,5,已购 幻夜黑 12GB+256GB,eeh0hm5553krrd,14,这个价位这个质量确实是性价比拉满第二次购买了买给爸爸妈妈长辈非常合适一千多真的还要什么自行车同价位几乎已经是无敌的存在运行流畅屏幕也大,这个 价位 这个 质量 确实 性价比 拉满 第二次 购买 爸爸妈妈 长辈 非常 合适 一千多 真的 还要 什么 自行车 同价位 几乎 已经 无敌 存在 运行 流畅 屏幕,商品9.csv,1.0,正向
质量挺好的，发货也快的，给长辈用的，很好，选的是黑色的，很大气，屏幕也很清晰，容量也够大，而且价格也很合算，不错，给五星。,5,已购 幻夜黑 12GB+256GB,jdleezh2,15,质量挺好的发货也快的给长辈用的很好选的是黑色的很大气屏幕也很清晰容量也够大而且价格也很合算不错给五星,质量 发货 长辈 黑色 很大 屏幕 清晰 容量 而且 价格 合算 不错 五星,商品9.csv,1.0,正向
大品牌，很亮，还很好用，质量不错的，外观也很时尚，各方面都可以，反正挺满意的！京东配送上门的服务质量特别好！这个价格，对比这个质量，非常满意！,5,已购 幻夜黑 12GB+256GB,在劫可逃,16,大品牌很亮还很好用质量不错的外观也很时尚各方面都可以反正挺满意的京东配送上门的服务质量特别好这个价格对比这个质量非常满意,品牌 很亮 质量 不错 外观 时尚 方面 可以 反正 满意 京东 配送 上门 服务质量 特别 这个 价格 对比 这个 质量 非常 满意,商品9.csv,1.0,正向
运行流畅，送货速度快外观漂亮，手感很好，唤醒速度快，游戏流畅，包装完好送货小哥服务态度好，拍照效果色彩鲜艳生动，软件启动快流畅,5,已购 幻夜黑 12GB+256GB,jd127002fww礼,17,运行流畅送货速度快外观漂亮手感很好唤醒速度快游戏流畅包装完好送货小哥服务态度好拍照效果色彩鲜艳生动软件启动快流畅,运行 流畅 送货 速度 外观 漂亮 手感 唤醒 速度 游戏 流畅 包装 完好 送货 小哥 服务态度 拍照 效果 色彩鲜艳 生动 软件 启动 流畅,商品9.csv,1.0,正向
给老爸买的，屏幕大，电池大，运行流畅，一千多的手机物超所值，自己用的荣耀魔术8，荣耀的忠实粉，相信荣耀，信任京东。,5,已购 幻夜黑 12GB+256GB,别撩_我是你大叔,18,给老爸买的屏幕大电池大运行流畅一千多的手机物超所值自己用的荣耀魔术荣耀的忠实粉相信荣耀信任京东,老爸 屏幕 电池 运行 流畅 一千多 手机 物超所值 自己 荣耀 魔术 荣耀 忠实 相信 荣耀 信任 京东,商品9.csv,1.0,正向
"手机质量好，颜值担当，操作界面简单顺畅又丝滑
充一次电老年人能用两三天，刷抖音啥的都不卡，感觉物超所值。",5,已购 幻夜黑 12GB+256GB,高爱与自由,19,"手机质量好颜值担当操作界面简单顺畅又丝滑
充一次电老年人能用两三天刷抖音啥的都不卡感觉物超所值",手机 质量 好颜值 担当 操作界面 简单 顺畅 一次 老年人 两三天 刷抖音 不卡 感觉 物超所值,商品9.csv,0.9999,正向
货已收到，包装完好无损，在学习中，运行速度比较快，颜值高，手感不错，操作顺畅，在使用过程中看看性能测试如何再评,5,已购 幻夜黑 12GB+256GB,u_dubmgpnus91c,20,货已收到包装完好无损在学习中运行速度比较快颜值高手感不错操作顺畅在使用过程中看看性能测试如何再评,货已 收到 包装 完好无损 学习 运行 速度 比较 快颜值 高手 不错 操作 顺畅 使用 过程 看看 性能 测试 如何 再评,商品9.csv,0.9999,正向
快递到的很快，包装很好，没有破损，手机用起来很流畅，拍照很清晰，像素很高，充电很快，充满电可以使用很久，运行速度也很快，操作顺畅，值得购买！,5,已购 竹韵青 12GB+256GB,u***m,21,快递到的很快包装很好没有破损手机用起来很流畅拍照很清晰像素很高充电很快充满电可以使用很久运行速度也很快操作顺畅值得购买,快递 很快 包装 没有 破损 手机 起来 流畅 拍照 清晰 像素 充电 很快 充满 可以 使用 运行 速度 很快 操作 顺畅 值得 购买,商品9.csv,1.0,正向
"这款手机像素清楚，国补到手价很划算，充电速度快，阳光明媚下也能看清楚,电池大，摄影效果好，非常喜欢这个产品 值得推荐一下
以旧换新：好
屏幕音效：好
拍照效果：还不错
外形外观：外观设计大气优雅典雅高贵大方时尚",5,已购 幻夜黑 8GB+256GB,蕾蕾逛京,22,"这款手机像素清楚国补到手价很划算充电速度快阳光明媚下也能看清楚电池大摄影效果好非常喜欢这个产品 值得推荐一下
以旧换新好
屏幕音效好
拍照效果还不错
外形外观外观设计大气优雅典雅高贵大方时尚",手机 像素 清楚 国补 到手 划算 充电 速度 阳光明媚 看清楚 电池 摄影 效果 非常 喜欢 这个 产品 值得 推荐 一下 以旧换新 屏幕 音效 拍照 效果 不错 外形 外观 外观设计 大气 优雅 典雅 高贵 大方 时尚,商品9.csv,1.0,正向
"拍摄效果：5000万像素主摄，夜景模式表现出色，人像模式虚化效果特别自然，色彩还原真实不偏色，加入OIS光学防抖
赠品：赠送黑色手机壳，自带膜
适用场景：适合日常使用，适合看短剧，适合带娃出游，适合玩漂流，适合户外工作场景",5,已购 幻夜黑 8GB+128GB,Amadeu4,23,"拍摄效果万像素主摄夜景模式表现出色人像模式虚化效果特别自然色彩还原真实不偏色加入光学防抖
赠品赠送黑色手机壳自带膜
适用场景适合日常使用适合看短剧适合带娃出游适合玩漂流适合户外工作场景",拍摄 效果 像素 主摄 夜景 模式 表现出色 人像 模式 虚化 效果 特别 自然 色彩 还原 真实 偏色 加入 光学 防抖 赠品 赠送 黑色 手机 自带 适用 场景 适合 日常 使用 适合 短剧 适合 带娃 出游 适合 漂流 适合 户外工作 场景,商品9.csv,0.9993,正向
"屏幕音效：声音正常心正红
拍照效果：拍照清晰
运行速度：内存够大，运行不卡顿
待机时间：电池大，人省电模老人七可用七四天以式
其他特色：发货迅速，包装完好

外形外观：买的红色的，非常漂亮，屏幕也很大某柴杠的",5,已购 朱砂红 12GB+256GB,小小毛毛蟲,24,"屏幕音效声音正常心正红
拍照效果拍照清晰
运行速度内存够大运行不卡顿
待机时间电池大人省电模老人七可用七四天以式
其他特色发货迅速包装完好

外形外观买的红色的非常漂亮屏幕也很大某柴杠的",屏幕 音效 声音 正常 心正红 拍照 效果 拍照 清晰 运行 速度 内存 运行 不卡顿 待机时间 电池 大人 省电模 老人 可用 四天 以式 其他 特色 发货 迅速 包装 完好 外形 外观 红色 非常 漂亮 屏幕 很大 柴杠,商品9.csv,1.0,正向
以旧换新：实惠，用了几年，刚好换新活动，机子不错，大气，漂亮，又可以用多几年，12+512，性能强劲。色彩艳丽，充电快，待机时间长。,5,已购 幻夜黑 12GB+512GB,jd_135103ydu,25,以旧换新实惠用了几年刚好换新活动机子不错大气漂亮又可以用多几年性能强劲色彩艳丽充电快待机时间长,以旧换新 实惠 几年 刚好 活动 机子 不错 大气 漂亮 可以 几年 性能 强劲 色彩艳丽 充电 待机时间,商品9.csv,1.0,正向
幻夜黑磨砂背板质感高级，不易沾指纹，经典圆环镜头模组搭配直角边框，简约大气，辨识度高 。十面抗摔，手感轻薄，单手握持无压力 ，买来送给老人用的，他很喜欢。,5,已购 幻夜黑 8GB+256GB,llxxff521,26,幻夜黑磨砂背板质感高级不易沾指纹经典圆环镜头模组搭配直角边框简约大气辨识度高 十面抗摔手感轻薄单手握持无压力 买来送给老人用的他很喜欢,夜黑 磨砂 背板 质感 高级 不易 指纹 经典 圆环 镜头 模组 搭配 直角 边框 简约 大气 辨识 度高 十面 手感 轻薄 单手 握持 压力 买来 送给 老人 喜欢,商品9.csv,0.9591,正向
保持了荣耀手机一贯的大电池和护眼屏，轻度使用可以保证2天不充电。屏幕护眼，长时间使用也不会眼疲劳。系统流畅 ，内存也完全够用，非常适合买给父母使用。,5,已购 朱砂红 12GB+256GB,luo2025,27,保持了荣耀手机一贯的大电池和护眼屏轻度使用可以保证天不充电屏幕护眼长时间使用也不会眼疲劳系统流畅 内存也完全够用非常适合买给父母使用,保持 荣耀 手机 一贯 电池 护眼 轻度 使用 可以 保证 充电 屏幕 护眼 长时间 使用 不会 疲劳 系统 流畅 内存 完全 够用 非常适合 父母 使用,商品9.csv,0.9998,正向
物流快，包装完好，正品无疑。荣耀X70的8300mAh大电池续航超顶，80W快充回血快。1.5K护眼屏清晰舒适，日常使用流畅，IP69K防水+抗摔设计很安心，千元机里性价比极高,5,已购 幻夜黑 12GB+512GB,c***猫,28,物流快包装完好正品无疑荣耀的大电池续航超顶快充回血快护眼屏清晰舒适日常使用流畅防水抗摔设计很安心千元机里性价比极高,物流 包装 完好 正品 无疑 荣耀 电池 续航 超顶 充回 血快 护眼 清晰 舒适 日常 使用 流畅 防水 设计 安心 千元 机里 性价比 极高,商品9.csv,1.0,正向
收到荣耀X70啦，买给老爸的，挺好看的、手感轻薄，屏幕显示清晰细腻，续航真的很给力，充电速度也快。系统流畅不卡顿，充满电能用两天。物流快、包装完好，客服态度也好，目前为止老爸挺喜欢的,5,已购 月影白 8GB+256GB,N***5,29,收到荣耀啦买给老爸的挺好看的手感轻薄屏幕显示清晰细腻续航真的很给力充电速度也快系统流畅不卡顿充满电能用两天物流快包装完好客服态度也好目前为止老爸挺喜欢的,收到 荣耀 老爸 好看 手感 轻薄 屏幕显示 清晰 细腻 续航 真的 充电 速度 系统 流畅 不卡顿 充满 电能 两天 物流 包装 完好 客服 态度 也好 目前为止 老爸 喜欢,商品9.csv,1.0,正向
荣耀X70真是太耐用了！8300mAh大电池两天一充完全够用，IP69级防水和十面抗摔设计让人放心。屏幕护眼又清晰，5000万像素拍照够日常。功能全面，NFC、红外遥控都有，千元机里的性价比之王，非常省心！,5,已购 幻夜黑 8GB+128GB,别嚣张Joy,30,荣耀真是太耐用了大电池两天一充完全够用级防水和十面抗摔设计让人放心屏幕护眼又清晰万像素拍照够日常功能全面红外遥控都有千元机里的性价比之王非常省心,荣耀 真是太 耐用 电池 两天 一充 完全 够用 防水 十面 设计 放心 屏幕 护眼 清晰 像素 拍照 日常 功能 全面 红外 遥控 千元 机里 性价比 之王 非常 省心,商品9.csv,1.0,正向
用了一段时间，不玩游戏，不怎么拍照，就看看小视频，看看书，蛮好的，主要是电池非常耐用，不用带充电宝了,5,已购 竹韵青 8GB+256GB,宝贝彩可爱,31,用了一段时间不玩游戏不怎么拍照就看看小视频看看书蛮好的主要是电池非常耐用不用带充电宝了,一段时间 玩游戏 不怎么 拍照 看看 小视频 看看书 主要 电池 非常 耐用 不用 充电,商品9.csv,0.9854,正向
这款手机颜值爆表，拿在手里超有质感！屏幕清晰明亮，操作流畅不卡顿，自拍效果也超赞，美颜自然又真实。运行速度快得飞起，日常使用完全无压力！强烈推荐给追求品质的你，绝对物超所值！,5,已购 竹韵青 12GB+512GB,j***e,32,这款手机颜值爆表拿在手里超有质感屏幕清晰明亮操作流畅不卡顿自拍效果也超赞美颜自然又真实运行速度快得飞起日常使用完全无压力强烈推荐给追求品质的你绝对物超所值,手机 颜值 爆表 手里 超有 质感 屏幕 清晰 明亮 操作 流畅 不卡顿 自拍 效果 赞美 自然 真实 运行 速度 快得 飞起 日常 使用 完全 压力 强烈推荐 追求 品质 绝对 物超所值,商品9.csv,1.0,正向
送给老公的新年礼物🎁荣耀X70手机手感好，外观颜值特别棒。屏幕相当清晰，电池电量正常用1天都不用充电，大电量的真不错。主要这个价位还是5G手机真的太棒啦。老公非常喜欢🥰,5,已购 幻夜黑 8GB+256GB,肉***贝,33,送给老公的新年礼物荣耀手机手感好外观颜值特别棒屏幕相当清晰电池电量正常用天都不用充电大电量的真不错主要这个价位还是手机真的太棒啦老公非常喜欢,送给 老公 新年礼物 荣耀 手机 手感 外观 颜值 特别 屏幕 相当 清晰 电池电量 正常 用天 不用 充电 电量 真不错 主要 这个 价位 还是 手机 真的 太棒 老公 非常 喜欢,商品9.csv,1.0,正向
已经收到了外观很漂亮，设计感很好，运行流畅，拍照像素也很高，打游戏完全不卡顿，电池，电量也够用，发货很快。第2天，京东快递小哥就送货上门了，很满意,5,已购 幻夜黑 8GB+256GB,w920330,34,已经收到了外观很漂亮设计感很好运行流畅拍照像素也很高打游戏完全不卡顿电池电量也够用发货很快第天京东快递小哥就送货上门了很满意,已经 收到 外观 很漂亮 设计 运行 流畅 拍照 像素 打游戏 完全 不卡顿 电池电量 够用 发货 很快 第天 京东 快递 小哥 送货上门 满意,商品9.csv,1.0,正向
性价比很高，外观很漂亮，操控起来很顺畅，唯独配的手机壳颜色是黑色的，与手机颜色不符合，只能自掏腰包重新买一个透明的😅,3,已购 月影白 8GB+256GB,林***君,36,性价比很高外观很漂亮操控起来很顺畅唯独配的手机壳颜色是黑色的与手机颜色不符合只能自掏腰包重新买一个透明的,性价比 外观 很漂亮 操控 起来 顺畅 唯独 手机 颜色 黑色 手机 颜色 符合 只能 自掏腰包 重新 一个 透明,商品9.csv,0.9941,正向
荣耀手机大品牌，质量可靠信誉有保证。这款待机时间长，运行速度快，快充又提升了。现在有国家补贴，性价比高。京东快递服务到位，送货及时。,5,已购 幻夜黑 12GB+512GB,送***家,37,荣耀手机大品牌质量可靠信誉有保证这款待机时间长运行速度快快充又提升了现在有国家补贴性价比高京东快递服务到位送货及时,荣耀 手机 品牌 质量 可靠 信誉 保证 待机时间 运行 速度 快快 提升 现在 国家补贴 性价比 京东 快递 服务到位 送货 及时,商品9.csv,0.9997,正向
大品牌，一直用荣耀系列，质量不错，外观红色喜庆，电池容量大，80w快充，比较轻巧！运行丝滑顺畅！对于不玩游戏的人来说，性价比超高！,5,已购 朱砂红 12GB+512GB,海云dong,38,大品牌一直用荣耀系列质量不错外观红色喜庆电池容量大快充比较轻巧运行丝滑顺畅对于不玩游戏的人来说性价比超高,品牌 一直 荣耀 系列 质量 不错 外观 红色 喜庆 电池容量 大快 比较 轻巧 运行 丝滑 顺畅 对于 玩游戏 来说 性价比 超高,商品9.csv,1.0,正向
"外形外观：挺好，个人觉得可以。
屏幕音效：可以，用了半月。
拍照效果：拍照效果不错。
运行速度：正常，传图片速度快。
待机时间：一天充一次电刚好。",5,已购 幻夜黑 12GB+512GB,胡***烨,39,"外形外观挺好个人觉得可以
屏幕音效可以用了半月
拍照效果拍照效果不错
运行速度正常传图片速度快
待机时间一天充一次电刚好",外形 外观 个人 觉得 可以 屏幕 音效 可以 半月 拍照 效果 拍照 效果 不错 运行 速度 正常 图片 速度 待机时间 一天 一次 刚好,商品9.csv,1.0,正向
荣耀X70款手机，超大电池太给力了，重度使用两天一充完全没问题！抗摔防水性能出色，手滑党狂喜。屏幕清晰护眼，日常使用流畅不卡顿。这个价位能买到如此省心的手机，真心推荐！,5,已购 幻夜黑 12GB+512GB,u***m,41,荣耀款手机超大电池太给力了重度使用两天一充完全没问题抗摔防水性能出色手滑党狂喜屏幕清晰护眼日常使用流畅不卡顿这个价位能买到如此省心的手机真心推荐,荣耀 手机 超大 电池 太给力 重度 使用 两天 一充 完全 问题 防水 性能 出色 手滑党 狂喜 屏幕 清晰 护眼 日常 使用 流畅 不卡顿 这个 价位 如此 省心 手机 真心 推荐,商品9.csv,1.0,正向
拿到这台荣耀X70新手机，第一感觉就是质感和性价比拉满。妈妈最爱的红色素皮后盖搭配金色中框，喜庆又高级，过年拿在手里回头率超高。圆形的&ldquo;MATRIX&rdquo;影像模组辨识度十足。日常刷视频、聊天视频语音都丝滑流畅，8000大电池续航也足够支撑一天重度使用。对比旁边已爆屏😂的小米8，这台荣耀无论是颜值还是体验，都彻底&ldquo;换新&rdquo;成功。,5,已购 朱砂红 8GB+256GB,J_Hu128,42,拿到这台荣耀新手机第一感觉就是质感和性价比拉满妈妈最爱的红色素皮后盖搭配金色中框喜庆又高级过年拿在手里回头率超高圆形的影像模组辨识度十足日常刷视频聊天视频语音都丝滑流畅大电池续航也足够支撑一天重度使用对比旁边已爆屏的小米这台荣耀无论是颜值还是体验都彻底换新成功,拿到 这台 荣耀 新手机 第一 感觉 就是 质感 性价比 拉满 妈妈 最爱 红色素 皮后 搭配 金色 中框 喜庆 高级 过年 手里 回头率 超高 圆形 影像 模组 辨识 十足 日常 视频 聊天 视频 语音 流畅 电池 续航 足够 支撑 一天 重度 使用 对比 旁边 爆屏 小米 这台 荣耀 无论是 颜值 还是 体验 彻底 成功,商品9.csv,1.0,正向
春节给老人买的礼物，样子款式看着还不错，挺喜庆的，配置也不错，老人用足够了，大容量电池，用着也满足日常的需求，还不错！,5,已购 朱砂红 8GB+256GB,_woimoto_,43,春节给老人买的礼物样子款式看着还不错挺喜庆的配置也不错老人用足够了大容量电池用着也满足日常的需求还不错,春节 老人 礼物 样子 款式 看着 不错 喜庆 配置 不错 老人 足够 大容量 电池 满足 日常 需求 不错,商品9.csv,1.0,正向
很好，性价比高，拍照好，音质棒，声音大又好听，屏幕清楚，运行速度快，电量十多耐用，十分喜欢，准备介绍给朋友同事们，真的值得购买，下次还会来京东买荣耀,5,已购 朱砂红 8GB+256GB,淼娃71,44,很好性价比高拍照好音质棒声音大又好听屏幕清楚运行速度快电量十多耐用十分喜欢准备介绍给朋友同事们真的值得购买下次还会来京东买荣耀,性价比 拍照 音质 声音 好听 屏幕 清楚 运行 速度 电量 十多 耐用 十分 喜欢 准备 介绍 朋友 同事 真的 值得 购买 下次 还会来 京东 荣耀,商品9.csv,1.0,正向
这个玩意儿屏幕足够大，电池容量也不错，适合给老太太用，老太太拿着还挺高兴，价格也便宜，京东自营的物流快递还是很快的，昨天下的单，今天早上就到了，挺赶趟购物体验应该不错,5,已购 竹韵青 8GB+128GB,86ft00a5fgjlkr,45,这个玩意儿屏幕足够大电池容量也不错适合给老太太用老太太拿着还挺高兴价格也便宜京东自营的物流快递还是很快的昨天下的单今天早上就到了挺赶趟购物体验应该不错,这个 玩意儿 屏幕 足够 电池容量 不错 适合 老太太 老太太 高兴 价格 便宜 京东 自营 物流 快递 还是 很快 昨天 今天 早上 赶趟 购物 体验 应该 不错,商品9.csv,0.9993,正向
颜值挺高的。老人家用着很好。不错。又轻薄。拿着都方便。 充电又快。待机时间挺长的。不用经常充电。老人家很合适。价格又实惠。,5,已购 幻夜黑 8GB+256GB,jd_159149ann,46,颜值挺高的老人家用着很好不错又轻薄拿着都方便 充电又快待机时间挺长的不用经常充电老人家很合适价格又实惠,颜值 老人家 不错 轻薄 方便 充电 待机时间 挺长 不用 经常 充电 老人家 合适 价格 实惠,商品9.csv,1.0,正向
货很快收到，外观设计美观，外放声音够大，软件启动快，拍照效果好，图像清晰。超薄，便于携带，能护眼，光度很好，送外套，价格比高，值得购买！,5,已购 幻夜黑 8GB+128GB,虚无才是永恒,47,货很快收到外观设计美观外放声音够大软件启动快拍照效果好图像清晰超薄便于携带能护眼光度很好送外套价格比高值得购买,很快 收到 外观设计 美观 外放 声音 软件 启动 拍照 效果 图像 清晰 超薄 便于 携带 护眼 光度 外套 价格比 值得 购买,商品9.csv,1.0,正向
这款荣耀x70手机收到货了，立马体验，外观手感都很好，运行速度快，流畅，待机时间超长，充电速度超快，物美价廉,5,已购 竹韵青 8GB+128GB,j***7,48,这款荣耀手机收到货了立马体验外观手感都很好运行速度快流畅待机时间超长充电速度超快物美价廉,荣耀 手机 收到 立马 体验 外观 手感 运行 速度 流畅 待机时间 超长 充电 速度 超快 物美价廉,商品9.csv,1.0,正向
买给父母用的，他们都很喜欢，说颜色也特别漂亮，设计高端大气上档次，用起来也很顺畅，拍照出来也特别的清晰，物流也特别的快，价格亲民，值得购买,5,已购 朱砂红 12GB+256GB,米君晶,49,买给父母用的他们都很喜欢说颜色也特别漂亮设计高端大气上档次用起来也很顺畅拍照出来也特别的清晰物流也特别的快价格亲民值得购买,父母 他们 喜欢 颜色 特别 漂亮 设计 高端 大气 上档次 起来 顺畅 拍照 出来 特别 清晰 物流 特别 价格 亲民 值得 购买,商品9.csv,1.0,正向
"外形外观：外观好看，质量很好，
屏幕音效：屏幕很好，立体声的喇叭，声音也大。
拍照效果：很清晰。值得购买，会继续回购",5,已购 幻夜黑 8GB+128GB,越***发,50,"外形外观外观好看质量很好
屏幕音效屏幕很好立体声的喇叭声音也大
拍照效果很清晰值得购买会继续回购",外形 外观 外观 好看 质量 屏幕 音效 屏幕 立体声 喇叭 声音 拍照 效果 清晰 值得 购买 继续 回购,商品9.csv,1.0,正向
给爸爸买的这款手机用了段时间，效果超棒。电量十分耐用，开启简单模式后操作简便，特别适合长辈，而且性价比高，很值得入手。,5,已购 幻夜黑 12GB+512GB,阿吉159,51,给爸爸买的这款手机用了段时间效果超棒电量十分耐用开启简单模式后操作简便特别适合长辈而且性价比高很值得入手,爸爸 这款 手机 段时间 效果 超棒 电量 十分 耐用 开启 简单 模式 操作 简便 特别 适合 长辈 而且 性价比 值得 入手,商品9.csv,1.0,正向
家人手机不小心丢了，网上比较了一下，还是这款比较适合，外观看起来比较大气，家人用起来上手也比较快，遗憾的是没有抢上国补优惠券，总体评价8.5分（满分10分）。,5,已购 幻夜黑 12GB+512GB,G***x,52,家人手机不小心丢了网上比较了一下还是这款比较适合外观看起来比较大气家人用起来上手也比较快遗憾的是没有抢上国补优惠券总体评价分满分分,家人 手机 小心 网上 比较 一下 还是 比较 适合 外观 看起来 比较 大气 家人 起来 上手 比较 遗憾 没有 抢上 国补 优惠券 总体 评价 满分,商品9.csv,0.9982,正向
趁着国补有活动有名额购买，价格不错，机子整体来说还算流畅，因为是备用机，要求不高，待机时间很长，屏幕用起来很舒服，实体店对比了许多才选定这一部。,5,已购 月影白 12GB+512GB,h***w,53,趁着国补有活动有名额购买价格不错机子整体来说还算流畅因为是备用机要求不高待机时间很长屏幕用起来很舒服实体店对比了许多才选定这一部,趁着 国补 活动 名额 购买 价格 不错 机子 整体 来说 流畅 因为 备用机 要求 不高 待机时间 很长 屏幕 起来 舒服 实体店 对比 许多 选定 一部,商品9.csv,0.9993,正向
给爸爸买的，价格实惠，用着很流畅，手机反应速度快，80w充电也不慢，屏幕大，声音大还不错，从京东买过好几个手机了，值得信赖,5,已购 竹韵青 12GB+256GB,j***1,54,给爸爸买的价格实惠用着很流畅手机反应速度快充电也不慢屏幕大声音大还不错从京东买过好几个手机了值得信赖,爸爸 价格 实惠 流畅 手机 反应速度快 充电 不慢 屏幕 声音 不错 京东 买过 好几个 手机 值得 信赖,商品9.csv,1.0,正向
看过去还可以，质感一般般，给爸爸用的，，，，，，，，，，，，，,3,已购 幻夜黑 12GB+256GB,fl1cz92c87tzww,56,看过去还可以质感一般般给爸爸用的,过去 可以 质感 一般般 爸爸,商品9.csv,0.9819,正向
一直在用荣耀的手机，这台还是好多年前买的备用机，这次又换了x70，性价比非常高，手感很好，作为备用机完全够用，内存足也很流畅,5,已购 幻夜黑 8GB+256GB,g1x334hx3khmf,57,一直在用荣耀的手机这台还是好多年前买的备用机这次又换了性价比非常高手感很好作为备用机完全够用内存足也很流畅,一直 荣耀 手机 这台 还是 好多年 备用机 这次 性价比 非常 高手 作为 备用机 完全 够用 内存 流畅,商品9.csv,0.9673,正向
手机很漂亮，性价比很高，有国补真的好实惠。拍照特别清楚，阳光下拍照也很清晰，待机时间很长，用了3天才充电一次，操作也很顺畅，值得购买,5,已购 竹韵青 8GB+256GB,j***d,58,手机很漂亮性价比很高有国补真的好实惠拍照特别清楚阳光下拍照也很清晰待机时间很长用了天才充电一次操作也很顺畅值得购买,手机 很漂亮 性价比 高有 国补 真的 实惠 拍照 特别 清楚 阳光 拍照 清晰 待机时间 很长 天才 充电 一次 操作 顺畅 值得 购买,商品9.csv,1.0,正向
运行速度非常好，主要是用得久这个电池能用好几天非常适合老年人使用，而且功能也基本都有非常合适。如果有想下单的时候赶紧出手吧，我这个是买给老爸用的，非常非常满意。,5,已购 幻夜黑 8GB+256GB,卖豆豆的小男孩,59,运行速度非常好主要是用得久这个电池能用好几天非常适合老年人使用而且功能也基本都有非常合适如果有想下单的时候赶紧出手吧我这个是买给老爸用的非常非常满意,运行 速度 非常 主要 这个 电池 能用 几天 非常适合 老年人 使用 而且 功能 基本 非常 合适 如果 下单 时候 赶紧 出手 这个 老爸 非常 非常 满意,商品9.csv,0.9808,正向
这款荣耀X70太棒了。启动很快，护眼的屏幕比普通的手机温和不刺眼。下载速度快，运行速度也很快。外观设计很好看，手感不错。,5,已购 竹韵青 12GB+512GB,jd_米雪儿0,61,这款荣耀太棒了启动很快护眼的屏幕比普通的手机温和不刺眼下载速度快运行速度也很快外观设计很好看手感不错,荣耀 太棒了 启动 很快 护眼 屏幕 普通 手机 温和 刺眼 下载速度 运行 速度 很快 外观设计 好看 手感 不错,商品9.csv,1.0,正向
"超级不错，
外形外观：大摄像头
运行速度：手机很轻
拍照效果：更棒
待机时间：比之前手机待机时间长多了
其他特色：很轻，很轻，拿起来一点不累手",5,已购 幻夜黑 8GB+256GB,j***p,62,"超级不错
外形外观大摄像头
运行速度手机很轻
拍照效果更棒
待机时间比之前手机待机时间长多了
其他特色很轻很轻拿起来一点不累手",超级 不错 外形 外观 摄像头 运行 速度 手机 拍照 效果 更棒 待机时间 之前 手机 待机时间 长多 其他 特色 很轻 起来 一点 不累手,商品9.csv,1.0,正向
趁活动给家人换个手机，挑了好久，还是这款最中意，样式好看，内存大，拍照清晰，运行速度快，待机时间长，实用方便,5,已购 竹韵青 8GB+256GB,jd_180545txm,63,趁活动给家人换个手机挑了好久还是这款最中意样式好看内存大拍照清晰运行速度快待机时间长实用方便,活动 家人 换个 手机 好久 还是 这款 中意 样式 好看 内存 拍照 清晰 运行 速度 待机时间 实用 方便,商品9.csv,0.9999,正向
荣耀手机手感轻薄颜值高，屏幕护眼舒服，系统流畅不卡顿，拍照清晰自然，续航给力、充电快，整体体验超预期，性价比很高，值得入手！,5,已购 幻夜黑 8GB+128GB,爱笑的人才是真的幸福,65,荣耀手机手感轻薄颜值高屏幕护眼舒服系统流畅不卡顿拍照清晰自然续航给力充电快整体体验超预期性价比很高值得入手,荣耀 手机 手感 轻薄 颜值 屏幕 护眼 舒服 系统 流畅 不卡顿 拍照 清晰 自然 续航 给力 充电 整体 体验 预期 性价比 值得 入手,商品9.csv,1.0,正向
这是手机买的价格很好，嗯，价廉物美，京东搞的活动很优惠，然后上手嗯感觉也挺轻巧，没有想象中的那么重，嗯，充电很快，然后也很耐用，电视很够用,5,已购 竹韵青 8GB+256GB,jd_130163xft,66,这是手机买的价格很好嗯价廉物美京东搞的活动很优惠然后上手嗯感觉也挺轻巧没有想象中的那么重嗯充电很快然后也很耐用电视很够用,这是 手机 价格 价廉物美 京东 活动 优惠 然后 上手 感觉 轻巧 没有 想象 那么 充电 很快 然后 耐用 电视 够用,商品9.csv,1.0,正向
之前用小米，这次用过之后发现比小米好用多了，特别是外观设计特别的漂亮大气，还送了手机外壳和贴膜，充电器也是高功率的充电器，充电速度特别快。,5,已购 朱砂红 8GB+128GB,诸***荣,67,之前用小米这次用过之后发现比小米好用多了特别是外观设计特别的漂亮大气还送了手机外壳和贴膜充电器也是高功率的充电器充电速度特别快,之前 小米 这次 用过 之后 发现 小米 好用 特别 外观设计 特别 漂亮 大气 手机 外壳 贴膜 充电器 高功率 充电器 充电 速度 特别,商品9.csv,1.0,正向
给婆婆买的，用了一段时间感觉挺好的。。字体大小都可以自动设置成老人使用模式，声音也够大。。。而且像素也比想象中的要好，价格实惠，物有所值吧，后续有需要，还会回购。,5,已购 朱砂红 8GB+128GB,香xxbobo,68,给婆婆买的用了一段时间感觉挺好的字体大小都可以自动设置成老人使用模式声音也够大而且像素也比想象中的要好价格实惠物有所值吧后续有需要还会回购,婆婆 一段时间 感觉 字体大小 可以 自动 设置 老人 使用 模式 声音 而且 像素 想象 价格 实惠 物有所值 后续 需要 还会 回购,商品9.csv,0.9999,正向
无线充电太棒啦！！非常漂亮喜欢！电池太厉害了，续航能力强👍🏻👍🏻能玩很久手机都还有很多电，推荐推荐！,5,已购 竹韵青 12GB+512GB,j***u,70,无线充电太棒啦非常漂亮喜欢电池太厉害了续航能力强能玩很久手机都还有很多电推荐推荐,无线 充电 太棒 非常 漂亮 喜欢 电池 厉害 续航 能力 强能 手机 还有 很多 推荐 推荐,商品9.csv,0.9997,正向
手机很轻巧，价格也不贵，给父母买的，还可以吧。手机配了手机壳，贴膜已经贴好了，比较方便，不用自己贴。,5,已购 竹韵青 8GB+256GB,j***n,71,手机很轻巧价格也不贵给父母买的还可以吧手机配了手机壳贴膜已经贴好了比较方便不用自己贴,手机 轻巧 价格 不贵 父母 可以 手机 手机 贴膜 已经 比较 方便 不用 自己,商品9.csv,0.9637,正向
荣耀手机质量还不错 ，物美价廉， 震感上有国补 ，价钱很合适。屏幕色彩鲜艳 ，手感很舒适 。80瓦的快充充电速度也很快。,5,已购 月影白 8GB+256GB,r***a,73,荣耀手机质量还不错 物美价廉 震感上有国补 价钱很合适屏幕色彩鲜艳 手感很舒适 瓦的快充充电速度也很快,荣耀 手机 质量 不错 物美价廉 震感 国补 价钱 合适 屏幕 色彩鲜艳 手感 舒适 快充 充电 速度 很快,商品9.csv,1.0,正向
荣耀的这款手机非常丝滑，操作很流畅，关键是电池，真的很抗用，是我用过的所有手机里头，续航能力最好的一款手机，性价比很高，真不错。,5,已购 朱砂红 12GB+256GB,盒***驴,74,荣耀的这款手机非常丝滑操作很流畅关键是电池真的很抗用是我用过的所有手机里头续航能力最好的一款手机性价比很高真不错,荣耀 这款 手机 非常 丝滑 操作 流畅 关键 电池 真的 抗用 所有 手机 里头 续航 能力 最好 一款 手机 性价比 真不错,商品9.csv,1.0,正向
物流快。手机操作顺畅。支持5g网络（之前买华为畅享80pro，放卡后，不会显示5g）。挺好用的。有指纹解锁和人脸识别功能。,5,已购 竹韵青 12GB+512GB,j***x,76,物流快手机操作顺畅支持网络之前买华为畅享放卡后不会显示挺好用的有指纹解锁和人脸识别功能,物流 手机 操作 顺畅 支持 网络 之前 华为 畅享 放卡后 不会 显示 挺好用 指纹 解锁 人脸识别 功能,商品9.csv,0.2872,负向
物流真的太快了！下单第二天就收到货了，给快递小哥点赞。打开包裹，里面的商品包装得很严实，保护得非常好。东西质量很棒，做工精致，材质摸起来很有质感，完全对得起这个价格。卖家很诚信，实物与描述百分百相符。这个价格能买到这样的品质，真的很值，五星好评！,5,已购 幻夜黑 12GB+512GB,公子-不花,77,物流真的太快了下单第二天就收到货了给快递小哥点赞打开包裹里面的商品包装得很严实保护得非常好东西质量很棒做工精致材质摸起来很有质感完全对得起这个价格卖家很诚信实物与描述百分百相符这个价格能买到这样的品质真的很值五星好评,物流 真的 太快 下单 第二天 收到 快递 小哥 点赞 打开 包裹 里面 商品 包装 严实 保护 非常 东西 质量 很棒 做工 精致 材质 起来 质感 完全 对得起 这个 价格 卖家 诚信 实物 描述 百分百 相符 这个 价格 这样 品质 真的 很值 五星 好评,商品9.csv,1.0,正向
价格跟线下的差不多，京东自营比较有保障一点，参考了几款手机，感觉还是这款好一点，希望使用没有质量问题。,3,已购 幻夜黑 8GB+256GB,逆***明,78,价格跟线下的差不多京东自营比较有保障一点参考了几款手机感觉还是这款好一点希望使用没有质量问题,价格 线下 差不多 京东 自营 比较 保障 一点 参考 几款 手机 感觉 还是 这款 一点 希望 使用 没有 质量 问题,商品9.csv,0.8572,正向
手机超出预期，它的电池比较大，肯定待机时间长，屏幕色彩也很鲜艳。拍照效果也好，手感舒适，完全超出预期。,5,已购 朱砂红 8GB+128GB,jinxinjiao5415,79,手机超出预期它的电池比较大肯定待机时间长屏幕色彩也很鲜艳拍照效果也好手感舒适完全超出预期,手机 超出 预期 电池 比较 肯定 待机时间 屏幕 色彩 鲜艳 拍照 效果 也好 手感 舒适 完全 超出 预期,商品9.csv,0.9946,正向
婆婆来伺候月子觉得她很辛苦，立刻安排上新的手机让她看孩子的时候也能放松放松，屏幕很清晰，老人说一点也不伤眼睛，拿着也轻便，不累,5,已购 朱砂红 12GB+256GB,jd_186606kup,80,婆婆来伺候月子觉得她很辛苦立刻安排上新的手机让她看孩子的时候也能放松放松屏幕很清晰老人说一点也不伤眼睛拿着也轻便不累,婆婆 伺候 觉得 辛苦 立刻 安排 手机 孩子 时候 放松 放松 屏幕 清晰 老人 一点 不伤 眼睛 轻便,商品9.csv,0.9999,正向
一直用荣耀，性价比很高，存储空间和电池都够够的😘要是华为系统那就更好了，刚买的时候还有点纠结，咬咬牙买了，用起来挺不错的现在，拍到了可爱的微生物😂😂😂芯片上也拍的很清晰,5,已购 竹韵青 12GB+512GB,Mahurho,81,一直用荣耀性价比很高存储空间和电池都够够的要是华为系统那就更好了刚买的时候还有点纠结咬咬牙买了用起来挺不错的现在拍到了可爱的微生物芯片上也拍的很清晰,一直 荣耀 性价比 存储空间 电池 要是 华为 系统 更好 时候 有点 纠结 咬咬牙 起来 挺不错 现在 拍到 可爱 微生物 芯片 清晰,商品9.csv,1.0,正向
"京东看来看去，找的很久，选华为或者选荣耀。
最终还是选了这款，给老人用。
电池容量足够大，手机外壳也好看，适合老人使用。
已经使用中。",5,已购 竹韵青 8GB+256GB,zhaoqiang689,82,"京东看来看去找的很久选华为或者选荣耀
最终还是选了这款给老人用
电池容量足够大手机外壳也好看适合老人使用
已经使用中",京东 看来看去 很久选 华为 或者 荣耀 最终 还是 选了 这款 老人 电池容量 足够 手机 外壳 好看 适合 老人 使用 已经 使用,商品9.csv,0.9996,正向
软件响应快，使用流畅。拿在手里大小合适，分量还行，久握不觉得累，100%的电量刷刷视频玩玩游戏用一天没问题，充电速度也快,5,已购 竹韵青 8GB+128GB,u***1,83,软件响应快使用流畅拿在手里大小合适分量还行久握不觉得累的电量刷刷视频玩玩游戏用一天没问题充电速度也快,软件 响应 使用 流畅 手里 大小 合适 分量 行久握 觉得 电量 刷刷 视频 玩玩 游戏 一天 问题 充电 速度,商品9.csv,0.9999,正向
整体用力的效果好，待机电池也很差，用了2天多多，还有电，整体感觉都挺好。那这效果也不错，整体感觉不错,5,已购 月影白 12GB+256GB,小***诗,84,整体用力的效果好待机电池也很差用了天多多还有电整体感觉都挺好那这效果也不错整体感觉不错,整体 用力 效果 待机 电池 差用 多多 还有 整体 感觉 效果 不错 整体 感觉 不错,商品9.csv,0.9992,正向
新手机很好用，软件启动快，操作顺畅，手感也好，颜值更适合男士，给老公买的嘻嘻，价钱也不算太贵，用上3年没问题,5,已购 幻夜黑 12GB+256GB,u***d,85,新手机很好用软件启动快操作顺畅手感也好颜值更适合男士给老公买的嘻嘻价钱也不算太贵用上年没问题,新手机 软件 启动 操作 顺畅 手感 也好 颜值 适合 男士 老公 嘻嘻 价钱 不算 太贵 上年 问题,商品9.csv,0.9923,正向
"📱屏幕色彩超赞，画面清晰明亮✨
🎧外放音质洪亮，细节丰富🎶
⚡软件启动飞快，操作流畅无比🚀
🔋充电速度给力，续航表现优秀🔋
📦包装严实，物流迅速，服务贴心💖",5,已购 月影白 8GB+256GB,u_enw3995ihpv1,86,"屏幕色彩超赞画面清晰明亮
外放音质洪亮细节丰富
软件启动飞快操作流畅无比
充电速度给力续航表现优秀
包装严实物流迅速服务贴心",屏幕 色彩 超赞 画面 清晰 明亮 外放 音质 洪亮 细节 丰富 软件 启动 飞快 操作 流畅 无比 充电 速度 给力 续航 表现 优秀 包装 严实 物流 迅速 服务 贴心,商品9.csv,1.0,正向
刚收到新机，看外观感觉还不错，具体使用效果需要后面追评，目前觉得性价比不错，还有国补挺划算，手机配置给老爸正常社交刷一些视频足够用了。,5,已购 幻夜黑 8GB+256GB,黑色幽默0517,87,刚收到新机看外观感觉还不错具体使用效果需要后面追评目前觉得性价比不错还有国补挺划算手机配置给老爸正常社交刷一些视频足够用了,收到 新机 外观 感觉 不错 具体 使用 效果 需要 后面 追评 目前 觉得 性价比 不错 还有 国补 划算 手机 配置 老爸 正常 社交 一些 视频 足够,商品9.csv,1.0,正向
"手机外观很上档次，家人很喜欢。用完国补之后性价比特别高。
用起来非常流畅，觉特别好，屏幕显示效果也非常好",5,已购 幻夜黑 8GB+256GB,jd138111wuu,88,"手机外观很上档次家人很喜欢用完国补之后性价比特别高
用起来非常流畅觉特别好屏幕显示效果也非常好",手机 外观 上档次 家人 喜欢 完国补 之后 性价比 特别 起来 非常 流畅 特别 屏幕显示 效果 非常,商品9.csv,1.0,正向
外观大方，屏幕丝滑，拍照效果超级哇塞，速度也快，待机时间挺长的，这个颜色是我非常喜欢的颜色，喜欢红色的，大家喜欢的可以下单了,5,已购 朱砂红 12GB+512GB,jd_5tzo89lpl8j0z7,89,外观大方屏幕丝滑拍照效果超级哇塞速度也快待机时间挺长的这个颜色是我非常喜欢的颜色喜欢红色的大家喜欢的可以下单了,外观 大方 屏幕 丝滑 拍照 效果 超级 哇塞 速度 待机时间 挺长 这个 颜色 非常 喜欢 颜色 喜欢 红色 大家 喜欢 可以 下单,商品9.csv,1.0,正向
心心念念的X70终于到手了，拿到手后迫不及待打开了，屏幕清晰，尝试后各种功能都很好，外放的声音也很大，适合老年人使用,5,已购 幻夜黑 12GB+512GB,uren2222,90,心心念念的终于到手了拿到手后迫不及待打开了屏幕清晰尝试后各种功能都很好外放的声音也很大适合老年人使用,心心念念 终于 到手 拿到 手后 迫不及待 打开 屏幕 清晰 尝试 各种 功能 外放 声音 很大 适合 老年人 使用,商品9.csv,0.9999,正向
"外形外观：手感舒适，老人喜欢
屏幕音效：屏幕对老人来说，看着舒服，声音不刺耳
拍照效果：老人拍照够用了，不需要太专业
运行速度：速度流畅，不卡
待机时间：待机时间可以，不用老想着没电要充电",5,已购 幻夜黑 12GB+256GB,j***I,91,"外形外观手感舒适老人喜欢
屏幕音效屏幕对老人来说看着舒服声音不刺耳
拍照效果老人拍照够用了不需要太专业
运行速度速度流畅不卡
待机时间待机时间可以不用老想着没电要充电",外形 外观 手感 舒适 老人 喜欢 屏幕 音效 屏幕 老人 来说 看着 舒服 声音 刺耳 拍照 效果 老人 拍照 够用 需要 专业 运行 速度 速度 流畅 不卡 待机时间 待机时间 可以 不用 想着 没电要 充电,商品9.csv,1.0,正向
大品牌值得信赖，外观漂亮，屏幕清晰流畅，拍照效果不错，运行速度很快。待机时间长，手感舒服，做活动价格优惠，好评,5,已购 幻夜黑 12GB+512GB,8bc72pvjt2xdey,92,大品牌值得信赖外观漂亮屏幕清晰流畅拍照效果不错运行速度很快待机时间长手感舒服做活动价格优惠好评,品牌 值得 信赖 外观 漂亮 屏幕 清晰 流畅 拍照 效果 不错 运行 速度 很快 待机时间 手感 舒服 活动 价格 优惠 好评,商品9.csv,1.0,正向
特别好用的一款手机，第一次购买就被他的颜值吸引了，特别喜欢，家里人都说买的很好，朋友也吉利就推荐这一款手机，就是无敌性价比之王,5,已购 朱砂红 8GB+256GB,jd_bzrlou66j49c3q,93,特别好用的一款手机第一次购买就被他的颜值吸引了特别喜欢家里人都说买的很好朋友也吉利就推荐这一款手机就是无敌性价比之王,特别 好用 一款 手机 第一次 购买 颜值 吸引 特别 喜欢 家里人 朋友 吉利 推荐 一款 手机 就是 无敌 性价比 之王,商品9.csv,1.0,正向
快递很快，非常方便，手机很好，性价比很高，现在还有国补活动，给家里老人换个手机，非常方便。内存也大了很多，用起来很丝滑顺畅。,5,已购 幻夜黑 12GB+256GB,jd_156205epl,94,快递很快非常方便手机很好性价比很高现在还有国补活动给家里老人换个手机非常方便内存也大了很多用起来很丝滑顺畅,快递 很快 非常 方便 手机 性价比 现在 还有 国补 活动 家里 老人 换个 手机 非常 方便 内存 很多 起来 很丝滑 顺畅,商品9.csv,0.9999,正向
手机收到了，给妈妈买的。我也算荣耀的粉丝吧，已经用了5个荣耀的手机了，耐用实用好用。最重要是价格平民，一次满意的购物。等过两天去给妈妈送过去,5,已购 月影白 8GB+256GB,文仔001,95,手机收到了给妈妈买的我也算荣耀的粉丝吧已经用了个荣耀的手机了耐用实用好用最重要是价格平民一次满意的购物等过两天去给妈妈送过去,手机 收到 妈妈 荣耀 粉丝 已经 荣耀 手机 耐用 实用 好用 重要 价格 平民 一次 满意 购物 两天 妈妈 过去,商品9.csv,0.9997,正向
"首先：这款手机性价比非常高
其次：运行也非常流畅，一点都不卡顿
而且：颜值非常高
最后：大内存，再没有存储担心了
推荐购买！！！",5,已购 朱砂红 12GB+512GB,Ivan2025,96,"首先这款手机性价比非常高
其次运行也非常流畅一点都不卡顿
而且颜值非常高
最后大内存再没有存储担心了
推荐购买",首先 手机 性价比 非常 其次 运行 非常 流畅 一点 不卡顿 而且 颜值 非常 最后 内存 没有 存储 担心 推荐 购买,商品9.csv,0.9997,正向
这个手机买了一段时间了，待机是真的长，一整天玩手机不用充电是比较爽的。还有就是屏幕很大，我个人比较满意。,5,已购 幻夜黑 12GB+256GB,5xjlc80ij2fhlp,97,这个手机买了一段时间了待机是真的长一整天玩手机不用充电是比较爽的还有就是屏幕很大我个人比较满意,这个 手机 一段时间 待机 真的 一整天 手机 不用 充电 比较 还有 就是 屏幕 很大 个人 比较满意,商品9.csv,0.9992,正向
给家里老爸买的，网上看了很多人的手机评测，这个手机性价比贼高，并且屏幕护眼很好，电池也大非常适合给家里老人用。,5,已购 竹韵青 12GB+256GB,jdbeimih,98,给家里老爸买的网上看了很多人的手机评测这个手机性价比贼高并且屏幕护眼很好电池也大非常适合给家里老人用,家里 老爸 网上 很多 手机 评测 这个 手机 性价比 并且 屏幕 护眼 电池 非常适合 家里 老人,商品9.csv,1.0,正向
非常的好，性价比超高，给老爸尤其老年人有时候夜间玩手机所以选择了护眼功能还有超大的续航能力也是我比较喜欢的主要它是抗衰老年人可能一不小心有时候会掉地,5,已购 幻夜黑 12GB+512GB,武***o,99,非常的好性价比超高给老爸尤其老年人有时候夜间玩手机所以选择了护眼功能还有超大的续航能力也是我比较喜欢的主要它是抗衰老年人可能一不小心有时候会掉地,非常 性价比 超高 老爸 尤其 老年人 有时候 夜间 手机 所以 选择 护眼 功能 还有 超大 续航 能力 比较 喜欢 主要 抗衰老 可能 一不小心 有时候,商品9.csv,0.9999,正向
"买来给家里父母的
颜色是妈妈选的，很喜欢
待机时间很长，电池很大，爸妈出门玩不用老充电
拍照拍视频也很清晰",5,已购 竹韵青 12GB+512GB,jd_许小可加油,100,"买来给家里父母的
颜色是妈妈选的很喜欢
待机时间很长电池很大爸妈出门玩不用老充电
拍照拍视频也很清晰",买来 家里 父母 颜色 妈妈 喜欢 待机时间 很长 电池 很大 爸妈 出门 不用 充电 拍照 视频 清晰,商品9.csv,0.9999,正向
隔了5年再次买手机，结果发现进化了很多，好多功能根本不认识只能慢慢摸索。不过就常用的功能来说，顺滑感提升了很多，附送的外壳手感也挺不错，希望这次能多用一段。,5,已购 幻夜黑 12GB+512GB,jdsukerlje,101,隔了年再次买手机结果发现进化了很多好多功能根本不认识只能慢慢摸索不过就常用的功能来说顺滑感提升了很多附送的外壳手感也挺不错希望这次能多用一段,再次 买手机 结果 发现 进化 很多 多功能 根本 认识 只能 慢慢 摸索 不过 常用 功能 来说 顺滑 提升 很多 附送 外壳 手感 挺不错 希望 这次 多用 一段,商品9.csv,1.0,正向
待机时间真是非常给力，之前有个苹果，好几年了，根本离不开充电宝了，这个华为待机超长，有些适应不了了哈哈哈。,5,已购 竹韵青 12GB+256GB,jd186988adh,102,待机时间真是非常给力之前有个苹果好几年了根本离不开充电宝了这个华为待机超长有些适应不了了哈哈哈,待机时间 真是 非常 给力 之前 有个 苹果 好几年 根本 离不开 充电 这个 华为 待机 超长 有些 适应 不了 哈哈哈,商品9.csv,0.9552,正向
对比了好几款，最后选择了荣耀，给家人买的，想买个续航时间久，快充，屏大可以刷视频的手机，这款可以满足,5,已购 朱砂红 8GB+256GB,锦***我,103,对比了好几款最后选择了荣耀给家人买的想买个续航时间久快充屏大可以刷视频的手机这款可以满足,对比 几款 最后 选择 荣耀 家人 买个 续航 时间 久快 充屏 可以 视频 手机 可以 满足,商品9.csv,0.9894,正向
手机质感高级，屏幕刷新率高，滑动时跟手性很好。系统功能丰富且人性化，隐私保护到位。拍照清晰，视频防抖效果显著，续航能满足一天重度使用，售后也很贴心，整体非常满意！,5,已购 竹韵青 8GB+256GB,美食达芬奇_顺意x233,104,手机质感高级屏幕刷新率高滑动时跟手性很好系统功能丰富且人性化隐私保护到位拍照清晰视频防抖效果显著续航能满足一天重度使用售后也很贴心整体非常满意,手机 质感 高级 屏幕 刷新率 滑动 手性 系统 功能丰富 人性化 隐私 保护 到位 拍照 清晰 视频 防抖 效果显著 续航 满足 一天 重度 使用 售后 贴心 整体 非常 满意,商品9.csv,0.9997,正向
手机非常轻薄，然后也比较好用那个屏大小合适，然后照相的效果也不错，然后性价比真的比较高，速度用起来也比较快，不卡顿嗯，挺不错,5,已购 月影白 12GB+512GB,u_1iug6rmmwerx,105,手机非常轻薄然后也比较好用那个屏大小合适然后照相的效果也不错然后性价比真的比较高速度用起来也比较快不卡顿嗯挺不错,手机 非常 轻薄 然后 比较 好用 那个 大小 合适 然后 照相 效果 不错 然后 性价比 真的 比较 高速度 起来 比较 不卡顿 挺不错,商品9.csv,1.0,正向
荣耀X70确实不错，外观时尚，屏幕大而且🖥️清晰，拍照效果好，运行速度快，带电量时间长，老人用非常棒,5,已购 竹韵青 12GB+256GB,s***8,106,荣耀确实不错外观时尚屏幕大而且清晰拍照效果好运行速度快带电量时间长老人用非常棒,荣耀 确实 不错 外观 时尚 屏幕 而且 清晰 拍照 效果 运行 速度 带电 时间 长老 人用 非常,商品9.csv,1.0,正向
屏幕色彩鲜艳 操作很好拍照清晰  阳光下都看得到  电池却很耐用  性价比很高还会有，我们的目标是成为一个优秀的人和一个优秀而又优秀,5,已购 朱砂红 12GB+256GB,q***0,107,屏幕色彩鲜艳 操作很好拍照清晰  阳光下都看得到  电池却很耐用  性价比很高还会有我们的目标是成为一个优秀的人和一个优秀而又优秀,屏幕 色彩鲜艳 操作 拍照 清晰 阳光 得到 电池 耐用 性价比 我们 目标 成为 一个 优秀 一个 优秀 优秀,商品9.csv,1.0,正向
物流配送很快，第二天就送到了，手机买给妈妈用的，很合适。妈妈很喜欢，拍照，打电话，刷视频都挺顺滑的。,5,已购 月影白 8GB+128GB,是赵清珊啊,108,物流配送很快第二天就送到了手机买给妈妈用的很合适妈妈很喜欢拍照打电话刷视频都挺顺滑的,物流配送 很快 第二天 送到 手机 妈妈 合适 妈妈 喜欢 拍照 打电话 视频 顺滑,商品9.csv,0.9961,正向
上午下单，下午就收到了！超级快！手机非常流畅，非常好用，质感也特别好，超级值！性价比超高，这么太对的起这个价格了，为我们国产手机点赞！,5,已购 幻夜黑 12GB+512GB,u_kj4iryilpb7f,109,上午下单下午就收到了超级快手机非常流畅非常好用质感也特别好超级值性价比超高这么太对的起这个价格了为我们国产手机点赞,上午 下单 下午 收到 超级 手机 非常 流畅 非常 好用 质感 特别 超级 性价比 超高 这么 太对 这个 价格 我们 国产手机 点赞,商品9.csv,1.0,正向
这手机不仅好看，质量也过硬，用起来特别舒服，真心推荐！真心希望越来越多的人能够使用上这款好的手机，质量非常好,5,已购 幻夜黑 12GB+512GB,月蓝大豪杰,110,这手机不仅好看质量也过硬用起来特别舒服真心推荐真心希望越来越多的人能够使用上这款好的手机质量非常好,手机 不仅 好看 质量 过硬 起来 特别 舒服 真心 推荐 真心 希望 越来越 能够 使用 这款 手机 质量 非常,商品9.csv,0.9967,正向
荣耀手机，性价比很高，荣耀X70直屏，非常好的手感，电池容量也比较大，非常喜欢，京东发货的速度快，上午购买的，下午就到了,5,已购 幻夜黑 12GB+512GB,涂永高,111,荣耀手机性价比很高荣耀直屏非常好的手感电池容量也比较大非常喜欢京东发货的速度快上午购买的下午就到了,荣耀 手机 性价比 荣耀 直屏 非常 手感 电池容量 比较 非常 喜欢 京东 发货 速度 上午 购买 下午,商品9.csv,0.9998,正向
手机真不错，买来送给妈妈的，现在 2000 元以内的手机，可以买到 12 加 512 了，真的很不错，唯一遗憾的就是没有用上国补，用上国补还可以再多便宜 100 块😁,5,已购 竹韵青 12GB+512GB,j***t,112,手机真不错买来送给妈妈的现在  元以内的手机可以买到  加  了真的很不错唯一遗憾的就是没有用上国补用上国补还可以再多便宜  块,手机 真不错 买来 送给 妈妈 现在 以内 手机 可以 真的 不错 唯一 遗憾 就是 没有 上国 补用 上国补 可以 便宜,商品9.csv,0.9965,正向
手机还是很不错，外观看去上很精致，屏幕也还是很大的，拍照功能很不错，运行速度、待机时间也是很不错的。,5,已购 竹韵青 12GB+512GB,9ld204o5c01b11,113,手机还是很不错外观看去上很精致屏幕也还是很大的拍照功能很不错运行速度待机时间也是很不错的,手机 还是 不错 观看 精致 屏幕 还是 很大 拍照 功能 不错 运行 速度 待机时间 不错,商品9.csv,1.0,正向
给爸爸妈妈一人买一个荣耀X7，一黑一白，荣耀性价比很高，拍照清晰，买的12+512，运行速度很快，手感很好，家人很喜欢。,5,已购 月影白 12GB+512GB,小玉maomao,114,给爸爸妈妈一人买一个荣耀一黑一白荣耀性价比很高拍照清晰买的运行速度很快手感很好家人很喜欢,爸爸妈妈 一人 一个 荣耀 一黑 一白 荣耀 性价比 拍照 清晰 运行 速度 很快 手感 家人 喜欢,商品9.csv,1.0,正向
买了两台，老爸一台老妈一台，刚好两个人的手机都有点坏了，趁国补领的券，算下来还挺划算的，感谢国家，感谢平台。用了一段时间，感觉挺好的,5,已购 竹韵青 12GB+256GB,酱紫牙疼,115,买了两台老爸一台老妈一台刚好两个人的手机都有点坏了趁国补领的券算下来还挺划算的感谢国家感谢平台用了一段时间感觉挺好的,两台 老爸 一台 老妈 一台 刚好 两个 手机 有点 趁国 补领 算下来 划算 感谢 国家 感谢 平台 一段时间 感觉,商品9.csv,0.9996,正向
家里老人手机突然坏了 给家里老人买的手机 在排行榜名列前茅的手机 性价比非常非常高 荣耀也是大牌子了 非常值得信赖 用了一段时间感觉拍照不错,5,已购 月影白 12GB+256GB,A***阿,116,家里老人手机突然坏了 给家里老人买的手机 在排行榜名列前茅的手机 性价比非常非常高 荣耀也是大牌子了 非常值得信赖 用了一段时间感觉拍照不错,家里 老人 手机 突然 家里 老人 手机 排行榜 名列前茅 手机 性价比 非常 非常 荣耀 牌子 非常 值得 信赖 一段时间 感觉 拍照 不错,商品9.csv,0.9998,正向
金标抗摔手机，红色素皮感觉不错，对比之后选择了荣耀x70，国补活动性价比很高。希望当老人机使用个10年吧。,5,已购 朱砂红 8GB+128GB,f***8,117,金标抗摔手机红色素皮感觉不错对比之后选择了荣耀国补活动性价比很高希望当老人机使用个年吧,金标 手机 红色素 感觉 不错 对比 之后 选择 荣耀 国补 活动 性价比 希望 老人 使用,商品9.csv,0.9986,正向
"荣耀的品质和性价比还是可以的。
拍照清晰，新机的运行速度很快，不知道一年以后会怎么样。
外放声音不错。
自拍挺好",5,已购 竹韵青 12GB+512GB,dh1x9yi962x631,118,"荣耀的品质和性价比还是可以的
拍照清晰新机的运行速度很快不知道一年以后会怎么样
外放声音不错
自拍挺好",荣耀 品质 性价比 还是 可以 拍照 清晰 新机 运行 速度 很快 知道 一年 以后 怎么样 外放 声音 不错 自拍,商品9.csv,1.0,正向
"外形外观：荣耀x70外观美观大方，黑曜石的颜色，高端大气上档次。
屏幕音效：屏幕音效增强，特别特别好。
拍照效果：拍照效果非常好，拍出来特别清晰，颜值高。
运行速度：运行速度非常非常快，给小孩学习，查资料，听网课。包括玩游戏，都非常流畅，不卡顿。点赞👍！",5,已购 幻夜黑 8GB+256GB,平安g健康,119,"外形外观荣耀外观美观大方黑曜石的颜色高端大气上档次
屏幕音效屏幕音效增强特别特别好
拍照效果拍照效果非常好拍出来特别清晰颜值高
运行速度运行速度非常非常快给小孩学习查资料听网课包括玩游戏都非常流畅不卡顿点赞",外形 外观 荣耀 外观 美观大方 黑曜石 颜色 高端 大气 上档次 屏幕 音效 屏幕 音效 增强 特别 特别 拍照 效果 拍照 效果 非常 出来 特别 清晰 颜值 运行 速度 运行 速度 非常 非常 小孩 学习 查资料 网课 包括 玩游戏 非常 流畅 不卡顿 点赞,商品9.csv,1.0,正向
荣耀X70的外观延续了X系列的经典设计，但细节上更上一层楼。 镜头模组的银色环形设计辨识度很高，整体质感不输一些更贵的机型。,5,已购 幻夜黑 12GB+512GB,想太多7ian,120,荣耀的外观延续了系列的经典设计但细节上更上一层楼 镜头模组的银色环形设计辨识度很高整体质感不输一些更贵的机型,荣耀 外观 延续 系列 经典 设计 细节 更上一层楼 镜头 模组 银色 环形 设计 辨识 整体 质感 不输 一些 更贵 机型,商品9.csv,1.0,正向
拍下清晰，操作顺畅。待机时间长，手感舒服。非常的不错，然后换机也快，下载更新也快，充电时间快。原机还贴了膜，还送了手机壳，非常的省事儿，简单好用。,5,已购 朱砂红 8GB+256GB,u_h3x1ajnu2g2h,121,拍下清晰操作顺畅待机时间长手感舒服非常的不错然后换机也快下载更新也快充电时间快原机还贴了膜还送了手机壳非常的省事儿简单好用,清晰 操作 顺畅 待机时间 手感 舒服 非常 不错 然后 换机 下载 更新 充电 时间 原机 手机 非常 事儿 简单 好用,商品9.csv,0.9867,正向
荣耀X70用了两周，屏幕清晰流畅，拍照效果比预期好很多，日常使用完全足够，性价比高，特别推荐给预算有限又想要好体验的朋友！,5,已购 竹韵青 8GB+256GB,史***6,122,荣耀用了两周屏幕清晰流畅拍照效果比预期好很多日常使用完全足够性价比高特别推荐给预算有限又想要好体验的朋友,荣耀 两周 屏幕 清晰 流畅 拍照 效果 预期 很多 日常 使用 完全 足够 性价比 特别 推荐 预算 有限 想要 体验 朋友,商品9.csv,1.0,正向
荣耀X70手感好颜值高，8300mAh大电池续航超强，一天一充无压力。120Hz高刷屏流畅护眼，拍照清晰，系统稳定不卡顿，抗摔防水耐用，千元档性价比很高，值得入手。,5,已购 幻夜黑 8GB+128GB,浓妆淡雅熙,123,荣耀手感好颜值高大电池续航超强一天一充无压力高刷屏流畅护眼拍照清晰系统稳定不卡顿抗摔防水耐用千元档性价比很高值得入手,荣耀 手感 好颜值 高大 电池 续航 超强 一天 一充 压力 刷屏 流畅 护眼 拍照 清晰 系统 稳定 不卡顿 防水 耐用 千元 性价比 值得 入手,商品9.csv,1.0,正向
这款荣耀x70手机功能非常多。而且颜色很漂亮，还带nfc功能使用起来也很方便。唯一的遗憾是没有耳机插孔。,5,已购 竹韵青 8GB+256GB,q***h,124,这款荣耀手机功能非常多而且颜色很漂亮还带功能使用起来也很方便唯一的遗憾是没有耳机插孔,荣耀 手机 功能 非常 而且 颜色 很漂亮 功能 使用 起来 方便 唯一 遗憾 没有 耳机 插孔,商品9.csv,0.9993,正向
荣耀手机真的太香了！屏幕色彩鲜艳得像会发光，自拍美得不像话。拍照清晰度超高，外放声音也超大，音质清晰不刺耳。机身轻薄手感绝了，绿色配色简直吸睛，拿在手里就是焦点！爱了爱了，强烈推荐！,5,已购 幻夜黑 8GB+128GB,j***7,125,荣耀手机真的太香了屏幕色彩鲜艳得像会发光自拍美得不像话拍照清晰度超高外放声音也超大音质清晰不刺耳机身轻薄手感绝了绿色配色简直吸睛拿在手里就是焦点爱了爱了强烈推荐,荣耀 手机 真的 太香 屏幕 色彩鲜艳 发光 自拍 美得 不像话 拍照 清晰度 超高 外放 声音 超大 音质 清晰 刺耳 机身 轻薄 手感 绿色 配色 简直 吸睛 手里 就是 焦点 强烈推荐,商品9.csv,0.9769,正向
外观漂亮大方，拍照效果不错，图片清晰美观，运行流畅，声音清晰洪亮，大小合适，手拿非常方便，内存够用，不错的一次购物体验，手机非常不错。,5,已购 幻夜黑 8GB+256GB,00y8q18gcanqwv,126,外观漂亮大方拍照效果不错图片清晰美观运行流畅声音清晰洪亮大小合适手拿非常方便内存够用不错的一次购物体验手机非常不错,外观 漂亮 大方 拍照 效果 不错 图片 清晰 美观 运行 流畅 声音 清晰 洪亮 大小 合适 非常 方便 内存 够用 不错 一次 购物 体验 手机 非常 不错,商品9.csv,1.0,正向
"春节期间买了一个送个家人当礼物，手机质感很不错。和之前的华为手机可以无缝衔接。手机外观设计很好看质感强。
拍照效果：不错",5,已购 朱砂红 12GB+256GB,弎弎得九,127,"春节期间买了一个送个家人当礼物手机质感很不错和之前的华为手机可以无缝衔接手机外观设计很好看质感强
拍照效果不错",春节 期间 一个 送个 家人 礼物 手机 质感 不错 之前 华为 手机 可以 无缝 衔接 手机 外观设计 好看 质感 拍照 效果 不错,商品9.csv,1.0,正向
"买给婆婆用的。     
之前给妈妈买了一个。用着很好。  就给婆婆也买了一个。    
感觉挺好的 性价比很高。",5,已购 月影白 12GB+256GB,Emily嘟嘟菟,128,"买给婆婆用的     
之前给妈妈买了一个用着很好  就给婆婆也买了一个    
感觉挺好的 性价比很高",婆婆 之前 妈妈 一个 婆婆 一个 感觉 性价比,商品9.csv,1.0,正向
东西收到了，质量不错，细节做工都挺好。试用了一下，体验满意，符合描述，没什么问题。这个价位来说，性价比很高，值得入手。推荐给大家。,5,已购 竹韵青 8GB+128GB,浩然正气free,129,东西收到了质量不错细节做工都挺好试用了一下体验满意符合描述没什么问题这个价位来说性价比很高值得入手推荐给大家,东西 收到 质量 不错 细节 做工 试用 一下 体验 满意 符合 描述 没什么 问题 这个 价位 来说 性价比 值得 入手 推荐 大家,商品9.csv,1.0,正向
荣耀X70整体很满意，续航超强，一天重度使用无压力。屏幕清晰护眼，系统流畅稳定，拍照日常够用。机身做工扎实，握持舒适，信号和通话都不错。性价比很高，推荐入手！,5,已购 月影白 8GB+256GB,K***3,130,荣耀整体很满意续航超强一天重度使用无压力屏幕清晰护眼系统流畅稳定拍照日常够用机身做工扎实握持舒适信号和通话都不错性价比很高推荐入手,荣耀 整体 满意 续航 超强 一天 重度 使用 压力 屏幕 清晰 护眼 系统 流畅 稳定 拍照 日常 够用 机身 做工 扎实 握持 舒适 信号 通话 不错 性价比 推荐 入手,商品9.csv,1.0,正向
物流很快，次日到达。这款手机的颜值还是不错的，质感也很好，这重量拿起来也适中，操作很流畅，充电也比较快，能用一天不用再充，摄像头像素一般拍照也够用了,5,已购 幻夜黑 12GB+512GB,人***败,131,物流很快次日到达这款手机的颜值还是不错的质感也很好这重量拿起来也适中操作很流畅充电也比较快能用一天不用再充摄像头像素一般拍照也够用了,物流 很快 次日 到达 手机 颜值 还是 不错 质感 重量 起来 适中 操作 流畅 充电 比较 快能 一天 不用 再充 摄像头 像素 一般 拍照 够用,商品9.csv,1.0,正向
这款手机性价比非常高，我之前是给我爸买了，然后这次我妈生日，我又给她买了这款手机的红色，长辈非常喜欢！,5,已购 朱砂红 12GB+256GB,7***安,132,这款手机性价比非常高我之前是给我爸买了然后这次我妈生日我又给她买了这款手机的红色长辈非常喜欢,手机 性价比 非常 之前 然后 这次 我妈 生日 这款 手机 红色 长辈 非常 喜欢,商品9.csv,0.9997,正向
荣耀X70手机真心不错！屏幕显示清晰细腻，看视频特别舒服。拍照效果出乎意料地好，夜景模式很给力。系统运行流畅，电池续航持久，一天一充完全够用。颜值高、手感好，性价比真的高！,5,已购 幻夜黑 8GB+128GB,卍***n,133,荣耀手机真心不错屏幕显示清晰细腻看视频特别舒服拍照效果出乎意料地好夜景模式很给力系统运行流畅电池续航持久一天一充完全够用颜值高手感好性价比真的高,荣耀 手机 真心 不错 屏幕显示 清晰 细腻 视频 特别 舒服 拍照 效果 出乎意料 地好 夜景 模式 系统 运行 流畅 电池 续航 持久 一天 一充 完全 够用 颜值 高手 感好 性价比 真的,商品9.csv,1.0,正向
"外形外观：非常漂亮大气
屏幕音效：屏幕显示效果很好
拍照效果：拍照也不错
运行速度：运行速度很快
待机时间：待机时间很长
非常喜欢这个手机📱",5,已购 朱砂红 12GB+512GB,书成云轩,134,"外形外观非常漂亮大气
屏幕音效屏幕显示效果很好
拍照效果拍照也不错
运行速度运行速度很快
待机时间待机时间很长
非常喜欢这个手机",外形 外观 非常 漂亮 大气 屏幕 音效 屏幕显示 效果 拍照 效果 拍照 不错 运行 速度 运行 速度 很快 待机时间 待机时间 很长 非常 喜欢 这个 手机,商品9.csv,1.0,正向
机挺好的，看起来挺轻薄，用起来还蛮流畅的， 给老妈买的手机，希望她能喜欢能开心。 就是手机套是黑色的，可惜看不到里面的,5,已购 朱砂红 8GB+128GB,jd_137000rrr,135,机挺好的看起来挺轻薄用起来还蛮流畅的 给老妈买的手机希望她能喜欢能开心 就是手机套是黑色的可惜看不到里面的,机挺 看起来 轻薄 起来 流畅 老妈 手机 希望 喜欢 开心 就是 手机套 黑色 可惜 看不到 里面,商品9.csv,1.0,正向
荣耀X70这款手机价格实惠！电池续航时间长！触屏反应快！音质也不错！充电快！适合中老年人！功能够用！👍👍,5,已购 幻夜黑 12GB+256GB,1***g,136,荣耀这款手机价格实惠电池续航时间长触屏反应快音质也不错充电快适合中老年人功能够用,荣耀 手机 价格 实惠 电池 续航 时间 长触 反应 音质 不错 充电 适合 中老年人 能够,商品9.csv,1.0,正向
京东配送速度非常快，下单后第2天就收到货了，产品包装完好，没有破损，手机外观漂亮，入库及时，系统运行流畅，一点都不卡顿。,5,已购 竹韵青 8GB+256GB,羊***2,137,京东配送速度非常快下单后第天就收到货了产品包装完好没有破损手机外观漂亮入库及时系统运行流畅一点都不卡顿,京东 配送 速度 非常 下单 第天 收到 产品包装 完好 没有 破损 手机 外观 漂亮 入库 及时 系统 运行 流畅 一点 不卡顿,商品9.csv,0.9917,正向
荣耀X70续航直接封神！8300mAh的超大电池，日常用两天一充完全没问题，告别电量焦虑。IP69K防水+2.5米抗摔，下雨天、手滑摔落都不怕，特别省心￼￼￼。1.5K护眼直屏显示清晰，日常刷视频、看剧很舒服，千元机这个配置太香了！,5,已购 幻夜黑 12GB+256GB,N***星,138,荣耀续航直接封神的超大电池日常用两天一充完全没问题告别电量焦虑防水米抗摔下雨天手滑摔落都不怕特别省心护眼直屏显示清晰日常刷视频看剧很舒服千元机这个配置太香了,荣耀 续航 直接 封神 超大 电池 日常 两天 一充 完全 问题 告别 电量 焦虑 防水 米抗 下雨天 手滑 不怕 特别 省心 护眼 直屏 显示 清晰 日常 视频 看剧 舒服 千元 这个 配置 太香,商品9.csv,0.9963,正向
这款手机真的超乎期待！外放声音清晰洪亮，操作很流畅不卡顿，日常使用非常顺手。待机时间也很给力，一天下来电量依然充足。自拍效果自然好看，美颜恰到好处。快递包装严实📦，送货速度非常快，配送员服务态度也特别好。整体体验满分，强烈推荐！🌟🌟🌟🌟🌟,5,已购 朱砂红 12GB+256GB,j***y,139,这款手机真的超乎期待外放声音清晰洪亮操作很流畅不卡顿日常使用非常顺手待机时间也很给力一天下来电量依然充足自拍效果自然好看美颜恰到好处快递包装严实送货速度非常快配送员服务态度也特别好整体体验满分强烈推荐,手机 真的 超乎 期待 外放 声音 清晰 洪亮 操作 流畅 不卡顿 日常 使用 非常 顺手 待机时间 一天 下来 电量 依然 充足 自拍 效果 自然 好看 美颜 恰到好处 快递 包装 严实 送货 速度 非常 配送 服务态度 特别 整体 体验 满分 强烈推荐,商品9.csv,1.0,正向
"外形外观：外观好看，白色很干净
屏幕音效：屏幕超级清晰
运行速度：也不卡
待机时间：待机时间长
不错👍家人用很合适",5,已购 月影白 12GB+256GB,聪***市,140,"外形外观外观好看白色很干净
屏幕音效屏幕超级清晰
运行速度也不卡
待机时间待机时间长
不错家人用很合适",外形 外观 外观 好看 白色 干净 屏幕 音效 屏幕 超级 清晰 运行 速度 不卡 待机时间 待机时间 不错 家人 合适,商品9.csv,1.0,正向
"尺寸刚刚好，质量也非常好，店家的包装太用心了，值得推荐！
超大电池 用来给父母平时使用 看中防水续航功能",5,已购 幻夜黑 8GB+256GB,我***Z,141,"尺寸刚刚好质量也非常好店家的包装太用心了值得推荐
超大电池 用来给父母平时使用 看中防水续航功能",尺寸 刚刚 质量 非常 店家 包装 用心 值得 推荐 超大 电池 用来 父母 平时 使用 看中 防水 续航 功能,商品9.csv,0.9992,正向
荣耀X70手感好，8300mAh大电池续航超强，两天一充无压力。80W快充回血快，1.5K护眼屏清晰舒服，日常使用流畅。IP69K防水抗摔很耐用，千元机性价比很高，满意！,5,已购 幻夜黑 8GB+256GB,北***7,142,荣耀手感好大电池续航超强两天一充无压力快充回血快护眼屏清晰舒服日常使用流畅防水抗摔很耐用千元机性价比很高满意,荣耀 手感 好大 电池 续航 超强 两天 一充 压力 快充 回血快 护眼 清晰 舒服 日常 使用 流畅 防水 耐用 千元 性价比 满意,商品9.csv,1.0,正向
手机质量很好，屏幕清晰度高，运行速度快。本身也是买给家里老人的，用着还不错，刚开始老人还在慢慢适应中,5,已购 朱砂红 8GB+256GB,jd_pr95038feovh07,143,手机质量很好屏幕清晰度高运行速度快本身也是买给家里老人的用着还不错刚开始老人还在慢慢适应中,手机 质量 屏幕 清晰度 运行 速度 本身 家里 老人 不错 开始 老人 慢慢 适应,商品9.csv,0.9999,正向
手机颜值太高，手感轻薄舒适。屏幕清晰护眼，运行流畅不卡顿，打游戏超稳。续航给力，快充秒回血。拍照色彩真实，出片率高。性价比爆棚，真心推荐！,5,已购 月影白 8GB+128GB,j***a,144,手机颜值太高手感轻薄舒适屏幕清晰护眼运行流畅不卡顿打游戏超稳续航给力快充秒回血拍照色彩真实出片率高性价比爆棚真心推荐,手机 颜值 高手 轻薄 舒适 屏幕 清晰 护眼 运行 流畅 不卡顿 打游戏 超稳 续航 给力 充秒 回血 拍照 色彩 真实 出片 高性价比 爆棚 真心 推荐,商品9.csv,1.0,正向
"感觉可以，挺好用的，给父母买的，
外形外观：漂亮的，感觉挺好用，
屏幕音效：显示也不错，
拍照效果：视觉效果
运行速度：感觉挺流畅",5,已购 幻夜黑 8GB+256GB,jd_cTQKjWIYEtor,145,"感觉可以挺好用的给父母买的
外形外观漂亮的感觉挺好用
屏幕音效显示也不错
拍照效果视觉效果
运行速度感觉挺流畅",感觉 可以 挺好用 父母 外形 外观 漂亮 感觉 挺好用 屏幕 音效 显示 不错 拍照 效果 视觉效果 运行 速度 感觉 流畅,商品9.csv,1.0,正向
电池耐用，系统流畅，设置方便这款手机太给力了！电池续航强得离谱，一整天刷剧、打游戏完全无压力。系统运行丝滑流畅，操作快到飞起，设置界面简洁又方便。外观质感高级，拿在手里很有分量感，自拍效果也超清晰。用了一周，体验满分，强烈推荐！,5,已购 幻夜黑 8GB+256GB,约定5188,146,电池耐用系统流畅设置方便这款手机太给力了电池续航强得离谱一整天刷剧打游戏完全无压力系统运行丝滑流畅操作快到飞起设置界面简洁又方便外观质感高级拿在手里很有分量感自拍效果也超清晰用了一周体验满分强烈推荐,电池 耐用 系统 流畅 设置 方便 手机 太给力 电池 续航 强得 离谱 一整天 刷剧 打游戏 完全 压力 系统 运行 丝滑 流畅 操作 快到 飞起 设置 界面 简洁 方便 外观 质感 高级 手里 分量 感自 效果 清晰 一周 体验 满分 强烈推荐,商品9.csv,1.0,正向
这款手机简直太香了！屏幕色彩鲜艳到爆，阳光下也能清晰可见，外放声音超大，追剧根本不用戴耳机。手感舒适，握持感满分，操作流畅得飞起，日常使用完全无压力，强烈推荐！,5,已购 月影白 8GB+256GB,平淡戈凡,148,这款手机简直太香了屏幕色彩鲜艳到爆阳光下也能清晰可见外放声音超大追剧根本不用戴耳机手感舒适握持感满分操作流畅得飞起日常使用完全无压力强烈推荐,手机 简直 太香 屏幕 色彩鲜艳 阳光 清晰可见 外放 声音 超大 追剧 根本 不用 耳机 手感 舒适 握持 满分 操作 流畅 飞起 日常 使用 完全 压力 强烈推荐,商品9.csv,1.0,正向
"目前使用起来没什么问题，续航时间长
手机整体还是比较轻的，手握不费力
颜色比较好看，自带贴膜还是要换一下，容易留手印
总的来说还不错",5,已购 幻夜黑 12GB+256GB,8***d,149,"目前使用起来没什么问题续航时间长
手机整体还是比较轻的手握不费力
颜色比较好看自带贴膜还是要换一下容易留手印
总的来说还不错",目前 使用 起来 没什么 问题 续航 时间 手机 整体 还是 比较 手握 费力 颜色 比较 好看 自带 贴膜 还是 要换 一下 容易 手印 总的来说 不错,商品9.csv,0.8165,正向
"🌟这款手机手感真的超舒服，握着很稳～📱
🌈屏幕色彩鲜艳，画面清晰又流畅，追剧超爽！🎬
📦快递包装严实，一点没磕碰，细节满分✅
🚚送货速度飞快，配送员服务也超贴心😊
✨整体体验非常棒，强烈推荐！👍",5,已购 月影白 8GB+256GB,韵凌华,150,"这款手机手感真的超舒服握着很稳
屏幕色彩鲜艳画面清晰又流畅追剧超爽
快递包装严实一点没磕碰细节满分
送货速度飞快配送员服务也超贴心
整体体验非常棒强烈推荐",手机 手感 真的 舒服 屏幕 色彩鲜艳 画面 清晰 流畅 追剧 超爽 快递 包装 严实 一点 磕碰 细节 满分 送货 速度 飞快 配送 服务 贴心 整体 体验 非常 强烈推荐,商品9.csv,1.0,正向
"给老人买了荣耀X70，说是使用起来感觉很满意。手机操作简单，界面清晰，电池续航也很给力，一天下来还有剩余电量。拍照效果不错，拍出来的照片清晰度高。
总体评价，荣耀X70性价比高，非常适合长辈使用。",5,已购 朱砂红 8GB+256GB,jd_134052mui,151,"给老人买了荣耀说是使用起来感觉很满意手机操作简单界面清晰电池续航也很给力一天下来还有剩余电量拍照效果不错拍出来的照片清晰度高
总体评价荣耀性价比高非常适合长辈使用",老人 荣耀 使用 起来 感觉 满意 手机 操作 简单 界面 清晰 电池 续航 一天 下来 还有 剩余 电量 拍照 效果 不错 出来 照片 清晰度 总体 评价 荣耀 性价比 非常适合 长辈 使用,商品9.csv,1.0,正向
神机就是神机，功能强大，性价比超高，设备共享，投屏，超级方便，关键是什么，电池超赞，我可以三天充一次电，就剩30%也能用一天，当然持续打游戏，刷视频肯定不行，到这个已经很好了。,5,已购 朱砂红 12GB+512GB,jd_haizi9354,152,神机就是神机功能强大性价比超高设备共享投屏超级方便关键是什么电池超赞我可以三天充一次电就剩也能用一天当然持续打游戏刷视频肯定不行到这个已经很好了,神机 就是 神机 功能强大 性价比 超高 设备 共享 投屏 超级 方便 关键 什么 电池 超赞 可以 三天 一次 一天 当然 持续 打游戏 视频 肯定 不行 这个 已经,商品9.csv,1.0,正向
这个价的手机质感还是可以的，握着舒服，声音很大，屏幕显示色彩不错的。自拍只能说一般，但这个价格入手给家长性价比很高了。,5,已购 朱砂红 12GB+512GB,j***p,153,这个价的手机质感还是可以的握着舒服声音很大屏幕显示色彩不错的自拍只能说一般但这个价格入手给家长性价比很高了,这个 手机 质感 还是 可以 舒服 声音 很大 屏幕显示 色彩 不错 自拍 只能 一般 这个 价格 入手 家长 性价比,商品9.csv,1.0,正向
还可以吧，买给老人用的，比较轻，速度不玩游戏还可以。用了几天才评价的，原机带了膜➕壳，这个没想到。后续有问题再追加吧,5,已购 幻夜黑 12GB+256GB,j***n,154,还可以吧买给老人用的比较轻速度不玩游戏还可以用了几天才评价的原机带了膜壳这个没想到后续有问题再追加吧,可以 老人 比较 速度 玩游戏 可以 几天 评价 原机 这个 没想到 后续 问题 追加,商品9.csv,0.6889,中性
年前使用国补买的，价格也还算合适吧，画质清晰，声音也很清晰，系统操作很流畅，自带贴膜和手机壳，很贴心啊。老爸用着挺顺手。,5,已购 幻夜黑 8GB+256GB,J***D,155,年前使用国补买的价格也还算合适吧画质清晰声音也很清晰系统操作很流畅自带贴膜和手机壳很贴心啊老爸用着挺顺手,年前 使用 国补 价格 合适 画质 清晰 声音 清晰 系统 操作 流畅 自带 贴膜 手机 贴心 老爸 顺手,商品9.csv,1.0,正向
这款荣耀X70真的太赞了！😍不仅外观时尚大气，而且性能也非常强大。无论是玩游戏还是看视频都能轻松应对，完全不卡顿、发热严重的情况出现。最重要的是价格还这么亲民，性价比超高啊！,5,已购 竹韵青 8GB+256GB,有梦想的小海豚,156,这款荣耀真的太赞了不仅外观时尚大气而且性能也非常强大无论是玩游戏还是看视频都能轻松应对完全不卡顿发热严重的情况出现最重要的是价格还这么亲民性价比超高啊,荣耀 真的 太赞 不仅 外观 时尚 大气 而且 性能 非常 强大 无论是 玩游戏 还是 视频 轻松 应对 完全 不卡顿 发热 严重 情况 出现 重要 价格 这么 亲民 性价比 超高,商品9.csv,1.0,正向
性价比高，虽然网上说是低端机，但评价说续航能力长，对于我主要是工作用很合适，从2017年就用的荣耀手机，还是习惯这个品牌的手机,5,已购 朱砂红 12GB+512GB,wenjin1980,157,性价比高虽然网上说是低端机但评价说续航能力长对于我主要是工作用很合适从年就用的荣耀手机还是习惯这个品牌的手机,性价比 虽然 网上 低端 机但 评价 续航 能力 对于 主要 工作 合适 荣耀 手机 还是 习惯 这个 品牌 手机,商品9.csv,0.9993,正向
给老妈买的，背面红色很大气，除了感觉拍照不太行，其他都还可以。充电一次能用挺久的，看看视频啥的也够了。,5,已购 朱砂红 8GB+256GB,j***o,158,给老妈买的背面红色很大气除了感觉拍照不太行其他都还可以充电一次能用挺久的看看视频啥的也够了,老妈 背面 红色 很大 除了 感觉 拍照 太行 其他 可以 充电 一次 能用 看看 视频,商品9.csv,0.4869,中性
非常不错，就是没用到国补很不高兴,3,已购 幻夜黑 8GB+128GB,j***0,159,非常不错就是没用到国补很不高兴,非常 不错 就是 没用到 国补 高兴,商品9.csv,0.8337,正向
"手机
外形外观：个人觉得还可以。昨天下午下单，物流很快，第二天上午就到了快递小姐姐耐心的给上传数据什么的，用着还可以，反应快",5,已购 幻夜黑 12GB+512GB,家***么,160,"手机
外形外观个人觉得还可以昨天下午下单物流很快第二天上午就到了快递小姐姐耐心的给上传数据什么的用着还可以反应快",手机 外形 外观 个人 觉得 可以 昨天下午 下单 物流 很快 第二天 上午 快递 小姐姐 耐心 上传 数据 什么 可以 反应,商品9.csv,0.9999,正向
这款手机是在京东自营上购买的，京东物流送货很快就收到了。手机外观大气，红色喜庆，大小合适，屏幕清晰，音效很好，拍照自带美颜，出片美丽，棒棒哒！,5,已购 朱砂红 8GB+128GB,zhq0366,161,这款手机是在京东自营上购买的京东物流送货很快就收到了手机外观大气红色喜庆大小合适屏幕清晰音效很好拍照自带美颜出片美丽棒棒哒,手机 京东 自营 购买 京东 物流 送货 很快 收到 手机 外观 大气 红色 喜庆 大小 合适 屏幕 清晰 音效 拍照 自带 美颜 出片 美丽 棒棒,商品9.csv,1.0,正向
"好用
外形外观：好看
屏幕音效：很好
拍照效果：好看有动图 清晰
运行速度：很快 符合本人要求
待机时间：很长 续航时间久
其他特色：嗯怎么说呢反正很好",5,已购 月影白 8GB+256GB,k***4,162,"好用
外形外观好看
屏幕音效很好
拍照效果好看有动图 清晰
运行速度很快 符合本人要求
待机时间很长 续航时间久
其他特色嗯怎么说呢反正很好",好用 外形 外观 好看 屏幕 音效 拍照 效果 好看 有动图 清晰 运行 速度 很快 符合 本人 要求 待机时间 很长 续航 时间 其他 特色 怎么 反正,商品9.csv,1.0,正向
手机非常高端上档次.手感好.速度快.照相清晰.这个价位这个品质太高了.非常奈斯！真心觉得现在荣耀做的不错！,5,已购 朱砂红 8GB+128GB,yidong1314,163,手机非常高端上档次手感好速度快照相清晰这个价位这个品质太高了非常奈斯真心觉得现在荣耀做的不错,手机 非常 高端 上档次 手感 速度 快照 清晰 这个 价位 这个 品质 太高 非常 奈斯 真心 觉得 现在 荣耀 不错,商品9.csv,1.0,正向
待机时间很长，充电也快，参加了以旧换新和国补，超划算的价格，运行速度没问题，外观大气上档次，过年买来送给老人，很好的礼物🎁。,5,已购 幻夜黑 8GB+128GB,j***8,164,待机时间很长充电也快参加了以旧换新和国补超划算的价格运行速度没问题外观大气上档次过年买来送给老人很好的礼物,待机时间 很长 充电 参加 以旧换新 国补超 划算 价格 运行 速度 问题 外观 大气 上档次 过年 买来 送给 老人 礼物,商品9.csv,1.0,正向
"拍照效果：挺好的，清熄
待机时间：够用了两天
外形外观：整体还行，充电速度非常快，系统也很顺滑，音质什么都还过得去，",5,已购 幻夜黑 12GB+256GB,1***6,165,"拍照效果挺好的清熄
待机时间够用了两天
外形外观整体还行充电速度非常快系统也很顺滑音质什么都还过得去",拍照 效果 待机时间 够用 两天 外形 外观 整体 充电 速度 非常 系统 顺滑 音质 什么 还过得去,商品9.csv,1.0,正向
操非好。外观设计好看常作非常顺畅。电池非常耐用。很不错值充电速递也快。给孩子买的。特别高兴拿在手里爱不释手。满足她的应用需求。完全超预期的好。,5,已购 竹韵青 8GB+256GB,G霞光泡泡糖,166,操非好外观设计好看常作非常顺畅电池非常耐用很不错值充电速递也快给孩子买的特别高兴拿在手里爱不释手满足她的应用需求完全超预期的好,操非 外观设计 好看 常作 非常 顺畅 电池 非常 耐用 不错 充电 速递 孩子 特别 高兴 手里 爱不释手 满足 应用 需求 完全 预期,商品9.csv,1.0,正向
荣耀手机拍照清哳，操作方便，外观时尚大气，充电速度很快，电他容量很大，运行速度很快，待机时间很久，手感非常好，手机颜值高。,5,已购 月影白 8GB+256GB,d7nac409y7tl3w,167,荣耀手机拍照清哳操作方便外观时尚大气充电速度很快电他容量很大运行速度很快待机时间很久手感非常好手机颜值高,荣耀 手机 拍照 操作 方便 外观 时尚 大气 充电 速度 很快 电他 容量 很大 运行 速度 很快 待机时间 手感 非常 手机 颜值,商品9.csv,1.0,正向
给妈妈买的生日礼物，特别喜欢，非常好看，看中它的三个核心：抗摔，防水，大电池，棒棒哒！希望使用中把这些优势都体现出来！如果非常好用，会考虑再给爸爸买一个～,5,已购 朱砂红 12GB+512GB,巧手仙贝_顺遂x6397,168,给妈妈买的生日礼物特别喜欢非常好看看中它的三个核心抗摔防水大电池棒棒哒希望使用中把这些优势都体现出来如果非常好用会考虑再给爸爸买一个,妈妈 生日礼物 特别 喜欢 非常 看看 三个 核心 防水 电池 棒棒 希望 使用 这些 优势 体现 出来 如果 非常 好用 考虑 爸爸 一个,商品9.csv,1.0,正向
荣耀手机非常nice 做工精细颜色漂亮非常不错啊，给老爸的新年礼物，安卓系统操作容易上手快，屏幕舒适度好，手持感好，音质棒棒哒，爸爸很喜欢，赞一个啊，续航效果非常好,5,已购 幻夜黑 8GB+256GB,j***9,169,荣耀手机非常 做工精细颜色漂亮非常不错啊给老爸的新年礼物安卓系统操作容易上手快屏幕舒适度好手持感好音质棒棒哒爸爸很喜欢赞一个啊续航效果非常好,荣耀 手机 非常 做工 精细 颜色 漂亮 非常 不错 老爸 新年礼物 安卓 系统 操作 容易 手快 屏幕 舒适度 手持 感好 音质 棒棒 爸爸 喜欢 一个 续航 效果 非常,商品9.csv,1.0,正向
给我爸买的  特意先去线下店看了一下 说句实在话 质感真的在同价位算非常好的了  一点也没有千元机的廉价感,5,已购 朱砂红 12GB+256GB,你猜我是谁_,170,给我爸买的  特意先去线下店看了一下 说句实在话 质感真的在同价位算非常好的了  一点也没有千元机的廉价感,特意 线下 一下 说句 实在话 质感 真的 同价位 非常 一点 没有 千元 廉价,商品9.csv,0.9955,正向
荣耀X70手机真的太香了！外观简约大气，白色机身搭配圆形摄像头设计，颜值直接拉满。手感超轻薄，握持舒适，日常使用流畅丝滑。屏幕色彩饱满，外放声音清晰洪亮，无论是追剧还是听歌都超享受！强烈推荐入手！,5,已购 竹韵青 12GB+512GB,jd_zxjd553,171,荣耀手机真的太香了外观简约大气白色机身搭配圆形摄像头设计颜值直接拉满手感超轻薄握持舒适日常使用流畅丝滑屏幕色彩饱满外放声音清晰洪亮无论是追剧还是听歌都超享受强烈推荐入手,荣耀 手机 真的 太香 外观 简约 大气 白色 机身 搭配 圆形 摄像头 设计 颜值 直接 拉满 手感 超轻薄 握持 舒适 日常 使用 流畅 丝滑 屏幕 色彩 饱满 外放 声音 清晰 洪亮 无论是 追剧 还是 听歌 享受 强烈推荐 入手,商品9.csv,1.0,正向
手机蛮好用的，外观设计上也好看。拍照也清晰，拿着手感也不错，大气。运行速度也快。可以,5,已购 幻夜黑 12GB+256GB,jd_Tlq583303815,172,手机蛮好用的外观设计上也好看拍照也清晰拿着手感也不错大气运行速度也快可以,手机 外观设计 好看 拍照 清晰 手感 不错 大气 运行 速度 可以,商品9.csv,1.0,正向
手机很漂亮的，功能齐全，无线充电，NFC.ai应有尽有。像素5000万，对于我来说，够用了,5,已购 幻夜黑 12GB+512GB,5sjx1ev6n7hgvs,173,手机很漂亮的功能齐全无线充电应有尽有像素万对于我来说够用了,手机 很漂亮 功能齐全 无线 充电 应有尽有 像素 对于 来说 够用,商品9.csv,0.9996,正向
手机很漂亮，系统很流畅，给妈妈的生日礼物，红色非常喜庆，适合妈妈用，她非常喜欢💕,5,已购 朱砂红 12GB+256GB,s***3,174,手机很漂亮系统很流畅给妈妈的生日礼物红色非常喜庆适合妈妈用她非常喜欢,手机 很漂亮 系统 流畅 妈妈 生日礼物 红色 非常 喜庆 适合 妈妈 非常 喜欢,商品9.csv,1.0,正向
手机屏幕很清晰，电池容量大，续航时间久，充电速度快，AI优系统操作简单，性价比很高的一款手机！,5,已购 朱砂红 8GB+256GB,z***柒,175,手机屏幕很清晰电池容量大续航时间久充电速度快优系统操作简单性价比很高的一款手机,手机 屏幕 清晰 电池容量 续航 时间 充电 速度 快优 系统 操作 简单 性价比 一款 手机,商品9.csv,0.9999,正向
手机漂亮，运行速度快，物美价廉，值得购买，运行丝滑，荣耀，中国人的品牌，真棒👍👍👍,5,已购 朱砂红 12GB+256GB,jd_NhPoMGamaUpi,176,手机漂亮运行速度快物美价廉值得购买运行丝滑荣耀中国人的品牌真棒,手机 漂亮 运行 速度 物美价廉 值得 购买 运行 丝滑 荣耀 中国 品牌 真棒,商品9.csv,1.0,正向
这个买来送妈妈的新年礼物，老人家用完全足够。不卡网速也快，比旧机好太多，送礼送到妈妈心坎上了,5,已购 竹韵青 8GB+256GB,jd_sabr942,177,这个买来送妈妈的新年礼物老人家用完全足够不卡网速也快比旧机好太多送礼送到妈妈心坎上了,这个 买来 妈妈 新年礼物 老人家 完全 足够 不卡 网速 比旧 机好 太多 送礼 送到 妈妈 心坎,商品9.csv,0.9918,正向
操作很顺畅，外放声音也很大，自拍很好看，拍照很清晰，外观也很好看，屏幕音效也很好，运行很流畅,5,已购 朱砂红 8GB+128GB,李***Q,178,操作很顺畅外放声音也很大自拍很好看拍照很清晰外观也很好看屏幕音效也很好运行很流畅,操作 顺畅 外放 声音 很大 自拍 好看 拍照 清晰 外观 好看 屏幕 音效 运行 流畅,商品9.csv,1.0,正向
挺流畅的，给老妈买的，主要是电池续航能力长，适合老人家用。刚试了一下，声音也很大。可以👌,5,已购 月影白 8GB+256GB,寒梦飘雪,179,挺流畅的给老妈买的主要是电池续航能力长适合老人家用刚试了一下声音也很大可以,流畅 老妈 主要 电池 续航 能力 适合 老人家 刚试 一下 声音 很大 可以,商品9.csv,0.9983,正向
就红色背面是有层皮的似的面，其他颜色背面应该直接是塑料的。用着还行，不打大型游戏够用。,5,已购 朱砂红 8GB+256GB,b***o,180,就红色背面是有层皮的似的面其他颜色背面应该直接是塑料的用着还行不打大型游戏够用,红色 背面 层皮 似的 其他 颜色 背面 应该 直接 塑料 还行 大型 游戏 够用,商品9.csv,0.0924,负向
这手机值得入手，买给老妈的新年礼物，意外的流畅，续航还杠杠的，颜值在线，老妈喜欢得不行。,5,已购 朱砂红 8GB+256GB,ht_1113,182,这手机值得入手买给老妈的新年礼物意外的流畅续航还杠杠的颜值在线老妈喜欢得不行,手机 值得 入手 老妈 新年礼物 意外 流畅 续航 杠杠 颜值 在线 老妈 喜欢 不行,商品9.csv,0.9936,正向
手机电池容量大，系统不卡，护眼，屏幕清楚，拍照也可以。也可适合给父母买，够用了几,5,已购 月影白 12GB+256GB,j***7,183,手机电池容量大系统不卡护眼屏幕清楚拍照也可以也可适合给父母买够用了几,手机 电池容量 系统 不卡 护眼 屏幕 清楚 拍照 可以 适合 父母 够用,商品9.csv,0.9945,正向
反应速度挺快的，充电也挺快的，就是长沙地区的国补不能用，有点过分了，手机整体不错！性价比高！,5,已购 幻夜黑 8GB+256GB,波生庆,184,反应速度挺快的充电也挺快的就是长沙地区的国补不能用有点过分了手机整体不错性价比高,反应速度 挺快 充电 挺快 就是 长沙地区 国补 不能 有点 过分 手机 整体 不错 性价比,商品9.csv,0.9997,正向
荣耀品牌还是不错的。手感舒适，屏幕色彩鲜艳，操作顺畅，外放声音比较大，第2次回购了，性价比比较高。,5,已购 朱砂红 12GB+256GB,jd_189187uec,185,荣耀品牌还是不错的手感舒适屏幕色彩鲜艳操作顺畅外放声音比较大第次回购了性价比比较高,荣耀 品牌 还是 不错 手感 舒适 屏幕 色彩鲜艳 操作 顺畅 外放 声音 比较 第次 回购 性价比 比较,商品9.csv,0.9998,正向
"刚买的手机，颜值在线，性能也让人惊喜。
外形外观：好看
屏幕音效：还可以
拍照效果：给妈买的还可以",5,已购 月影白 12GB+256GB,奔***h,186,"刚买的手机颜值在线性能也让人惊喜
外形外观好看
屏幕音效还可以
拍照效果给妈买的还可以",刚买 手机 颜值 在线 性能 惊喜 外形 外观 好看 屏幕 音效 可以 拍照 效果 可以,商品9.csv,0.9999,正向
屏幕色彩鲜艳，手感舒适，软件启动挺快的，200多G的内存，能装不少的软件，自拍效果也挺好的。,5,已购 竹韵青 8GB+256GB,j***v,187,屏幕色彩鲜艳手感舒适软件启动挺快的多的内存能装不少的软件自拍效果也挺好的,屏幕 色彩鲜艳 手感 舒适 软件 启动 挺快 内存 能装 不少 软件 自拍 效果,商品9.csv,0.9761,正向
给老爸换的手机，还有国补，性价比很高的，手机屏幕大，内存也足够大，很适合家里的老人，喜欢,5,已购 幻夜黑 12GB+512GB,h***k,188,给老爸换的手机还有国补性价比很高的手机屏幕大内存也足够大很适合家里的老人喜欢,老爸 手机 还有 国补 性价比 手机 屏幕 内存 足够 适合 家里 老人 喜欢,商品9.csv,0.9994,正向
荣耀手机是我最喜欢品牌，几个手机都是荣耀的。这款是对比了好几款以后确定的，不太贵、颜值高，整体不错。,5,已购 朱砂红 12GB+512GB,梦归紫金,189,荣耀手机是我最喜欢品牌几个手机都是荣耀的这款是对比了好几款以后确定的不太贵颜值高整体不错,荣耀 手机 喜欢 品牌 几个 手机 荣耀 这款 对比 几款 以后 确定 太贵 颜值 整体 不错,商品9.csv,0.999,正向
这是买的第二台送给婆婆！屏幕大声音好 老人家用超级合适的！真的太赞了！操作简单！很流畅！,5,已购 朱砂红 8GB+128GB,殷***a,190,这是买的第二台送给婆婆屏幕大声音好 老人家用超级合适的真的太赞了操作简单很流畅,第二台 送给 婆婆 屏幕 声音 老人家 超级 合适 真的 太赞 操作 简单 流畅,商品9.csv,0.9936,正向
很不错，电量很足，拍照清晰度也不错，智能化运用比较好，物流快，服务好，使用起来比较流畅,5,已购 幻夜黑 12GB+512GB,自由行者0771,191,很不错电量很足拍照清晰度也不错智能化运用比较好物流快服务好使用起来比较流畅,不错 电量 很足 拍照 清晰度 不错 智能化 运用 比较 物流 服务 使用 起来 比较 流畅,商品9.csv,0.9999,正向
荣耀新款性价比挺高的，买给老妈用的，老人家很喜欢，有送一个手机壳，电池是超级快充，充电杠杠快,5,已购 朱砂红 12GB+512GB,jd_763449260,192,荣耀新款性价比挺高的买给老妈用的老人家很喜欢有送一个手机壳电池是超级快充充电杠杠快,荣耀 新款 性价比 老妈 老人家 喜欢 一个 手机 电池 超级 快充 充电 杠杠,商品9.csv,0.9998,正向
买的第三部了，家里人用的都是这个型号，性价比也是超高，非常实用，基本功能都有了，满足日常所需。,5,已购 朱砂红 12GB+512GB,美丽的徐小姐,193,买的第三部了家里人用的都是这个型号性价比也是超高非常实用基本功能都有了满足日常所需,第三部 家里人 这个 型号 性价比 超高 非常 实用 基本功能 满足 日常,商品9.csv,0.9997,正向
非常好，半天就到了，使用方便，物超所值，物美价廉，人机界面非常好，运行速度非常快，很好,5,已购 朱砂红 8GB+256GB,jd_1216823,194,非常好半天就到了使用方便物超所值物美价廉人机界面非常好运行速度非常快很好,非常 半天 使用方便 物超所值 物美价廉 人机界面 非常 运行 速度 非常,商品9.csv,0.9997,正向
操作流畅，大小合适，京东发货也快，！！！！一直用荣耀手机操作起来也比较顺手质量杠杠的,5,已购 幻夜黑 12GB+512GB,小***e,195,操作流畅大小合适京东发货也快一直用荣耀手机操作起来也比较顺手质量杠杠的,操作 流畅 大小 合适 京东 发货 一直 荣耀 手机 操作 起来 比较 顺手 质量 杠杠,商品9.csv,0.9875,正向
以前的手机用的时间长了，运行有些慢了，而且掉电速度有些快，正好年底买一个不用价格太贵，实用最好，,5,已购 月影白 12GB+256GB,j***1,196,以前的手机用的时间长了运行有些慢了而且掉电速度有些快正好年底买一个不用价格太贵实用最好,以前 手机 时间 运行 有些 而且 掉电 速度 有些 正好 年底 一个 不用 价格 太贵 实用 最好,商品9.csv,0.833,正向
手机收到，最重要的相中这款X70的电池🔋了，收到后十分满意，给老妈用，绝对够用，好评,5,已购 幻夜黑 12GB+512GB,jd_66f627109665f,197,手机收到最重要的相中这款的电池了收到后十分满意给老妈用绝对够用好评,手机 收到 重要 相中 这款 电池 收到 十分满意 老妈 绝对 够用 好评,商品9.csv,0.8862,正向
"这里给你一段80字左右、通用又真实的手机好评，直接可用：
 
这款手机整体使用体验非常好，外观简约大气，手感舒适。屏幕清晰细腻，运行流畅不卡顿，日常使用和娱乐都足够。续航表现稳定，充电速度也快，拍照效果清晰自然",5,已购 月影白 8GB+256GB,ocsy-,198,"这里给你一段字左右通用又真实的手机好评直接可用
 
这款手机整体使用体验非常好外观简约大气手感舒适屏幕清晰细腻运行流畅不卡顿日常使用和娱乐都足够续航表现稳定充电速度也快拍照效果清晰自然",这里 一段 左右 通用 真实 手机 好评 直接 可用 手机 整体 使用 体验 非常 外观 简约 大气 手感 舒适 屏幕 清晰 细腻 运行 流畅 不卡顿 日常 使用 娱乐 足够 续航 表现 稳定 充电 速度 拍照 效果 清晰 自然,商品9.csv,1.0,正向
荣耀X70质感非常好，手机很轻薄，还是直板机拿着一点都不重滑动效果也很好，体验感非常棒。,5,已购 幻夜黑 8GB+256GB,jd_137945pht,199,荣耀质感非常好手机很轻薄还是直板机拿着一点都不重滑动效果也很好体验感非常棒,荣耀 质感 非常 手机 轻薄 还是 直板机 一点 不重 滑动 效果 体验 非常,商品9.csv,0.9999,正向
外观漂亮，手机像素还不错，电池容量大待机时间超长，价格亲民老人用着足够，物流速度快,5,已购 朱砂红 8GB+256GB,高***珵,200,外观漂亮手机像素还不错电池容量大待机时间超长价格亲民老人用着足够物流速度快,外观 漂亮 手机 像素 不错 电池容量 待机时间 超长 价格 亲民 老人 足够 物流 速度,商品9.csv,1.0,正向
