评分,评论内容,评论时间,商品规格
1,性能非常强劲，拍照也挺好的，就是玩游戏容易锁帧，也容易发烫，耗电比较快，充电也比较慢 显示效果：非常清晰，亮度也挺高的 其他特色：气氛光效能给你带来自信,2026年3月1日,"{'机身颜色': '传奇版', '套餐类型': '官方标配', '存储容量': '16GB+1TB'}"
1,第三个iqoo手机了，没有让人失望，指纹和面部解锁速度很快很灵敏，之前都是买的黑色，这次凌云自带变色也很好看，游戏体验也很好，拍照效果也不错,2026年3月4日,"{'机身颜色': '凌云', '套餐类型': '官方标配', '存储容量': '16GB+512GB'}"
1,好看，手感不错，快递到货不打电话，直接显示签收了，真气人,2026年3月1日,"{'机身颜色': '赛道版', '套餐类型': '官方标配', '存储容量': '16GB+1TB'}"
1,用了几天还算行吧   就是7000毫安的电池不如预期的那么耐用   买这手机也不在乎厚那么点  把电池再加大点 就好了,2026年2月24日,"{'机身颜色': '凌云', '套餐类型': '官方标配', '存储容量': '16GB+512GB'}"
1,续航超给力，运行流畅不卡顿，颜值还超高！拍照清晰色彩准，握感舒适，日常使用太顺手！系统丝滑，性价比直接拉满！屏幕显示细腻，续航抗打，真心物超所值！不错,2026年1月24日,"{'机身颜色': '传奇版', '套餐类型': '官方标配', '存储容量': '12GB+512GB'}"
1,前天下单昨天到货，上手非常丝滑，外观是我喜欢的，屏幕大小合适，是我的梦中情机！,2026年2月28日,"{'机身颜色': '传奇版', '套餐类型': '官方标配', '存储容量': '16GB+1TB'}"
1,实物更好看，不卡顿，还送了一个手机壳，但是手机壳不包镜头。,2026年2月23日,"{'机身颜色': '凌云', '套餐类型': '官方标配', '存储容量': '16GB+512GB'}"
1,iQOO15相较上代提升不小果断入手了，后置镜头Deco呼吸灯还不错，屏幕和电池都有提升，握持手感舒适，简单体验了一下拍照还不错，橘子6的系统流畅度还是很高的，总体还是挺满意的。,2026年1月4日,"{'机身颜色': '传奇版', '套餐类型': '官方标配', '存储容量': '12GB+512GB'}"
1,东西比我想象中的还要完美，十分给力，值得入手包装非常结实，东西保护得很好，值得好评东西很满意哦，美观时尚大气，客服超级有耐心，服务细致贴心,2026年2月6日,"{'机身颜色': '传奇版', '套餐类型': '官方标配', '存储容量': '16GB+1TB'}"
1,天天暴力打游戏直到电池榨干每天晚上10点钟~凌晨4点钟还能剩30%多的电。一天一充。对比iQOO13iQOO 15发烫变低了，更适合投屏直播打游戏。用电量明显更耐用但不多。唯独不好的就是从16充满100需要50多分钟属实最强游戏机，闭眼冲就完事儿了,2026年1月7日,"{'机身颜色': '凌云', '套餐类型': '官方标配', '存储容量': '16GB+256GB'}"
1,很好用，打游戏都很不错，系统流畅，挺好的。,2026年1月6日,"{'机身颜色': '凌云', '套餐类型': '官方标配', '存储容量': '16GB+256GB'}"
1,  1. iQOO 15性能拉满，2K直屏顺滑清晰，游戏帧率稳、散热强，续航给力，全能旗舰很满意！ 2. 手感颜值在线，运行流畅不卡顿，拍照清晰，充电快，日常游戏都完美，强烈推荐！ 3. 双芯加持战力超强，屏幕护眼又通透，续航持久，系统流畅，用着太舒服了！   游戏党专用   1. 电竞体验拉满！144Hz高刷+Q3芯片，团战丝滑不掉帧，触控跟手，散热稳，上分神器！ 2. 游戏帧率超稳，长时间玩不发烫，双扬音质棒，操作零延迟，手游党直接冲！   ,2026年2月17日,"{'机身颜色': '赛道版', '套餐类型': '官方标配', '存储容量': '16GB+1TB'}"
1,挺不错的传奇板颜值挺高的，那个ar抗反射膜有点涩手，希望以后iqoo出个ar抗反射钢化膜,2026年1月11日,"{'机身颜色': '传奇版', '套餐类型': '官方标配', '存储容量': '16GB+512GB'}"
1,很多年前第一次接触IQOO手机，到目前为止都已经买了3部iQOO手机了，用好几年都不会卡顿，性能确实吊打很多安卓机,2026年1月18日,"{'机身颜色': '赛道版', '套餐类型': '官方标配', '存储容量': '16GB+512GB'}"
1,孩子很喜欢，正常使用一天一充无压力，快充也很给力，屏幕清晰、外放音质不错，机身手感也舒服，细节做工都很到位，物超所值的一款，闭眼入不亏！,2026年1月26日,"{'机身颜色': '凌云', '套餐类型': '官方标配', '存储容量': '12GB+512GB'}"
1,很奈斯，15超级丝滑好用，种草到了，后悔没早点入手,2026年1月23日,"{'机身颜色': '传奇版', '套餐类型': '官方标配', '存储容量': '12GB+512GB'}"
1,美观大气，性能强劲！👍快递便捷效率！优惠多多，值得购买,2026年2月28日,"{'机身颜色': '凌云', '套餐类型': '官方标配', '存储容量': '16GB+256GB'}"
1,手机收到了是正品，打王者试了一下狠好用，机身上手很丝滑，我喜欢，值得购买,2026年1月30日,"{'机身颜色': '传奇版', '套餐类型': '官方标配', '存储容量': '16GB+512GB'}"
1,包装严实没有破损，物流很快，服务很好，使用一段时间后再来追评。,2026年2月14日,"{'机身颜色': '凌云', '套餐类型': '官方标配', '存储容量': '12GB+512GB'}"
-1,我觉得有点小问题，不太稳定。,2026年3月4日,"{'机身颜色': '赛道版', '套餐类型': '官方标配', '存储容量': '16GB+512GB'}"
1,一直很喜欢iqoo这个品牌，看中它的性能强悍，性价比高，第三次购买iqoo品牌的手机了。,2026年2月22日,"{'机身颜色': '凌云', '套餐类型': '官方标配', '存储容量': '16GB+256GB'}"
1,传奇版外观真不赖，日用、打游戏都可以，续航也是顶中顶😋,2026年2月22日,"{'机身颜色': '传奇版', '套餐类型': '官方标配', '存储容量': '16GB+1TB'}"
1,非常可以 虽然上一个到手有划痕 但是好歹退了,2026年1月18日,"{'机身颜色': '传奇版', '套餐类型': '官方标配', '存储容量': '16GB+1TB'}"
1,手机性能非常好，和平能稳144帧率，基本不发烫，凌元配色很好看，充电速度快,2026年2月20日,"{'机身颜色': '凌云', '套餐类型': '官方标配', '存储容量': '16GB+512GB'}"
1,手机昨天下的单今天就到了  选了凌云 未激活的新机 性能先用再来追评     ,2026年1月28日,"{'机身颜色': '凌云', '套餐类型': '官方标配', '存储容量': '12GB+256GB'}"
1,开高画质144帧率，加个散热器打游戏一点都不掉帧，非常流畅电池也耐用,2026年2月15日,"{'机身颜色': '传奇版', '套餐类型': '官方标配', '存储容量': '16GB+512GB'}"
1,趁着国补以旧换新入手，一直用iQOO系列，体验不错，新机也是无缝衔接旧机,2026年1月7日,"{'机身颜色': '凌云', '套餐类型': '官方标配', '存储容量': '16GB+512GB'}"
1,想了好久的手机，终于买到了，手机打游戏非常流畅，很好用，喜欢😍😍😍,2026年1月25日,"{'机身颜色': '凌云', '套餐类型': '官方标配', '存储容量': '12GB+256GB'}"
1,实物与描述的一样，质量相当好，卖家态度也好，有问必答，发货速度杠杠的，值得购买哦~,2026年1月10日,"{'机身颜色': '传奇版', '套餐类型': '官方标配', '存储容量': '12GB+256GB'}"
1,该用户未填写评价内容,2025年12月21日,"{'机身颜色': '传奇版', '套餐类型': '官方标配', '存储容量': '16GB+512GB'}"
1,从iqoo12换到iqoo13，再换到现在的iqoo15，一直都没有让我失望，体验非常棒  通信音质：非常好  显示效果：非常棒,2026年2月27日,"{'机身颜色': '传奇版', '套餐类型': '官方标配', '存储容量': '16GB+512GB'}"
1,手机目前用着非常可以。特别是呼吸灯，值得点赞。，各位友友赶快入手吧！,2026年1月8日,"{'机身颜色': '凌云', '套餐类型': '官方标配', '存储容量': '16GB+512GB'}"
1,手机上手好，第一感觉是实在，握感很好，有旗舰机的手感，快递收到后，盒子的右下角有损坏，但问题不大，开盒的阻尼感很强，但是有点难开，使用两天，运行了各类主流的大型游戏，帧率表现都很稳定，并不像网上人说的有很多小毛病，手机的插帧效果很惊艳，外观也不用说，很漂亮，总体我能给到五星评价，个人很喜欢，从neo跳到旗舰，满足了所有的期待,2026年1月30日,"{'机身颜色': '传奇版', '套餐类型': '官方标配', '存储容量': '12GB+512GB'}"
1,给孩子买的，用着挺顺手挺好，我们全家用的都是iqoo系列的手机,2026年2月22日,"{'机身颜色': '凌云', '套餐类型': '官方标配', '存储容量': '16GB+512GB'}"
1,支持国产，还送了一个满分的手机壳，试用了一天感觉各方面都不错，不愧是官方比赛用得手机，名不虚传，物流超级给力的游戏还没打过，但是我觉得我没必要试了，支持国产iqooNB，祝年年都有所更新…,2026年2月21日,"{'机身颜色': '凌云', '套餐类型': '官方标配', '存储容量': '16GB+256GB'}"
1,快递：真的很快！手机：很丝滑！拍照：非常清晰！电池：很耐用！,2026年1月28日,"{'机身颜色': '赛道版', '套餐类型': '官方标配', '存储容量': '16GB+512GB'}"
1,手机运输无破损 本地顺丰不到一天到. 备份完成后桌面app怎么拖拽不动.后面恍然大悟原来是我新机15不知道怎么是抽屉风格 改成标准就OK  手机反应很好屏幕显示很好.多年的老顾客 以后需要再来光顾.,2025年12月24日,"{'机身颜色': '旷野', '套餐类型': '官方标配', '存储容量': '16GB+512GB'}"
1,手机很好用 连WiFi很稳定 打游戏也不卡 很喜欢手机 ,2026年1月5日,"{'机身颜色': '凌云', '套餐类型': '官方标配', '存储容量': '16GB+256GB'}"
1,物流超快，半夜发货，品控真的很好，我用的上一代也是iQOO的手机，怎么掉都不会碎。,2026年2月14日,"{'机身颜色': '传奇版', '套餐类型': '官方标配', '存储容量': '16GB+512GB'}"
1,物流超级给力，当日送达，手机充电就开始发烫，也没开启极速充电，玩游戏也发烫，但是玩游戏很流畅，用几天再来评价后续体验,2026年2月8日,"{'机身颜色': '凌云', '套餐类型': '官方标配', '存储容量': '12GB+256GB'}"
1,手机顶好用的打游戏挺流畅的，物流速度也很快,2026年1月11日,"{'机身颜色': '传奇版', '套餐类型': '官方标配', '存储容量': '16GB+1TB'}"
1,手机特别好很流畅的打游戏画质也比较清晰 不卡 很顺手还送了手机壳 也配套使用很喜欢,2025年12月15日,"{'机身颜色': '传奇版', '套餐类型': '官方标配', '存储容量': '16GB+256GB'}"
1,我买的是iQOO1516+512凌云外观，外观完好，成色也不错，很喜欢。,2026年1月10日,"{'机身颜色': '凌云', '套餐类型': '官方标配', '存储容量': '16GB+512GB'}"
1,这款商品整体做工精良细节处理佳，运行速度十分给力，使用中响应迅速不卡顿。屏幕显示清晰，视觉感受舒适，是一次很满意的购物。,2026年2月5日,"{'机身颜色': '凌云', '套餐类型': '官方标配', '存储容量': '16GB+512GB'}"
1,手感很不错，镜头没有很凸起，不影响握持； 马达好评，0916马达，不过调教的一般，有待改进；系统流畅，续航也还行。,2026年1月6日,"{'机身颜色': '传奇版', '套餐类型': '官方标配', '存储容量': '16GB+256GB'}"
1,使用体验太好了，屏幕显示细腻，系统流畅到飞起。,2026年1月6日,"{'机身颜色': '凌云', '套餐类型': '官方标配', '存储容量': '16GB+256GB'}"
1,物流很快，次日就到了，用着很顺滑，就是感觉音量没有以前大呢,2026年3月2日,"{'机身颜色': '传奇版', '套餐类型': '官方标配', '存储容量': '16GB+1TB'}"
1,几个朋友都买了定制版，体验了都非常不错。对于不怎么玩游戏的我。传奇是我唯一的选择。太爱了,2025年12月22日,"{'机身颜色': '传奇版', '套餐类型': '官方标配', '存储容量': '16GB+512GB'}"
1,用了1个月来评价的，这个款式用了9年了，感觉凌云这个配色真的很好，然后在摄像上面也得到了提升，打王者荣耀144hz也是真的🉐劲,2025年12月11日,"{'机身颜色': '凌云', '套餐类型': '官方标配', '存储容量': '16GB+512GB'}"
1,机身轻巧颜值高，16GB大内存流畅运行✨📱拍照清晰夜景也出色📸物流超快服务贴心👏整体体验非常满意👍🏻,2025年12月11日,"{'机身颜色': '凌云', '套餐类型': '官方标配', '存储容量': '16GB+1TB'}"
1,特别好看，手感很好，屏幕显示非常通透不愧是三星顶级屏幕，性能也特别流畅王者有144hz太爽了，强烈推荐游戏党购入,2025年11月26日,"{'机身颜色': '凌云', '套餐类型': '官方标配', '存储容量': '12GB+256GB'}"
1,我和我老公 自从iqoo Z3开始 一直在用 iqoo  手机 性价比太高了， 充电快不说   打游戏一点都不发烫，画面特别清晰  绝了    无可挑剔,2026年1月26日,"{'机身颜色': '传奇版', '套餐类型': '官方标配', '存储容量': '16GB+1TB'}"
1,该用户觉得商品非常好，给出5星好评,2026年1月13日,"{'机身颜色': '传奇版', '套餐类型': '官方标配', '存储容量': '16GB+1TB'}"
1,还行，打游戏也会发烫，凑合用吧，就是国补的手机不是要快递员当面激活吗，我这个没有，问客服说没区别一样的，不太懂,2026年1月24日,"{'机身颜色': '凌云', '套餐类型': '官方标配', '存储容量': '16GB+1TB'}"
1,这是我第一台IQ手机，刚刚倒完各种软件设置，一会安转几款游戏，体验一下强大的游戏流畅感觉！,2026年2月13日,"{'机身颜色': '旷野', '套餐类型': '官方标配', '存储容量': '16GB+512GB'}"
1,手机外观很漂亮，特别是游戏，嘎嘎丝滑，不愧是游戏机里面的天花板，超帅。,2026年2月11日,"{'机身颜色': '赛道版', '套餐类型': '官方标配', '存储容量': '16GB+256GB'}"
1,收到货用到现在为止，体验感不错，手机拆开没有刮花，手机没什么问题，收到时候还是未激活的全新，有保障不错！好评,2026年1月21日,"{'机身颜色': '凌云', '套餐类型': '官方标配', '存储容量': '16GB+256GB'}"
1,打逆水寒，最高画质，帮战不卡，也不怎么发热,2026年2月8日,"{'机身颜色': '凌云', '套餐类型': '官方标配', '存储容量': '12GB+256GB'}"
1,该用户未填写评价内容,2025年12月7日,"{'机身颜色': '凌云', '套餐类型': '官方标配', '存储容量': '16GB+1TB'}"
1,iQoo15好看了,2026年1月18日,"{'机身颜色': '凌云', '套餐类型': '官方标配', '存储容量': '16GB+512GB'}"
1,急着用手机，和客服沟通后昨晚下单今早就到了，非常感谢客服小姐姐的加急和快递员的速度，辛苦了❤️谢谢！,2026年2月1日,"{'机身颜色': '凌云', '套餐类型': '官方标配', '存储容量': '16GB+512GB'}"
1,该用户觉得商品还不错,2026年2月1日,"{'机身颜色': '传奇版', '套餐类型': '官方标配', '存储容量': '16GB+512GB'}"
1,对比了好几款手机，最后觉得还是得这款手机，游戏玩的比较需要一款功能性好一点的，之前为子，果子都用过，说实话开不了稍高的画面，之前发热掉帧常有的事，不踩哈，也不是拖，这个用着真香，而且除了游戏拍照片也很好看，像素也针不错！总之满意,2025年12月10日,"{'机身颜色': '传奇版', '套餐类型': '官方标配', '存储容量': '12GB+512GB'}"
1,该用户觉得商品非常好，给出5星好评,2026年1月15日,"{'机身颜色': '传奇版', '套餐类型': '官方标配', '存储容量': '16GB+512GB'}"
1,手机还可以，买到迫不及待的用了，还可以，理想中的手机，比较满意,2026年1月4日,"{'机身颜色': '赛道版', '套餐类型': '官方标配', '存储容量': '16GB+512GB'}"
1,数据转换简单，换机一点都不麻烦。界面排序自动保存老的设置。玩游戏体感很好。,2026年1月28日,"{'机身颜色': '凌云', '套餐类型': '官方标配', '存储容量': '16GB+512GB'}"
1,物流绝了！头天下单第二天就到，包装完好无破损。手机外观颜值戳中我，手感轻薄握久了不硌手。运行速度超丝滑，刷视频、玩手游完全不卡顿，切换APP秒响应。拍照效果超出预期，日常拍美食、风景都清晰有质感，色彩还原度很高。电池续航也给力，充电速度也快。客服态度超好，有问题秒回，购物体验满分，已经推荐给朋友啦,2025年11月20日,"{'机身颜色': '传奇版', '套餐类型': '官方标配', '存储容量': '12GB+256GB'}"
1,快递有点慢。用起来不错。,2026年3月2日,"{'机身颜色': '凌云', '套餐类型': '官方标配', '存储容量': '16GB+512GB'}"
1,质量能打的。原子隐私系统做的不错。,2026年3月2日,"{'机身颜色': '赛道版', '套餐类型': '官方标配', '存储容量': '12GB+512GB'}"
1,新机用的还不错，旧机也回收了，上门服务很方便，下次再来购买！,2026年3月1日,"{'机身颜色': '凌云', '套餐类型': '官方标配', '存储容量': '12GB+512GB'}"
1,好，很好，非常好 IQ手机值得购买。,2026年2月28日,"{'机身颜色': '传奇版', '套餐类型': '官方标配', '存储容量': '16GB+512GB'}"
1,Iqoo 的忠实粉丝，上一台手机也用了4年，iqoo15上市了就买了，看中这款凌云配色外观不错，水墨加变色，很喜欢，游戏体验也很好,2025年12月3日,"{'机身颜色': '凌云', '套餐类型': '官方标配', '存储容量': '16GB+1TB'}"
1,使用效果非常好，系统很流畅，屏幕好看，拍照效果也很好，打王者也很不错，远远超过预期，性价比超高，很值得大家入手，以后有机会还会买这个品牌。,2025年11月29日,"{'机身颜色': '凌云', '套餐类型': '官方标配', '存储容量': '16GB+512GB'}"
1,通信音质：很好 显示效果：也很nice 其他特色：微信朋友圈能看实况图是我没想到的，之前用其他安卓机根本看不到微信实况朋友圈，这点让我很惊喜！语音助手是需要录入自己的声音，小v只会识别我自己的声音，这个也很nice！ 之前用手机总是内存不够，这次直接一步到位买1TB+16G运行真的是爽歪歪，用起来太丝滑了，返回什么的只需要在屏幕边缘往左或右滑，真的太丝滑啦！像吃了德芙一样丝滑，买IQOO真的买对了😄暂时是用了几天之后的感想，已经感觉很智能了！ ,2025年11月29日,"{'机身颜色': '凌云', '套餐类型': '官方标配', '存储容量': '16GB+1TB'}"
1,第一次用iQOO真的感觉很不错拍照游戏方面都很好,2026年2月20日,"{'机身颜色': '凌云', '套餐类型': '官方标配', '存储容量': '16GB+512GB'}"
1,手感不错，用着也可以，想换手机的朋友可以下单,2026年1月24日,"{'机身颜色': '传奇版', '套餐类型': '官方标配', '存储容量': '16GB+256GB'}"
1,很不错哦，这屏幕看着比我原来那个9清晰多了，音质也很好，响应速度也快上不少，其他的功能就以后慢慢体验了,2025年12月23日,"{'机身颜色': '凌云', '套餐类型': '官方标配', '存储容量': '16GB+512GB'}"
1,充满电太慢了，ioo11S充满电20分钟，15充满电要55分钟，其他还可以,2026年1月21日,"{'机身颜色': '传奇版', '套餐类型': '官方标配', '存储容量': '16GB+512GB'}"
1,反映很快。触感很快很好。不卡顿。摄像也够用了。打游戏反应还是很快的。后面那个氛围灯真的很爱了。也不担心不够用电量了,2025年12月10日,"{'机身颜色': '凌云', '套餐类型': '官方标配', '存储容量': '16GB+1TB'}"
1,该用户未填写评价内容,2025年12月10日,"{'机身颜色': '凌云', '套餐类型': '官方标配', '存储容量': '16GB+512GB'}"
1,作为第一代iqoo用户，iqoo品质盲入。,2025年12月15日,"{'机身颜色': '传奇版', '套餐类型': '官方标配', '存储容量': '16GB+512GB'}"
1,快递很快，第二天就送到了，机子也没问题，很流畅，很好用，这个颜色很好看，巨喜欢！！,2025年11月30日,"{'机身颜色': '凌云', '套餐类型': '官方标配', '存储容量': '16GB+1TB'}"
1,雾灰边框质感细腻，屏幕透亮干净，简约又显档次，拿在手里肯定又顺手又有面～这手机质感好绝！雾面边框握感肯定舒服，屏幕清透看着就高级，低调又耐看～,2025年11月30日,"{'机身颜色': '凌云', '套餐类型': '官方标配', '存储容量': '16GB+512GB'}"
1,非常好没有任何问题橘子橘子6系统流畅 格栅壁纸超级好看 王者荣耀各种大型游戏非常流畅不卡帧,2025年11月26日,"{'机身颜色': '凌云', '套餐类型': '官方标配', '存储容量': '16GB+1TB'}"
1,✨手机收到啦，凌云配色真机比图片还好看，磨砂质感高级又不沾指纹~📱续航能力真的很好，重度使用一天下来还有余电，再也不用频繁找充电器了🔋拍照效果也很清晰，日常记录生活足够用，运行速度也很畅快，切换APP毫无卡顿感~💯物流和服务态度都超赞，五星好评必须安排！👍,2025年12月4日,"{'机身颜色': '凌云', '套餐类型': '官方标配', '存储容量': '16GB+512GB'}"
1,除了挂不住散热器，其他的外观性能都挺好的,2025年12月27日,"{'机身颜色': '凌云', '套餐类型': '官方标配', '存储容量': '16GB+512GB'}"
1,收到了，目前用着还可以吧，就是感觉有点小贵。这会听我们这边线下的说有国补了，有点后悔买早了，要不又能便宜几百块，还有在直播间被抽到中奖腾讯季卡，到现在都没有得到奖励,2026年1月5日,"{'机身颜色': '凌云', '套餐类型': '官方标配', '存储容量': '16GB+512GB'}"
1,手机到手特意用了一段时间才来评价的，首先屏幕显示及色彩还原都非常好，通信质量及信号非常好，电池很耐用续航也非常好，整机的做工及质感非常好，要是厚度能控制在8毫米以内就更好了，不过旗舰机各种顶级配置厚度8.28也在情理之中，我是z9t换过来的，体验非常好！,2025年11月29日,"{'机身颜色': '凌云', '套餐类型': '官方标配', '存储容量': '16GB+512GB'}"
1,纠结了很久，最后还是选择这款手机。我对比了一下我之前使用的iQOO Neo 7，iQOO15厚度更厚。不过不知道为什么iQOO 15手机屏幕相对来说小了好多。到货后玩了一局游戏，游戏帧率稳定，画质好。其他什么的还没有体验到，后续在追评,2025年12月13日,"{'机身颜色': '凌云', '套餐类型': '官方标配', '存储容量': '16GB+512GB'}"
1,收到 iQOO15的双芯性能太顶了，王者满帧运行不发热，144Hz2K屏丝滑又护眼。 7000mAh大电池续航超耐用，100W快充补能快，拍照也清晰，日常和游戏需求全满足! 橘子系统非常流畅，也是吃上好的了！,2025年11月15日,"{'机身颜色': '传奇版', '套餐类型': '官方标配', '存储容量': '16GB+512GB'}"
1,家人们谁懂啊？iQOO 15我真的是爱惨了，这块大屏看一句打游戏超爽，还有自研电竞性变q3，游戏体验直接拉满，而且他拍照也超厉害，后置三摄都是5000万像素。太牛了，这块后面背板更是让我爱不释手。,2025年12月7日,"{'机身颜色': '凌云', '套餐类型': '官方标配', '存储容量': '16GB+512GB'}"
1,通信音质：非常好  其他特色：都很好  显示效果：满星,2026年1月15日,"{'机身颜色': '赛道版', '套餐类型': '官方标配', '存储容量': '16GB+512GB'}"
1,外观没话说，我之前用的苹果13promax，我感觉两款手机手感一样这个裸机感比苹果还好，真心推荐，我用来打游戏用的，刚才玩了一把不掉帧，暗区突围144hz,2025年11月28日,"{'机身颜色': '赛道版', '套餐类型': '官方标配', '存储容量': '16GB+512GB'}"
1,这是买了第二个IQOO手机了，玩王者荣耀简直起飞到不行不行的，太喜欢了，真心给大家推荐，就是没享受到国补，有些遗憾。,2025年11月28日,"{'机身颜色': '赛道版', '套餐类型': '官方标配', '存储容量': '16GB+1TB'}"
1,一直用的是iqoo，非常喜欢15凌云，玩游戏非常丝滑,2025年12月12日,"{'机身颜色': '凌云', '套餐类型': '官方标配', '存储容量': '16GB+512GB'}"
1,买他家买了三部手机了，用着不错价格公道，还有小礼物,2026年2月1日,"{'机身颜色': '传奇版', '套餐类型': '官方标配', '存储容量': '16GB+256GB'}"
1,从第一代开始，买了好几部了，相信IQOO手机，充电续航无焦虑，性价比高，耐用，,2026年1月31日,"{'机身颜色': '传奇版', '套餐类型': '官方标配', '存储容量': '12GB+512GB'}"
1,收到货用了好几天才来评价的，目前最适合自己的梦中情机，从用了四年的小米12Pro手机换过来感觉各方面都得到了提升巨大，犹其是在玩游戏终于可以开高帧率高画质尽情畅快的玩耍了。屏幕观感好（但也要自己再适当调节下参数效果更佳）流畅度也很不错，音效的话很大声不算是很好但也不差，系统现在各家大差不差，希望iQOO能继续好好优化，取长补短完善此手机，也希望官方后续能带来更多更好的产品！后续如果有其他问题全会再来评价。,2025年11月17日,"{'机身颜色': '凌云', '套餐类型': '官方标配', '存储容量': '16GB+512GB'}"
1,iQOO 15 是一款主打硬核体验的旗舰机型，核心优势集中在性能、屏幕与续航，同时存在符合产品定位的取舍，适合注重硬实力的用户。   性能上，第五代骁龙8至尊版+自研电竞芯片Q3的组合堪称“性能猛兽”，安兔兔跑分破400万，《原神》120帧稳定运行，搭配8K冰穹散热系统，长时间游戏仅微热。6.85英寸三星2K直屏+144Hz高刷+3200Hz触控采样率，视觉与操作流畅度拉满，直屏党狂喜。影像表现超出预期，后置三颗5000万像素索尼镜头，夜景噪点控制优秀，潜望长焦解析力亮眼。   续航是核心亮点，7000mAh蓝海半固态电池中度使用可撑一天半，重度游戏也能坚持8小时。充电方面，100W有线快充搭配大电池，完整充满约1小时，前30分钟可充至55%-62%，应急补能效率尚可。   短板同样明显，221g重量+8.28mm厚度让机身偏厚重，单手长时间握持易疲劳；外放音质中规中矩，低音缺乏厚度，氛围感不足。   整体来看，iQOO 15 以性能、续航和屏幕为核心竞争力，1小时左右的充电时长是大电池下的合理平衡。若你是游戏党或重度用户，对机身轻薄度要求不高，它是同价位极具性价比的选择,2025年11月17日,"{'机身颜色': '凌云', '套餐类型': '官方标配', '存储容量': '16GB+1TB'}"
1,就是拍摄差了点，有点不如iqoo12，其他都是ok的，质感都堪比苹果的质感,2026年1月30日,"{'机身颜色': '旷野', '套餐类型': '官方标配', '存储容量': '16GB+1TB'}"
1,该用户未填写评价内容,2025年11月20日,"{'机身颜色': '传奇版', '套餐类型': '官方标配', '存储容量': '16GB+512GB'}"
1,东西收到了，先夸夸外观，粉嫩嫩的真的太好看了吧🌸，而且还送了好多赠品🎁，性价比很高！,2025年12月11日,"{'机身颜色': '旷野', '套餐类型': '官方标配', '存储容量': '16GB+512GB'}"
1,手机很好用，系统流畅，打游戏不卡顿，外观设计好看， 5星推荐购买。,2025年11月23日,"{'机身颜色': '凌云', '套餐类型': '官方标配', '存储容量': '12GB+256GB'}"
1,以前用的IQOO 5活力版，这次升级一下，不错；屏幕看着跟iPhone没啥差别，功能强大，响应速度快！,2026年1月1日,"{'机身颜色': '凌云', '套餐类型': '官方标配', '存储容量': '16GB+1TB'}"
1,OriginOS6系统流畅，光栅壁纸好评，打王者性能拉满发热有点烫，不过戴散热器温度就压下来了。,2025年11月6日,"{'机身颜色': '凌云', '套餐类型': '官方标配', '存储容量': '16GB+512GB'}"
1,屏幕非常好，玩起游戏来也是得心应手，续航也很不错，非常棒的一款手机。,2026年1月12日,"{'机身颜色': '传奇版', '套餐类型': '官方标配', '存储容量': '16GB+512GB'}"
1,特地用了一段时间才来评价，手机很流畅，拍照很清晰，很棒游戏什么的不会卡顿。,2025年12月10日,"{'机身颜色': '传奇版', '套餐类型': '官方标配', '存储容量': '16GB+1TB'}"
1,卖的1tb的，总体用下来挺好的，打游戏很丝滑，清晰度真的可以，超声波指纹解锁也很快，iq15可以的，还有这个凌云阳光下面真的很漂亮！！,2025年11月26日,"{'机身颜色': '凌云', '套餐类型': '官方标配', '存储容量': '16GB+1TB'}"
1,这波iQOO 15直接戳中我心巴！KPL比赛机的实力果然没话说，到手这水墨质感的颜值直接赢麻了，拿在手里质感绝了~打游戏帧率稳得像焊在屏幕上，散热也完全不烫手，拍照色彩也超惊艳，这配置这体验，闭眼冲就完事儿,2025年11月26日,"{'机身颜色': '传奇版', '套餐类型': '官方标配', '存储容量': '16GB+1TB'}"
1,看了很多的手机 觉得这款手机非常好用就直接下单了  颜色也很不错使用起来流畅 不错的选择 以后还会继续购买这款手机,2025年11月30日,"{'机身颜色': '传奇版', '套餐类型': '官方标配', '存储容量': '12GB+256GB'}"
1,物流很快前一天下单，第二天早上就到了,2026年1月10日,"{'机身颜色': '传奇版', '套餐类型': '官方标配', '存储容量': '16GB+512GB'}"
1,手机很不错，儿子很喜欢，晚上下单，第二天就到了，物流很快,2026年1月25日,"{'机身颜色': '凌云', '套餐类型': '官方标配', '存储容量': '16GB+512GB'}"
1,给孩子买的，孩子说打游戏特别爽！  ,2026年3月1日,"{'机身颜色': '赛道版', '套餐类型': '官方标配', '存储容量': '16GB+512GB'}"
1,iQOO 15表现出色，第五代骁龙 8 至尊版搭配 Monster 超核引擎，性能强劲，游戏顺畅。屏幕清晰、系统顺滑，后盖颜值高，通信音质清晰，确保交流无障碍。它还有丰富的特色功能，如电竞级体验优化。显示效果上屏幕清晰色彩准，结合强劲性能和高颜后盖，体验感极佳。,2025年11月15日,"{'机身颜色': '赛道版', '套餐类型': '官方标配', '存储容量': '16GB+512GB'}"
1,IQOO15，直屏金属边框手感确实挺不错的，屏幕看着清晰舒服，打游戏全程丝滑不卡，狂暴双芯性能强悍，机身也不怎么烫，拍照不管白天晚上都好看。7000mAh电池超耐用，快充半小时就满电，日常用着完全没焦虑～,2025年11月15日,"{'机身颜色': '凌云', '套餐类型': '官方标配', '存储容量': '16GB+512GB'}"
1,确实是全新未拆封的，物流很快，棒棒哒！,2026年2月27日,"{'机身颜色': '传奇版', '套餐类型': '官方标配', '存储容量': '16GB+512GB'}"
1,太流畅了，原来的iqoo10跟这个比差很多。但是这个充电只有100w，充电相对来说慢一点。不过整体使用起来感觉比iqoo10好多了。,2025年11月18日,"{'机身颜色': '凌云', '套餐类型': '官方标配', '存储容量': '16GB+512GB'}"
1,发货迅速 给老爸买的 他很喜欢 👍,2026年2月23日,"{'机身颜色': '凌云', '套餐类型': '官方标配', '存储容量': '16GB+256GB'}"
1,该用户未填写评价内容,2025年12月3日,"{'机身颜色': '凌云', '套餐类型': '官方标配', '存储容量': '16GB+512GB'}"
1,用了几天？感觉不错，游戏体验嘎嘎好，不愧是性能之王,2025年12月8日,"{'机身颜色': '凌云', '套餐类型': '官方标配', '存储容量': '16GB+1TB'}"
1,从一代就开始用，非常顺手，颜值也高，虽然不太玩游戏，但是非常喜欢这个机子,2025年12月8日,"{'机身颜色': '凌云', '套餐类型': '官方标配', '存储容量': '16GB+512GB'}"
1,手机很流畅，手感也很出色，非常推荐,2026年2月19日,"{'机身颜色': '凌云', '套餐类型': '官方标配', '存储容量': '16GB+512GB'}"
1,之前用的iqoo11pro感觉挺满意的。我主要打游戏加日常用。比较符合我的要求。系统bug很少。遇到问题反馈给官方基本两三天就解决了，对售后很满意。,2025年11月24日,"{'机身颜色': '赛道版', '套餐类型': '官方标配', '存储容量': '16GB+512GB'}"
1,手机收到用了段时间，玩游戏相当流畅，基本没什么卡顿，画质也很清晰，照相也不差，对于游戏党来说已经很好了，购机满意度还是很好的,2025年11月24日,"{'机身颜色': '凌云', '套餐类型': '官方标配', '存储容量': '16GB+1TB'}"
1,体验非常好，现在全家人都是iqoo了,2026年2月18日,"{'机身颜色': '传奇版', '套餐类型': '官方标配', '存储容量': '12GB+512GB'}"
1,很不错的手机，不愧是旗舰手机，而且打游戏毫无压力，非常丝滑，玩游戏太开心！看视频也是色彩分明，不错！,2025年11月17日,"{'机身颜色': '传奇版', '套餐类型': '官方标配', '存储容量': '12GB+256GB'}"
1,iQOO15的性能真的超乎想象，运行速度流畅无比，玩游戏一点不卡顿。电池续航力惊人，充电速度也很快。外观设计时尚，手感舒适，简直是科技与美学的完美结合。非常推荐给追求高性能手机的朋友们！,2025年11月17日,"{'机身颜色': '赛道版', '套餐类型': '官方标配', '存储容量': '16GB+512GB'}"
1,手机非常好用，iqoo老粉丝了，丝滑，打游戏一点都不烫，电池十分耐用，明年会继续支持。好用好用,2025年11月17日,"{'机身颜色': '传奇版', '套餐类型': '官方标配', '存储容量': '16GB+1TB'}"
1,111到十五，舒服，很喜欢,2026年1月21日,"{'机身颜色': '传奇版', '套餐类型': '官方标配', '存储容量': '16GB+512GB'}"
1,非常喜欢vivo，iqoo的手机，家里人包括娃都是用的这个品牌的，没有买上x100U非常遗憾，知道听说iqoo15是三星屏后就坐等新机发售，本来想买旷野和凌云的，但是一直抢不到，怕9.9权益过期，就先去线下点看了当时店里只有传奇，感觉也很漂亮，二话不说立马下单。客服非常耐心热情，帮助解决问题非常棒！vivo，iqoo手机的售后非常棒。之前的iqoo7，WIFI用不了，送售后直接换新主板，安全放心，自己换了个电池，备用机也非常流畅。我一直给身边人都强推这个品牌的手机😀😀😀😀,2025年11月20日,"{'机身颜色': '传奇版', '套餐类型': '官方标配', '存储容量': '12GB+512GB'}"
1,外观很好看，很顺滑，颜值性能双在线，续航抗打操作顺滑。性能很好！王者满帧丝滑，可以开到144帧。而且还有国补优惠以及赠品,2025年11月27日,"{'机身颜色': '传奇版', '套餐类型': '官方标配', '存储容量': '16GB+512GB'}"
1,给儿子买的，儿子说打游戏超级好用，电池也很耐用，同学都很羡慕。,2025年12月6日,"{'机身颜色': '凌云', '套餐类型': '官方标配', '存储容量': '16GB+512GB'}"
1,以前也是用的iqoo手机，觉得这个手机很好用，这次换了15发现系统真的特别的好，特别流畅，从来没有用过这么流畅的手机，指纹滑动反馈度非常好，外观皮肤也好看。,2025年12月1日,"{'机身颜色': '凌云', '套餐类型': '官方标配', '存储容量': '16GB+512GB'}"
1,凌云这个颜色还是很好看的   橘子6这个系统也还是很流畅的   电池晚上睡觉之前充满也够第二天使用刷刷视频打两把游戏的到晚上回家,2025年12月1日,"{'机身颜色': '凌云', '套餐类型': '官方标配', '存储容量': '16GB+1TB'}"
1,首先吸引我的是后边的呼吸灯🤣然后通话音质没问题，颜值很高，方方面面没毛病，满意满意(≧ｗ≦),2025年12月1日,"{'机身颜色': '传奇版', '套餐类型': '官方标配', '存储容量': '16GB+1TB'}"
1,没话说好吧  非常好用  打游戏必备 当主力机杠杠的  客服服务态度也很好 ，橘子6系统也很流畅！,2025年11月10日,"{'机身颜色': '凌云', '套餐类型': '官方标配', '存储容量': '16GB+512GB'}"
1,手机非常好！从iqoo5换过来的，使用竟能如此流畅，震撼古人，外形也非常好看！我就喜欢这种方方圆圆的转角_(:D)∠)_就是没抢到赠品好难受啊啊啊啊，想要充电宝和蓝牙耳机！！！！家人用的都是vivo，影音都五副了！！！,2025年11月19日,"{'机身颜色': '赛道版', '套餐类型': '官方标配', '存储容量': '16GB+1TB'}"
1,iQOO 15传奇版16+256太香了！双芯加持+超大内存，多开APP、玩大型游戏都秒开不卡顿，144Hz屏丝滑跟手。7000mAh大电池超耐用，100W快充回血快，散热也给力。影像清晰、系统流畅，日常使用和娱乐都能打，性价比拉满，闭眼入不亏～,2025年11月19日,"{'机身颜色': '传奇版', '套餐类型': '官方标配', '存储容量': '16GB+256GB'}"
1,用了这么几天来评价颜色我很喜欢时尚美观，摄像头拍照效果出色这是100拍摄下来的野鸡，续航时间长系统体验优秀，赠送的礼品也很丰富一个充电宝一个手环，,2025年11月26日,"{'机身颜色': '凌云', '套餐类型': '官方标配', '存储容量': '16GB+512GB'}"
1,不错的手机，给读大学的儿子买的。没在直播间下单，啥都没送。昨天下午下单，今早就到了。,2026年2月9日,"{'机身颜色': '凌云', '套餐类型': '官方标配', '存储容量': '16GB+1TB'}"
1,买了绿色，绿色真的特别美特别惊艳，感觉比宣传图还好看，而且还送了同色的手机壳，特别喜欢。目前使用两周左右，感觉还可以，iqoo15个人感觉打游戏真的很流畅滴。,2025年11月22日,"{'机身颜色': '旷野', '套餐类型': '官方标配', '存储容量': '16GB+512GB'}"
1,蓝厂的老用户了，vivox的X系列就不提了，但就IQOO品牌，由最早的neo7竞速接触这个牌子，数字型再到neo系列换了不少，再到去年13换到Z10TUBRO+到Y500再到15，真的是老粉了。发布会的时候没觉着王者荣耀的好看，突然觉着好看就买了，背部的手感还真不错，与13比感知最大的就是摄像好多了，电池续航久点，我对屏幕不挑，新系统操作流程丝滑，没得说，发货快，送了几个赠品。好评。,2025年11月12日,"{'机身颜色': 'iQOO✖️王者荣耀十周年典藏版', '套餐类型': '官方标配', '存储容量': '16GB+512GB'}"
1,怎么说呢  这款手机除了打游戏很流畅  别的也很流畅  比较棒,2025年11月30日,"{'机身颜色': '凌云', '套餐类型': '官方标配', '存储容量': '16GB+512GB'}"
1,屏幕质感很好，软件运行速度很快，打游戏手感一绝推荐购买哦,2025年11月30日,"{'机身颜色': '传奇版', '套餐类型': '官方标配', '存储容量': '16GB+512GB'}"
1,老早就想换掉iqoo9，无奈12跟13都是国产屏，一直等到15用回三星屏立马去线下对比，回来就马上下单了，打游戏性能妥妥足，用回三星屏显示效果立马好多了，建议去线下对比对比，国产还是得加把劲。手感质感去前几代好多，美中不足多就是希望下一代相机模组做小 点。。。 通信音质：,2025年11月18日,"{'机身颜色': '传奇版', '套餐类型': '官方标配', '存储容量': '16GB+512GB'}"
1,20号给对象买的新机，昨天终于到了，等了好久，把客服都该问烦了，但是也值得，新手机使用起来很流畅，打游戏握在手里大小薄厚刚刚好，手感很棒。屏幕通透感十足，很清晰。跟我的12pro相比，手电筒也亮了不少。凌云配色很独特，很酷，美中不足的是配的手机壳不是透明的，把漂亮的后壳图案都给遮住了，但是瑕不掩瑜，其他各方面小细节都做的不错，体验很棒。我对象说还是喜欢vivo的手机，抗造，上一个给他买的iqoo 5 pro用了5年，要不是摄像头跟屏幕摔坏了，他的手机还能接着用，一点也不卡，信号也比别的手机好。以后我们应该还会再选择iqoo😎,2025年11月9日,"{'机身颜色': '凌云', '套餐类型': '官方标配', '存储容量': '16GB+1TB'}"
1,不知不觉iQOO已经陪伴我5年了！第一次买旗舰机，这触感真的太好了！性能还是一如既往的强大！希望iQOO小宝越来越好呢！,2025年11月9日,"{'机身颜色': '传奇版', '套餐类型': '官方标配', '存储容量': '16GB+512GB'}"
1,为了打王者荣耀，特地买个专用手机，哈哈哈哈，颜值很高，后盖很好看啊,2025年12月10日,"{'机身颜色': '凌云', '套餐类型': '官方标配', '存储容量': '12GB+256GB'}"
1,王者荣耀十周年典藏版，真是一次极具诚意的联名款，不仅配套了丰富的周边，连手机系统也融入了王者的元素，王者荣耀铁杆粉丝果断为爱发声！,2025年11月25日,"{'机身颜色': 'iQOO✖️王者荣耀十周年典藏版', '套餐类型': '官方标配', '存储容量': '16GB+512GB'}"
1,入手的第一部旗舰机，冲8e5来的，没有瑕疵，安全下车，果然非常的流畅，氛围光效也很好看，续航也很完美，一天一冲完全够用，游戏体验也很好，完全无卡顿，超高帧的话略有发热，但是也很正常，现在还没有手机能在144帧下还不发热的,2025年11月25日,"{'机身颜色': '凌云', '套餐类型': '官方标配', '存储容量': '16GB+1TB'}"
1,iqoo 15是一款综合实力强劲的手机。屏幕采用 6.85 英寸 AMOLED 材质2k屏幕，显示清晰通透，色彩丰富。搭载第五代骁龙 8 至尊版芯片，性能强劲。7000mAh 电池搭配 100W 有线和 40W 无线闪充，续航无忧。后置三摄成像质量高，支持 100 倍数字变焦。OriginOS 6 系统功能丰富，使用流畅，值得推荐👍,2025年11月25日,"{'机身颜色': '传奇版', '套餐类型': '官方标配', '存储容量': '12GB+512GB'}"
1,第一次用这个品牌，还行！不过在手动亮度的情况下，去户外太阳下无法自动激发亮度，要自动亮度才行，这方面应该学习一下隔壁友商！,2025年11月21日,"{'机身颜色': '传奇版', '套餐类型': '官方标配', '存储容量': '16GB+256GB'}"
1,第二部IQOO15了.就喜欢屏幕通透感.游戏性能没问题.手感挺好.几小时游戏没问题!就是国际版王者要是也有144hz就好了,2025年11月21日,"{'机身颜色': '凌云', '套餐类型': '官方标配', '存储容量': '16GB+512GB'}"
1,该用户未填写评价内容,2025年11月29日,"{'机身颜色': '凌云', '套餐类型': '官方标配', '存储容量': '16GB+512GB'}"
1,解锁很丝滑，用起来也很舒服，不愧是还没开售就在期待的手机。凌云色很好看！自己单独配了一个透明壳，还送了的有一个深色的手机壳，手感很好。,2025年11月14日,"{'机身颜色': '凌云', '套餐类型': '官方标配', '存储容量': '16GB+512GB'}"
1,非常给力，游戏非常流畅，排位猛猛上分，不愧是KPL指定手机，推荐大家购买。2K屏幕也很清晰，比之前我的某米强多了。,2025年11月11日,"{'机身颜色': '凌云', '套餐类型': '官方标配', '存储容量': '16GB+512GB'}"
1,⚙️ 性能 搭载骁龙8 Elite Gen 5芯片和自研Q3游戏芯片，性能处于顶级水平，运行大型游戏非常流畅，并支持全场景光线追踪。 📱 屏幕 拥有一块6.85英寸的2K三星AMOLED屏幕，显示效果细腻，峰值亮度高，户外可视性好，144Hz刷新率保证滑动和游戏画面流畅。 🔋 电池与充电 7000mAh的大容量电池带来了持久的续航，并支持100W有线和40W无线充电，回电速度快。 📸 影像系统 后置采用三颗5000万像素镜头组合，特别是3倍光学变焦的潜望式长焦镜头回归，让拍照能力相比前代有显著提升。 👍 综合体验 它已从单纯的游戏手机进化为一款全面的高性能旗舰，在保证顶级性能的同时，影像、设计和日常使用体验也做得不错。,2025年11月11日,"{'机身颜色': '凌云', '套餐类型': '官方标配', '存储容量': '16GB+512GB'}"
1,以下是使用感受：系统流畅不卡顿，玩游戏、多任务处理都很快。照片清晰，色彩真实，夜景和变焦能力强。电池耐用，充电速度快，能满足一天重度使用。外观漂亮，手感舒适，屏幕显示效果好，手机系统很流畅，屏幕很大，然后性能非常的强，同时，7000毫安的电池续航非常的强。整体来说是一部具有高性价比的手机。,2025年11月11日,"{'机身颜色': 'iQOO✖️王者荣耀十周年典藏版', '套餐类型': '官方标配', '存储容量': '16GB+512GB'}"
1,iQOO 15 真的是一款性能怪兽!手机外观非常精致，手感顺滑有质感。搭载骁龙8Gen 4，运行速度飞快，无论是打游戏还是日常多任务都非常流畅。屏幕色彩艳丽、亮度高，看视频特别舒服。拍照效果也很惊喜，夜景清晰、成像速度快。电池续航给力，充电超级快!总体来说，性能、手感、屏幕、拍照、充电全都无可挑剔，物超所值!,2025年11月11日,"{'机身颜色': '传奇版', '套餐类型': '官方标配', '存储容量': '16GB+512GB'}"
1,新机到手啦，这次IQOO15屏幕的提升真的非 常巨大，打游戏巨爽!等不及要下载游戏体验 一下啦，推荐推荐通信音质：通信声音清晰， 再也不怕小伙伴的交流不顺畅了 其他特色：续 航时间长游戏党必备 显示效果：屏幕通透，清 晰护眼 ,2025年11月11日,"{'机身颜色': '凌云', '套餐类型': '官方标配', '存储容量': '16GB+512GB'}"
1,该用户未填写评价内容,2025年11月17日,"{'机身颜色': '传奇版', '套餐类型': '官方标配', '存储容量': '16GB+512GB'}"
1,入手 iQOO 15 一个礼拜，体验超棒。性能强劲，第五代骁龙 8 至尊版搭配自研电竞芯片 Q3，游戏帧率稳定，像《王者荣耀》能 144fps 极致画质运行。我打王者最低才跳到141帧。屏幕清晰护眼，2K 三星珠峰屏在强光下也清晰。续航扎实，7000mAh 大电池重度使用一天没问题，100W 快充回血快。影像系统出色，三 5000 万像素摄像头拍照细节丰富。不愧是全能旗舰！功能很丰富， 下面有我一张礼拜天休息，实测耗电截图，连续9个小时刷抖音看短剧，后台还挂着6个应用，仅供参考 个人觉得平常用机完全够用。,2025年11月17日,"{'机身颜色': '凌云', '套餐类型': '官方标配', '存储容量': '16GB+512GB'}"
1,手感很好，很顺畅,2025年12月15日,"{'机身颜色': '传奇版', '套餐类型': '官方标配', '存储容量': '16GB+512GB'}"
1,iQOO 15展现了卓越的综合性能。6.85英寸2K三星珠峰屏，M14发光材料保证了清晰与护眼。第五代骁龙8至尊版搭配自研电竞芯片Q3，游戏体验一流。7000mAh蓝海大电池加双快充，续航无忧。后置三摄影像能力出色，是一款值得入手的旗舰机型。,2025年11月24日,"{'机身颜色': '凌云', '套餐类型': '官方标配', '存储容量': '16GB+512GB'}"
1,第二代骁龙8处理器名不虚传，配合满血版LPDDR5X和UFS 4.0，这性能铁三角真的太顶了！下载、安装应用、切换APP都是秒开，没有任何卡顿。 2. 游戏神器： 自研芯片V2的插帧功能太实用了，能把90帧的游戏插到120帧，画面丝滑得像德芙巧克力。《原神》全高画质跑图打怪稳如泰山，机身温度还控制得相当 4. 充电飞快： 120W闪充真的是旦用难回，洗漱的功夫电量就从报警冲到一大半，彻底告别电量焦虑。  ,2025年11月24日,"{'机身颜色': '凌云', '套餐类型': '官方标配', '存储容量': '16GB+512GB'}"
1,通信音质：都还行，挺好。  显示效果：屏幕挺好，很清晰。  其他特色：电池特别抗用，一天一充就足够我玩一天的，我24小时开机，亮屏基本都在12小时以上，息屏就听评书。这个电池我很满意。,2025年11月20日,"{'机身颜色': '传奇版', '套餐类型': '官方标配', '存储容量': '16GB+1TB'}"
1,我是IQOO元老级用户了，19年第一次入手的IQOO Pro一直用到现在一点都不卡，什么毛病都没有，今年刚发布的IQOO15  也很好，三星屏幕  玩游戏也特别爽，喜欢平时玩游戏的可以考虑入手， IQOO15你值得拥有！,2025年11月20日,"{'机身颜色': '传奇版', '套餐类型': '官方标配', '存储容量': '16GB+1TB'}"
1,第一次用iqoo15，系统流畅性真的能比某水果了，打游戏嘎嘎顺不卡顿，拍照也够用了，就是视频还差点意思有待提高哈,2025年11月20日,"{'机身颜色': '传奇版', '套餐类型': '官方标配', '存储容量': '16GB+1TB'}"
1,刚到手这手机，手感颜值都在线，用着丝滑不卡，续航也顶，还有广东国家补贴，这波入手不亏！,2025年11月28日,"{'机身颜色': '凌云', '套餐类型': '官方标配', '存储容量': '16GB+512GB'}"
1,iqoo15这款手机我个人感觉无论是外观还是他的性能都是非常好的一款机型用了三四天了非常好用手感也很不错！,2025年11月28日,"{'机身颜色': '凌云', '套餐类型': '官方标配', '存储容量': '16GB+512GB'}"
1,手机挺不错的，顺丰小哥服务也很好,2026年1月13日,"{'机身颜色': '凌云', '套餐类型': '官方标配', '存储容量': '12GB+512GB'}"
1,手机可以，正品  还有补贴挺好,2026年2月1日,"{'机身颜色': '凌云', '套餐类型': '官方标配', '存储容量': '16GB+512GB'}"
1,从iQOO Neo5 换的iQOO15 ，Neo5用了4年多，只换过一次电池，除了256g的内存不足其它还很丝滑。 iQOO15用了三四天，感觉充电比Neo5慢 大概要四五十分钟才能充满，充电的时候还会发热。出厂手机膜太沾灰和指纹了，送的手机壳很不错，摸着很舒服。另外，屏幕发绿，但都说是三星屏的通病，就懒得搞了。其它还没发现有什么问题,2025年11月13日,"{'机身颜色': '旷野', '套餐类型': '官方标配', '存储容量': '16GB+512GB'}"
1,拿到手就拆开了，外观真的比上代提升不少，凌云配色太难抢，前几天晚上起来上厕所突然发现有货，就立马下单了，上手真的物超所值，性能拍照都很好,2025年11月10日,"{'机身颜色': '凌云', '套餐类型': '官方标配', '存储容量': '12GB+256GB'}"
1,拿在手里质感特别好。开机后2K直屏的显示效果太细腻了，刷视频、看文档都很舒服，144Hz刷新率滑动丝滑到停不下来。试玩了把《王者荣耀》，全程满帧不卡顿，机身温度也没怎么升高。7000mAh电池重度用了一天还有电，120W快充十几分钟就能回血，彻底摆脱续航焦虑。夸下赠品！vivo充电宝+耳机+小度音响还送了手机壳。 ,2025年11月16日,"{'机身颜色': '赛道版', '套餐类型': '官方标配', '存储容量': '16GB+512GB'}"
1,已经用过好多款这个手机了，售后服务满意，物流速度快,2025年12月14日,"{'机身颜色': '传奇版', '套餐类型': '官方标配', '存储容量': '16GB+512GB'}"
1,家人们，iQOO 15我用了一段时间，体验感拉满！屏幕是6.85英寸2K三星珠峰屏，画面清晰流畅，还很护眼。性能上，第五代骁龙8至尊版处理器搭配自研电竞芯片Q3，玩游戏超爽，全场景光线追踪和144FPS无损超帧，画质超棒。7000mAh大电池，续航超给力，还有100W有线和40W无线快充。影像方面，后置三摄都是5000万像素，拍照超清晰。系统也很流畅，OriginOS 6体验感很好。总之，这款手机值得入手👍 #iQOO15 #手机测评,2025年11月23日,"{'机身颜色': '凌云', '套餐类型': '官方标配', '存储容量': '16GB+512GB'}"
1,手机到手试用了五天，打游戏一点也不卡，非常的流畅。散热器功效很好，打游戏散热比之前买的散热器快。充电宝还是3c认证可上飞机。,2025年11月19日,"{'机身颜色': '凌云', '套餐类型': '官方标配', '存储容量': '16GB+1TB'}"
1,东西还是一如既往的好用，本来想买13的，但是觉得15更胜一筹，特意去实体店看了一下，性能不错，昨天下单，今天就收到，是忠实粉丝,2025年11月27日,"{'机身颜色': '凌云', '套餐类型': '官方标配', '存储容量': '16GB+1TB'}"
1,使用很流畅，一键互传很方便，颜色也很好看,2026年1月29日,"{'机身颜色': '旷野', '套餐类型': '官方标配', '存储容量': '12GB+512GB'}"
1,通信音质：很清晰 显示效果：屏幕很不错 其他特色：之前买的IQ8用了4年，这一次果断换15了，忠实粉丝，支持IQ。,2025年11月12日,"{'机身颜色': '旷野', '套餐类型': '官方标配', '存储容量': '16GB+512GB'}"
1,上手的质感非常棒，使用了一个星期了，非常喜欢，感觉物超所值，我也是从neo6换过来的，打游戏和生活使用都非常方便，尤其是屏幕非常舒服通透,2025年11月12日,"{'机身颜色': '赛道版', '套餐类型': '官方标配', '存储容量': '12GB+512GB'}"
1,赛道版熏黑磨砂质感超赞，不沾指纹还防滑。游戏运行丝滑不卡顿，散热给力，续航充电都靠谱，值得入手！ ,2025年11月12日,"{'机身颜色': '赛道版', '套餐类型': '官方标配', '存储容量': '16GB+512GB'}"
1,IQ0015屏幕真的太爽啦，双战鼓大师扬声器看视频身临其境、最新骁龙芯片性能也不用说，7000大电池也非常够用，下班回家还有百分之五十，没有一点续航焦虑,2025年11月12日,"{'机身颜色': '凌云', '套餐类型': '官方标配', '存储容量': '16GB+1TB'}"
1,不愧是游戏专用机啊，背屏手感太丝滑了，触屏灵敏度也很棒，iq9用了好久都没有问题，刚升级了新机，满意满意！,2025年11月12日,"{'机身颜色': '凌云', '套餐类型': '官方标配', '存储容量': '16GB+512GB'}"
1,手机是买给老婆的，她很喜欢很实用 通信音质：可以 显示效果：可以,2025年11月12日,"{'机身颜色': '凌云', '套餐类型': '官方标配', '存储容量': '16GB+1TB'}"
1,入手了iQOO 15，使用体验非常棒！首先，它的屏幕效果非常出色，6.85英寸的2K三星珠峰屏，显示效果清晰细腻，色彩饱满，7000mAh的大电池，iQOO 15是一款性能强劲、屏幕出色、续航给力、影像优秀的手机，非常值得入手！,2025年11月12日,"{'机身颜色': '传奇版', '套餐类型': '官方标配', '存储容量': '16GB+1TB'}"
1,从iqoo9换到iqoo15，感觉提升非常大，旷野很漂亮手感很好。屏幕很通透也不刺眼。不愧是最好的三星m14，充电很快，续航也很顶。主要玩和平精英，触感很好操作跟手，帧数开最高也很稳，发热控制的也很好，我技术都提升了哈哈哈，喜欢！！！拍照也不错哦！iqoo15这次真的很全面的！**冲就是了。,2025年11月9日,"{'机身颜色': '旷野', '套餐类型': '官方标配', '存储容量': '16GB+512GB'}"
1,显示效果：非常好用很流畅 ,2026年1月28日,"{'机身颜色': '凌云', '套餐类型': '官方标配', '存储容量': '16GB+512GB'}"
1,超级好看，一直都喜欢iQOO，上部用的iQOOneo5用了三四年都不卡终于退休了，等到了iQOO15，打算用四五年，游戏神机，王者荣耀144hz，很稳定，电池也很大打游戏一天都不用充电，这次屏幕也升级了，推荐推荐，iQOO铁粉，还送了好多东西支持👏🏻👍🏻,2025年11月15日,"{'机身颜色': '赛道版', '套餐类型': '官方标配', '存储容量': '16GB+512GB'}"
1,手机可以反应挺快，用起来流畅，就是发货慢了一点，等了15天,2025年11月15日,"{'机身颜色': '凌云', '套餐类型': '官方标配', '存储容量': '12GB+256GB'}"
1,手机挺好用的待机挺长，打游戏也很爽，不过挺薄的没用习惯，过了好几天才习惯的哈哈哈哈哈,2025年11月15日,"{'机身颜色': '凌云', '套餐类型': '官方标配', '存储容量': '16GB+512GB'}"
1,买来送我对象的，他一直在用iqoo的手机，这是新款，这款好看，不卡顿，能用好几年😄,2025年12月1日,"{'机身颜色': '凌云', '套餐类型': '官方标配', '存储容量': '12GB+256GB'}"
1,系统流畅，配置很高，玩王者也不会卡顿，手机也很轻薄，后盖颜色也很好看,2025年11月22日,"{'机身颜色': '凌云', '套餐类型': '官方标配', '存储容量': '16GB+1TB'}"
1,物流很快，赠品也很多，凌云很好看，上手的手感也不错，一直都买IQOO，性价比高,2025年11月22日,"{'机身颜色': '凌云', '套餐类型': '官方标配', '存储容量': '16GB+1TB'}"
1,屏幕很润，舒服。 屏幕效果：屏幕清晰，看着很清晰。手机外观设计简约大气，手感舒适，屏幕显示效果非常出色，色彩鲜艳，让人爱不释手。,2025年11月18日,"{'机身颜色': '凌云', '套餐类型': '官方标配', '存储容量': '16GB+512GB'}"
1,一直用的iQOO系列，非常好用，颜色也好看，好喜欢这次的设计，手感很好，颜色巨好看，喜欢绿色，旷野的颜色，还和香香拍照了哈哈哈哈喜欢😍,2025年11月18日,"{'机身颜色': '旷野', '套餐类型': '官方标配', '存储容量': '16GB+512GB'}"
1,功能性能都很完美。,2026年1月26日,"{'机身颜色': '传奇版', '套餐类型': '官方标配', '存储容量': '16GB+256GB'}"
1,手机挺好用的，打游戏很舒服,2026年1月26日,"{'机身颜色': '传奇版', '套餐类型': '官方标配', '存储容量': '16GB+256GB'}"
1,又一次买了iqoo，首先外观漂亮手感也不错，系统流畅不卡顿，打开app反应也很快，续航能力也还可以，电池自定义充到90，正常玩手机昨晚8点到现在10点还有55的电量,2025年11月11日,"{'机身颜色': '凌云', '套餐类型': '官方标配', '存储容量': '16GB+512GB'}"
1,收到已用了段时间，从包装来说很严实，手机从质感，屏幕，音质，日常用和打游戏来说都很好，赠品也很多很多，还有快递小哥真的直接送到手里，赞！,2025年11月11日,"{'机身颜色': '传奇版', '套餐类型': '官方标配', '存储容量': '16GB+256GB'}"
1,超高的屏幕质量配合流畅的系统，加上非常给力的电池以及拍照等于完美的水桶机。从iqoo monster开始到iqoo 9 pro和 iqoo 15，iqoo 已经陪我走过了很多年的时光，一直觉得非常不错。给家人买的也是iqoo系列。期望以后更好的产品！,2025年11月11日,"{'机身颜色': '凌云', '套餐类型': '官方标配', '存储容量': '16GB+1TB'}"
1,写个颜色太好看了手感也很好，7000电池妥妥用一天没问题，最长续航28个小时都没充电，而且性能太顶了，打游戏都是满帧流畅运行散热也好不烫手，太顶了,2025年11月11日,"{'机身颜色': '凌云', '套餐类型': '官方标配', '存储容量': '16GB+512GB'}"
1,‌iQOO 15‌采用第五代骁龙8至尊版和自研Q3芯片，安兔兔跑分超230万，支持全场景光线追踪技术，高负载游戏如《原神》帧率稳定且温度控制优秀！,2025年11月11日,"{'机身颜色': '凌云', '套餐类型': '官方标配', '存储容量': '16GB+512GB'}"
1,"从旧手机导数据很方便，系统简洁无广告，指纹解锁快，售后贴膜服务贴心，赠品实用，推荐！""""手感轻薄，颜色高级，系统更新及时，客服回复快，体验感拉满，下次还选这个品牌""",2025年11月11日,"{'机身颜色': '凌云', '套餐类型': '官方标配', '存储容量': '16GB+512GB'}"
1,官网正品，相当不错的机器，一个老的酷客，用了好几年的爱酷旗舰手机，现在都成铁粉了🤣，品质一如既往的好，做工和手感一流，系统流畅好用，售后服务非常到位，这次的15一首发又是立马就买了，迫不及待，还赠送了好多配件，希望vivo越来越好，也希望爱酷越来越完美！期待为消费者带来更多更好的产品！ Vivo加油！爱酷加油！永远支持！💪💪💪,2025年11月14日,"{'机身颜色': '传奇版', '套餐类型': '官方标配', '存储容量': '16GB+1TB'}"
1,"第一次买iqoo的手机,直接来个王炸， iqoo15手机王者荣耀典藏版，包装很帅气，手机性能强劲，屏幕显示效果出色，拍照清晰自然，使用流畅无卡顿。典藏版收藏价值满分。马上用新手机来一把王者荣耀，抽到后羿的皮肤帅吧，拿个五连绝世应该不成问题！！",2025年11月8日,"{'机身颜色': 'iQOO✖️王者荣耀十周年典藏版', '套餐类型': '官方标配', '存储容量': '16GB+512GB'}"
1,这款iQOO手机真是让人爱不释手！✨性能强劲，拍照效果一流，特别喜欢黑色机身搭配银色设计，既时尚又大气👍。特别是续航能力超强，一天使用完全没有压力🌈。总体来说非常满意，推荐给大家！,2025年11月8日,"{'机身颜色': '凌云', '套餐类型': '官方标配', '存储容量': '12GB+256GB'}"
1,看着发布会，就冲了，这个手机太完美了，直接冲还支持无息分期，真的是太喜欢了，做梦都想着这个手机，很快就发货了，用起来好用，特别是这个新系统，拍照清晰，细节都看得清楚，电池给力，而且还是2k屏幕，太通透，玩一天都没有问题，运行流畅，玩游戏特别稳，画质全开，强力推荐,2025年11月8日,"{'机身颜色': '凌云', '套餐类型': '官方标配', '存储容量': '12GB+256GB'}"
1,很适合打游戏，在性能、屏幕和续航方面表现优异，竞技手感有升级、性价比还算合理😃,2025年11月21日,"{'机身颜色': '凌云', '套餐类型': '官方标配', '存储容量': '16GB+512GB'}"
1,"很棒👍 iQOO 15凌云版实在令人惊喜！凌云配色清新脱俗，AG磨砂工艺的后盖手感细腻且不沾指纹。12GB+256GB的组合配合第五代骁龙8至尊版和自研电竞芯片Q3，玩原神😋等大型游戏全程流畅，开启光追后画面效果震撼。7000mAh超大电池续航无忧，100W快充回电迅速。2K 144Hz的三星""珠峰屏""视觉体验极佳。全面实力无短板，非常值得推荐！👍  ",2025年11月21日,"{'机身颜色': '凌云', '套餐类型': '官方标配', '存储容量': '12GB+256GB'}"
1,非常喜欢，之前一直在用苹果，老是杀后台，发热。朋友给我推荐了iqoo。没想到时隔多年换了手机，屏幕特别舒服，晚上看小说亮度很低，白天太阳下显色度也特别好。应用不闪退，不杀后台，太满意了，下次出新机也会继续支持的,2025年11月21日,"{'机身颜色': '赛道版', '套餐类型': '官方标配', '存储容量': '12GB+512GB'}"
1,不错，iQOO15，到了！  赶上了国补的最后一班车！  外观完美！  包装不错！  快递员很懂事，让我自己拆箱，然后验证！  iQOO15手机很流畅，不错  ,2025年11月25日,"{'机身颜色': '传奇版', '套餐类型': '官方标配', '存储容量': '16GB+1TB'}"
1,手机非常好用，运行很流畅，拍照也很清晰，价格能接受，想入手的赶紧买吧。,2025年11月25日,"{'机身颜色': '凌云', '套餐类型': '官方标配', '存储容量': '16GB+1TB'}"
1,自从用过iqoo por，就念念不忘…可惜之前手机坏的时候没有我这颜🐶的外壳可以买，所以等老妈这次换手机再下手了😬幻彩的凌云，妈妈挺喜欢速度很快，就是电池好像比之前耗电快了些,2025年11月17日,"{'机身颜色': '凌云', '套餐类型': '官方标配', '存储容量': '16GB+512GB'}"
1,用了几天这款商品，我真的太爱了。它外观精致简约，设计很贴心，用起来方便又顺手。性能也很出色，完全满足我的需求，性价比超高，会推荐给朋友。,2025年11月17日,"{'机身颜色': '赛道版', '套餐类型': '官方标配', '存储容量': '12GB+512GB'}"
1,手机很漂亮，运行速度快。手机屏色彩鲜艳，又大又轻，那拿在手上很舒服，很适合女生很喜欢,2025年11月17日,"{'机身颜色': '凌云', '套餐类型': '官方标配', '存储容量': '16GB+512GB'}"
1,挺不错的，非常好用，比以前的11s信号进步很多，凌云的质感超乎想象，护眼模式进步很大，光宗耀祖模式也挺不错,2025年12月18日,"{'机身颜色': '凌云', '套餐类型': '官方标配', '存储容量': '16GB+512GB'}"
1,刚激活还没空研究,2026年1月23日,"{'机身颜色': '赛道版', '套餐类型': '官方标配', '存储容量': '16GB+1TB'}"
1,音质不错，然后屏幕也可以，没有刺眼，玩游戏也行。我就更新了一遍，其他暂时没有问题。速度挺快的。也不卡。,2025年11月10日,"{'机身颜色': 'iQOO✖️王者荣耀十周年典藏版', '套餐类型': '官方标配', '存储容量': '16GB+512GB'}"
1,性能&游戏体验拉满：《原神》《王者》满帧不卡顿 7电池日常用一天一充，45分钟满电，早起补电不耽误出门。 ,2025年11月10日,"{'机身颜色': '传奇版', '套餐类型': '官方标配', '存储容量': '16GB+1TB'}"
1,iQOO15凌云配色太好看了，非常喜欢，直接入手顶配版极限跑分能到406万，性能强悍，日常体验挺丝滑的，拍照也不错，完全满足我的拍照需求。目前虽然还有不少bug，不过相信蓝厂会一点点修复让iQOO是15越来越香！,2025年11月13日,"{'机身颜色': '凌云', '套餐类型': '官方标配', '存储容量': '16GB+1TB'}"
1,手里的iQOO5PRO已经用了将近五年，正好新品上市看了手机是带无线充电的，果断下手可惜手速还是慢了凌云瞬间没了，买了预售的提前两天发货，第二天就送到家里，还送了耳机音响，使用了大半个月非常流畅以后还会继续支持iQOO,2025年11月13日,"{'机身颜色': '凌云', '套餐类型': '官方标配', '存储容量': '16GB+512GB'}"
1,1. 骁龙8至尊+Q3芯片超能打，2K护眼屏清晰顺滑，7000mAh续航+100W快充，用着超省心！ 2. 电竞级性能稳帧不发烫，三星珠峰屏护眼通透，全焦段拍照能打，续航充电双在线！ 3. OriginOS6流畅丝滑，2K+144Hz屏观感绝，大电池扛一天，游戏办公都靠谱～,2025年11月13日,"{'机身颜色': '凌云', '套餐类型': '官方标配', '存储容量': '16GB+512GB'}"
1,商家发货速度快。客服服务态度好。手机颜值高。运行流畅，游戏视频无压力。,2025年11月20日,"{'机身颜色': '传奇版', '套餐类型': '官方标配', '存储容量': '12GB+256GB'}"
1,iQOO15真是超乎我的期待！手机运行速度快如闪电，无论是玩游戏还是处理工作文件都毫无压力。外观设计时尚前卫，握在手上感觉既舒适又有质感。电池续航力强大，让我在外面奔波一整天也不用担心电量问题。摄像头拍照效果惊艳，清晰捕捉每个细节。iQOO15无疑是我用过的最出色的手机之一。,2025年11月20日,"{'机身颜色': '传奇版', '套餐类型': '官方标配', '存储容量': '16GB+1TB'}"
1,手机很不错，系统很好用，喜欢,2026年1月22日,"{'机身颜色': '凌云', '套餐类型': '官方标配', '存储容量': '16GB+1TB'}"
1,通信音质：很好 其他特色：很多小功能 显示效果：很好  买给男朋友打游戏的，他说很不错 ,2025年11月24日,"{'机身颜色': '旷野', '套餐类型': '官方标配', '存储容量': '16GB+512GB'}"
1,好用  响应速度快 打游戏满血全开 打王者能开到144帧率  对我来说是一款水桶机  各个方面都很均衡,2025年11月24日,"{'机身颜色': '传奇版', '套餐类型': '官方标配', '存储容量': '16GB+512GB'}"
1,客服服务态度很棒有问必答。手机运行丝滑流畅，搭配上2k三星屏幕，不管刷视频还是玩游戏都是非常的顶，值得入手。,2025年11月24日,"{'机身颜色': '凌云', '套餐类型': '官方标配', '存储容量': '12GB+256GB'}"
1,专门为了打王者买的，手感很不错，看着太舒服了，系统优化也够贴心，不管是游戏党追求的极致操控，还是日常使用需要的续航与流畅都完美拿捏，这手机买的合适 ,2025年11月24日,"{'机身颜色': '凌云', '套餐类型': '官方标配', '存储容量': '16GB+512GB'}"
1,这是第二次买iQOO的手机了，这第一次的iQOO15简直戳到了我的心巴上，7000毫安的电池可以用很久，最新的处理器玩游戏再也不卡了，又可以用很久了,2025年11月16日,"{'机身颜色': '传奇版', '套餐类型': '官方标配', '存储容量': '16GB+1TB'}"
1,嗯，使用了一下朋友的爱酷手机，这次换手机果断入手的最新款的旗舰机，手机挺好用的，颜值画面十分能打,2025年11月16日,"{'机身颜色': '凌云', '套餐类型': '官方标配', '存储容量': '16GB+512GB'}"
1,这物流速度挺快的，隔天就收到了，性价比很高。很喜欢它的颜值，颜色也挺好看，非常实用。,2025年11月16日,"{'机身颜色': '凌云', '套餐类型': '官方标配', '存储容量': '16GB+512GB'}"
1,手机发的顺丰快递很快就收到了，屏幕显示效果很棒，拍照也比上一代要好很多，系统丝滑流畅不卡顿，打游戏也不掉帧，不错,2025年11月16日,"{'机身颜色': '凌云', '套餐类型': '官方标配', '存储容量': '16GB+1TB'}"
1,该用户未填写评价内容,2025年11月16日,"{'机身颜色': '传奇版', '套餐类型': '官方标配', '存储容量': '16GB+512GB'}"
1,很服贴，好用，客服宝宝态度超好👍🥰,2026年1月21日,"{'机身颜色': '旷野', '套餐类型': '官方标配', '存储容量': '16GB+256GB'}"
1,好用，服务不错！,2026年2月24日,"{'机身颜色': '凌云', '套餐类型': '官方标配', '存储容量': '12GB+512GB'}"
1,发货满慢了点。旗舰机质感就是不一样，手感细腻，磨砂不粘指纹，屏幕也清晰，在阳光下也依然能看清，而且调光的速度比较快了，拍照主摄还行，长焦没vivox系列好，但也够用。性能强，喜欢橘子系统，后台保活能力强，多任务切换流畅好用，王者能开144，效果很好，后置灯光很好看，正正的水桶旗舰。还能吃国补，真香。 显示效果：清晰通透 通信音质：好 其他特色：屏幕大，声音振动都可以。,2025年10月30日,"{'机身颜色': '传奇版', '套餐类型': '官方标配', '存储容量': '16GB+1TB'}"
1,该用户未填写评价内容,2025年12月9日,"{'机身颜色': '旷野', '套餐类型': '官方标配', '存储容量': '16GB+512GB'}"
1, 也是iQOO多年老用户了，凌云背板造型不用说的，屏幕与电量有极大提升，但是系统UI应该再磨合一下，还需要进一步更新调整,2025年11月9日,"{'机身颜色': '凌云', '套餐类型': '官方标配', '存储容量': '16GB+1TB'}"
1,手机外观好看是我喜欢的款式！游戏效果不错很满意.续航版本更新过一次一天一冲完全没问题 电池可以的.三星屏设置好看着效果可以.拍照感觉还可以吧 后面两张站远一点放大拍出来的.感觉完全够用！到现在也没出现什么问题.希望一直都不会有问题  嘿嘿,2025年11月9日,"{'机身颜色': '传奇版', '套餐类型': '官方标配', '存储容量': '16GB+1TB'}"
1,手机不错，流畅，打游戏确实可以，手机外壳的质感我很喜欢，送的东西也满意，可以入，我记得这个款式是最好的，当然不买这个款式的话用其他手机壳也OK,2025年11月9日,"{'机身颜色': '凌云', '套餐类型': '官方标配', '存储容量': '16GB+512GB'}"
1,屏幕显示效果特别细腻，色彩精准，握持手感佳，玩游戏帧数高不卡顿，发热情况也不错，外观很好看，系统特别流畅。,2025年11月9日,"{'机身颜色': '传奇版', '套餐类型': '官方标配', '存储容量': '12GB+256GB'}"
1,🎁宝贝质量很好，性能很棒！收到货第一时间打开看了，很不错👍，很满意😃，客服也有问必答，感谢🙏,2025年11月12日,"{'机身颜色': '凌云', '套餐类型': '官方标配', '存储容量': '16GB+1TB'}"
1,机器品相很好，商家也送了赠品，非常不错购物体验，值得推荐一款型号！！,2025年11月12日,"{'机身颜色': 'iQOO✖️王者荣耀十周年典藏版', '套餐类型': '官方标配', '存储容量': '16GB+512GB'}"
1,手机非常的帅气好用 系统非常的流畅 手感一级帮的 一直支持这个iqoo手机 这次的体验感真的很不错值得购买哈哈哈哈😂 听我的买了没错啊,2025年11月12日,"{'机身颜色': '赛道版', '套餐类型': '官方标配', '存储容量': '12GB+256GB'}"
1,屏幕用的三星的2k屏，色彩非常鲜艳，看起来非常不错潜望镜头用起来效果很好，充电也挺快的，超大电池可以用整整一天，非常的不错。,2025年11月12日,"{'机身颜色': '凌云', '套餐类型': '官方标配', '存储容量': '16GB+1TB'}"
1,从第一代买到现在了，质感品控都不错，暂时没有深度游戏过，玩王者画质拉满，亮度拉高，一个小时耗电15左右，算下来100/15=6.67，差不多能玩6-7小时。还是很耐用的，毕竟屏幕2K，推荐！！ ,2025年11月12日,"{'机身颜色': '传奇版', '套餐类型': '官方标配', '存储容量': '16GB+256GB'}"
1,拿到了三天了，实际使用流畅性很高，玩游戏很舒服，屏幕质感很高，👍十分有十分推荐哦，棒棒的,2025年11月12日,"{'机身颜色': '凌云', '套餐类型': '官方标配', '存储容量': '16GB+512GB'}"
1,这次颜色我选了传奇版，我本来准备选凌云的，但是实机我去看了，传奇版我感觉更有质感，我更喜欢。 ,2025年11月12日,"{'机身颜色': '传奇版', '套餐类型': '官方标配', '存储容量': '12GB+256GB'}"
1,通信音质：挺好 游戏音效比某音博主所说的要好一点，屏幕除了边框稍厚一点完全没毛病，2k就是比1.5k强，别杠杠就是你赢。但想想2k看电影或者换机时比对自己以前的2k手机，会给你答案。性能没的说我随便跑了一次看图。其他也没啥夸的了，至少我实体店比对某加15，多开iqoo更丝滑。 ,2025年11月12日,"{'机身颜色': '凌云', '套餐类型': '官方标配', '存储容量': '16GB+1TB'}"
1,是理想中的产品，质量不错，物流也很快，值得点赞是理想中的产品，质量不错，物流也很快，值得点赞,2025年11月12日,"{'机身颜色': '凌云', '套餐类型': '官方标配', '存储容量': '16GB+1TB'}"
1,感觉实物比图片更好看，价格和质量成正比，这次购物非常满意，喜欢的宝宝赶紧下手,2025年11月19日,"{'机身颜色': '传奇版', '套餐类型': '官方标配', '存储容量': '12GB+256GB'}"
1,手机刚买回来，物流挺快的，手机打游戏嘎嘎猛，巴适的很可以放心购买,2025年11月19日,"{'机身颜色': '传奇版', '套餐类型': '官方标配', '存储容量': '16GB+512GB'}"
1,iqoo 15简直是神机😍。6.85英寸2K三星屏超清晰，玩游戏超稳。入手一段时间，体验良好。第五代骁龙8至尊版性能强劲，LPDDR5X Ultra+UFS4.1组合读写快。7000mAh电池搭配100W有线+40W无线闪充，续航无忧。后置三摄成像出色，值得推荐👍。,2025年11月1日,"{'机身颜色': '凌云', '套餐类型': '官方标配', '存储容量': '16GB+512GB'}"
1,iqoo凌云配色很不错，屏幕采用三星屏，很通透，刷新率也有144HZ搭配7000mmAh大容量电池，日常使用体验很好,2025年11月23日,"{'机身颜色': '凌云', '套餐类型': '官方标配', '存储容量': '16GB+512GB'}"
1,iQOO×王者荣耀十周年典藏版的外观太戳我了!机身融入王者元素，细节拉满，拿在手里既有电竞感又有收藏价值，光看颜值就觉得超值～ 性能表现 上手后打游戏特别流畅，第五代骁龙 8 处理器加持，温控做得也不错，长时间玩王者手机也不会发烫，上分体验直接拉满! ,2025年11月6日,"{'机身颜色': 'iQOO✖️王者荣耀十周年典藏版', '套餐类型': '官方标配', '存储容量': '16GB+512GB'}"
1,上一台iqoo真是用了5年才退休，性能等各方面是真没的说，要不是之前电池不行了，估计还不会换。 这次的新机很惊艳了，无论是操作速度，手感，和打游戏的流畅度都没的说，系统方面也是增加了很多便利也非常流畅，一直宣传的2k屏也是一绝。总体来说是真的用着很舒服的一台手机,2025年11月6日,"{'机身颜色': '赛道版', '套餐类型': '官方标配', '存储容量': '12GB+256GB'}"
1,iQOO15真的太香了！传奇版的配色高级感满满，拿在手里质感十足。16GB大内存运行丝滑流畅，玩游戏、刷视频完全不卡顿，续航能力也很给力，一天下来电量还剩不少。拍照效果清晰，随手一拍就是大片，强烈推荐！,2025年11月6日,"{'机身颜色': '传奇版', '套餐类型': '官方标配', '存储容量': '16GB+512GB'}"
1,期待已久的梦中情机，终于等到一部各方面性能都比较出色的手机了，运行畅快，拍照清晰，续航很好，直屏+影像+水桶，拍照效果卓越，屏幕显示效果非常棒，各方面都非常完美！,2025年11月15日,"{'机身颜色': '传奇版', '套餐类型': '官方标配', '存储容量': '12GB+256GB'}"
1,首次入手iqoo这款产品 颜值很高质量也很好 打游戏微微发热不卡顿 赠品也赋予的特别多 售后服务态度特别好 ,2025年11月15日,"{'机身颜色': '传奇版', '套餐类型': '官方标配', '存储容量': '16GB+512GB'}"
1,iQOO13换过来，年年换新机，也对比了x300，还是iQOO15好一点。电池更新几次系统后有增强。就是充电比上一代都慢了.... 通信音质：好，没问题。 其他特色：做工比iQOO13更精致一点。 显示效果：亮！比iQOO13亮很多，建议贴个AR抗反射钢化膜，大太阳底下真的完完全全看得清了！,2025年11月3日,"{'机身颜色': '赛道版', '套餐类型': '官方标配', '存储容量': '16GB+512GB'}"
1,收到手机使用了一段时间，感觉还可以的。,2025年12月23日,"{'机身颜色': '凌云', '套餐类型': '官方标配', '存储容量': '16GB+1TB'}"
1,用了几天感觉还可以，不玩游戏待机一天半左右,2025年11月18日,"{'机身颜色': '传奇版', '套餐类型': '官方标配', '存储容量': '16GB+1TB'}"
1,该用户觉得商品非常好，给出5星好评,2025年11月18日,"{'机身颜色': '凌云', '套餐类型': '官方标配', '存储容量': '16GB+512GB'}"
1,打游戏非常丝滑，凌云配色很好看，非常满意。,2025年11月18日,"{'机身颜色': '凌云', '套餐类型': '官方标配', '存储容量': '16GB+1TB'}"
1,iQOO 15搞这么酷想迷死谁 最近这批新机， iQOO 15的设计是我觉得最有个性的一个尤其是凌 云配色，第一眼你会被它很有层次感的后盖吸引， 拿在手上转动，后盖还会随着角度进行变色，灰里 透红的酷谁懂 细节上，这次iQOO15的镜头也有 一圈可以调节颜色的氛围灯，你可以拿来装饰，也 可以获知手机的实时状态，兼顾功能和美观，对于 玩游戏的宝子，那就属于是战力加成了 除了凌 云，我也特别喜欢这一代的传奇版,2025年11月18日,"{'机身颜色': '传奇版', '套餐类型': '官方标配', '存储容量': '16GB+512GB'}"
1,使用5天后的感受是手机的重量比爱酷8重些，也比爱酷8总体都大些，打开APP速度快，手机耗电量慢，充满电可以玩一天的游戏，如果不玩游戏，只是简单的使用和刷视频可以用两天，打游戏很顺畅，充电打游戏有些温热，属于正常现象，没有出现发烫，就是后面的四个镜头太大了，容易刮花，要贴膜保护下 通信音质：声音挺大声的,2025年11月18日,"{'机身颜色': '凌云', '套餐类型': '官方标配', '存储容量': '16GB+1TB'}"
1,"王者荣耀十周年的iqoo15联名礼盒机器非常不错,质感好打游戏流畅,非常的帅气 ",2025年11月18日,"{'机身颜色': 'iQOO✖️王者荣耀十周年典藏版', '套餐类型': '官方标配', '存储容量': '16GB+512GB'}"
1,通信音质：我只能说超级绝妙，真的很不错的一款！！ 其他特色：我一直用的iqoo手机，属于是死忠粉了，真的，我特别喜欢这个品牌，也一直用的这个品牌。 显示效果：亮度，帧率，续航都非常不错，充一次够玩儿一整天了。 真的很喜欢！！！！！！,2025年11月18日,"{'机身颜色': '赛道版', '套餐类型': '官方标配', '存储容量': '16GB+512GB'}"
1,物流很快，手机丝滑，背板好看，是我想要的，电池耐用，摆脱电量焦虑了，通话声音够大，,2025年11月8日,"{'机身颜色': '凌云', '套餐类型': '官方标配', '存储容量': '16GB+512GB'}"
1,手感非常好，系统非常丝滑，王者可以开144超高帧率，很喜欢，这一次我买给了那个曾经羡慕别人的自己,2025年11月8日,"{'机身颜色': '凌云', '套餐类型': '官方标配', '存储容量': '16GB+512GB'}"
1,收到货了，非常不错，大内存很好，以前第一代iqoo的粉丝，用了好几个手机，又重新换回来，非常好，凌云的很漂亮。图片就是用新手机拍的,2025年11月8日,"{'机身颜色': '凌云', '套餐类型': '官方标配', '存储容量': '16GB+1TB'}"
1,vivo耳机音质真不错🎧，使用体验非常满意，细节处理也很到位👍。手机外观设计很酷炫，握持感舒适✨。性能也挺稳定，玩起游戏来流畅无卡顿，整体感觉非常棒！强烈推荐给大家！,2025年11月8日,"{'机身颜色': '凌云', '套餐类型': '官方标配', '存储容量': '12GB+256GB'}"
1,通信音质：特别好，很喜欢，值得购买是正品 其他特色：屏幕很清晰，特别棒，是我想要的感觉 显示效果：显示效果很好，是值得这个价位的，赠品也挺多，挺漂亮的机身，凌云很美买的手机和赠品不是一起发货，是先发手机，再发赠品的，买的要看好了！！,2025年11月8日,"{'机身颜色': '凌云', '套餐类型': '官方标配', '存储容量': '16GB+1TB'}"
1,屏幕很润，舒服。屏幕效果：屏幕清晰，看着很清晰。手机外观设计简约大气，手感舒适，屏幕显示效果非常出色，色彩鲜艳，让人爱不释手。,2025年11月22日,"{'机身颜色': '凌云', '套餐类型': '官方标配', '存储容量': '16GB+1TB'}"
1,续航能力还可以，但是没有我想象中的可以，非常容易发热，我没玩游戏，单纯的设置了一下vivo账号的形象，手机就很热了，拍照就别想了，太一般，但本来也不是为了拍照买的，作为一个备用机玩游戏还是很够用了，但是没有蹲首发，所以没什么赠品,2025年11月22日,"{'机身颜色': '旷野', '套餐类型': '官方标配', '存储容量': '16GB+1TB'}"
1,这款iQOO 15是目前我用iQOO手机性能最好之一，搭载了骁龙八至尊版 自研芯片Q3不管是打游戏刷视频都杠杠的，没问题，运行速度快😍😍，尤其是这款典藏版的颜值很高,2025年11月11日,"{'机身颜色': 'iQOO✖️王者荣耀十周年典藏版', '套餐类型': '官方标配', '存储容量': '16GB+512GB'}"
1,M14屏幕显示清晰细腻透亮有层次感，护眼效果好，性能很强，打游戏不热。大电池，续航持久,2025年11月11日,"{'机身颜色': '传奇版', '套餐类型': '官方标配', '存储容量': '16GB+256GB'}"
1,用起来非常流畅，电池也非常耐用，后盖摸起来非常有质感，iqoo手机第一次用，希望能耐用，上个手机nova6用了快5年，现在退役给家人用，还能打，希望iqoo也能如此。,2025年11月11日,"{'机身颜色': '凌云', '套餐类型': '官方标配', '存储容量': '16GB+512GB'}"
1,一直在用iqoo，非常完美，手感很好，15是兼具性能和颜值的一款手机，手机玩游戏一点不带卡的，希望iqoo越做越好，强强强,2025年11月11日,"{'机身颜色': '凌云', '套餐类型': '官方标配', '存储容量': '16GB+512GB'}"
1,屏幕显示和音效都不错，系统一如既往流畅好用，如果你喜欢打王者，那就更不要错过这一款。,2025年11月11日,"{'机身颜色': 'iQOO✖️王者荣耀十周年典藏版', '套餐类型': '官方标配', '存储容量': '16GB+512GB'}"
1,第三个iQOO的手机了，本来13还能用，但是凌云太帅了，还是买了15，单论外观来说15的边框也感觉质感更好，玩游戏什么的画质也更高，要是有Pro和Ulat不知道会不会又被诱惑😏,2025年11月11日,"{'机身颜色': '凌云', '套餐类型': '官方标配', '存储容量': '16GB+1TB'}"
1,手机外观大气上档次，打游戏运行速度极快，画面流畅。 按时发货速度很快，商家信誉很高。是一次很愉快的购机体验。 通信音质：好 其他特色：大气  显示效果：出众,2025年11月11日,"{'机身颜色': '凌云', '套餐类型': '官方标配', '存储容量': '16GB+512GB'}"
1,手机挺不错的 物流很快,2026年1月17日,"{'机身颜色': '传奇版', '套餐类型': '官方标配', '存储容量': '12GB+512GB'}"
1,绿色的手机很好看哦，电池容量也不错。感觉手机的手感很可以，就是有点重。整体画面感觉很不错哦。很喜欢，一直用iqoo。玩游戏体验很不错，这次摄影也有提升。,2025年11月14日,"{'机身颜色': '旷野', '套餐类型': '官方标配', '存储容量': '16GB+512GB'}"
1,通信音质：声音清晰，无杂音，扬声器听音乐也是非常的到位 显示效果：这次采用的三星2k屏幕，真的非常好。显示效果很好。也很护眼 其他特色：氛围灯光效也是可以自主选择定制。尤其这次的橘子6系统特别好     首发即买。发货到手很快，包装的也很到位，一如既往的相信官方，送的东西非常适用，总之还是会买iqoo的产品,2025年10月24日,"{'机身颜色': '传奇版', '套餐类型': '官方标配', '存储容量': '12GB+256GB'}"
1,新机到手啦，这次IQOO15屏幕的提升真的非常巨大，打游戏巨爽！等不及要下载游戏体验一下啦，推荐推荐 通信音质：通信声音清晰，再也不怕小伙伴的交流不顺畅了 其他特色：续航时间长游戏党必备 显示效果：屏幕通透，清晰护眼 ,2025年10月24日,"{'机身颜色': '赛道版', '套餐类型': '官方标配', '存储容量': '12GB+256GB'}"
1,凌云非常好看且帅气，用了一段时间了手机质量非常的好，游戏也运行的十分流畅，强烈推荐，游戏机里真的没毛病，把我的暖暖拍的上分清晰且美丽,2025年11月21日,"{'机身颜色': '凌云', '套餐类型': '官方标配', '存储容量': '16GB+512GB'}"
1,iqoo15收到 男朋友很喜欢以后也会继续支持的 就是为啥我看别人都有送无线耳机我男朋友的没有呢,2025年11月21日,"{'机身颜色': '凌云', '套餐类型': '官方标配', '存储容量': '16GB+512GB'}"
1,外观设计还行，颜色很有特点，价格略贵，物流预售很久，拍照不错，这次比老款薄了一点，有赠品手环等，包装很好。,2025年11月21日,"{'机身颜色': '凌云', '套餐类型': '官方标配', '存储容量': '16GB+1TB'}"
1,给我爸爸和妈妈买的，两人很满意，手机性能很好电池也很大，相机也能满足我妈**需求。,2025年11月17日,"{'机身颜色': '凌云', '套餐类型': '官方标配', '存储容量': '16GB+512GB'}"
1,手感很好打游戏不会烫手质感还是很好的，不错好评点赞👍,2025年11月17日,"{'机身颜色': '传奇版', '套餐类型': '官方标配', '存储容量': '16GB+512GB'}"
1,通信音质：清楚 其他特色：包装好，物流快，发货快 显示效果：打王者很不错 送男朋友的，他很喜欢，支持KPL比赛专用机 ,2025年11月17日,"{'机身颜色': 'iQOO✖️王者荣耀十周年典藏版', '套餐类型': '官方标配', '存储容量': '16GB+512GB'}"
1,运行速度快，颜值高清，非常值得推荐，送的礼品也非常好用,2025年11月17日,"{'机身颜色': '凌云', '套餐类型': '官方标配', '存储容量': '16GB+512GB'}"
1,手机系统流畅，玩游戏清晰很流畅，不卡顿，续航时间长，定制的主题很好看，挺喜欢的,2025年11月17日,"{'机身颜色': 'iQOO✖️王者荣耀十周年典藏版', '套餐类型': '官方标配', '存储容量': '16GB+512GB'}"
1,非常好看，显示效果惊艳，物超所值，电池续航也很不错，玩游戏流畅。,2025年11月17日,"{'机身颜色': '凌云', '套餐类型': '官方标配', '存储容量': '16GB+512GB'}"
1,首先在外观上设计非常的流畅，机身的薄也兼顾了电池容量，外观设计简约大方。其次是使用感上，不愧是游戏机王，打游戏非常顺滑，不卡顿，发烫的问题还可以接受，没有很烫。摄像头上也能满足拍照的需求，性价比超级高！！！很喜欢💕,2025年11月17日,"{'机身颜色': '赛道版', '套餐类型': '官方标配', '存储容量': '12GB+512GB'}"
1,从vivo叫步步高的时候就开始买，买的机器多了。为了打游戏买了红魔。这回iqoo15发布了，把我的红魔卖了，然后换了爱酷15。用到现在一切都很满意，屏幕的颜色是我喜欢的，点个赞。有一个问题就是发货太慢了。,2025年10月28日,"{'机身颜色': '凌云', '套餐类型': '官方标配', '存储容量': '16GB+512GB'}"
